Type,Air temperature [K],Process temperature [K],Rotational speed [rpm],Torque [Nm],Tool wear [min],Torque_x_Toolwear,Temp_difference
2,302.0,310.9,1456,47.2,54,2548.8,8.899999999999977
2,297.0,308.3,1399,46.4,132,6124.8,11.300000000000011
2,301.0,311.6,1357,45.6,137,6247.2,10.600000000000023
1,298.9,309.8,1411,56.3,84,4729.2,10.900000000000034
1,297.1,308.5,1733,28.7,50,1435.0,11.399999999999977
0,298.3,308.9,1706,31.8,8,254.4,10.599999999999966
2,300.7,311.0,1263,52.3,104,5439.2,10.300000000000011
0,297.6,309.0,1413,40.2,51,2050.2000000000003,11.399999999999977
2,303.9,313.2,1608,40.6,79,3207.4,9.300000000000011
0,297.3,308.6,1431,42.0,109,4578.0,11.300000000000011
1,298.9,310.1,1466,42.5,187,7947.5,11.200000000000045
1,297.9,308.6,1691,29.6,116,3433.6000000000004,10.700000000000045
1,299.2,310.7,1540,36.3,175,6352.499999999999,11.5
1,298.4,308.4,1515,40.1,179,7177.900000000001,10.0
2,300.4,309.8,1421,47.2,0,0.0,9.400000000000034
1,298.7,309.9,1617,33.0,203,6699.0,11.199999999999989
1,297.7,308.7,1249,60.4,143,8637.199999999999,11.0
1,298.9,310.0,1564,33.8,183,6185.4,11.100000000000023
1,298.1,308.7,1568,32.9,10,329.0,10.599999999999966
1,304.1,313.2,1434,50.1,43,2154.3,9.099999999999966
1,302.5,311.1,1571,34.2,201,6874.200000000001,8.600000000000023
0,299.2,308.8,1908,21.3,104,2215.2000000000003,9.600000000000023
1,299.6,310.2,1468,48.0,9,432.0,10.599999999999966
0,301.0,312.2,1489,40.3,117,4715.099999999999,11.199999999999989
1,299.1,310.5,1389,61.4,64,3929.6,11.399999999999977
1,302.4,310.2,1351,45.1,168,7576.8,7.800000000000011
1,299.1,310.5,1532,36.6,62,2269.2000000000003,11.399999999999977
1,300.6,309.6,1726,30.0,147,4410.0,9.0
1,301.7,311.2,1589,37.9,75,2842.5,9.5
1,296.8,307.5,1347,54.8,43,2356.4,10.699999999999989
1,300.7,311.8,1486,47.3,19,898.6999999999999,11.100000000000023
1,299.6,311.0,1430,38.3,124,4749.2,11.399999999999977
1,297.1,308.3,1403,54.1,179,9683.9,11.199999999999989
1,300.7,310.6,1520,45.9,146,6701.4,9.900000000000034
2,298.9,308.2,1372,63.6,30,1908.0,9.300000000000011
1,298.7,309.8,1354,53.3,212,11299.599999999999,11.100000000000023
1,299.7,309.1,1347,55.3,139,7686.7,9.400000000000034
1,300.7,309.5,1508,39.9,59,2354.1,8.800000000000011
2,303.0,312.8,1648,32.1,104,3338.4,9.800000000000011
2,300.4,311.7,1832,24.2,179,4331.8,11.300000000000011
2,302.0,311.1,1406,48.8,159,7759.2,9.100000000000023
1,298.3,308.1,1326,58.4,90,5256.0,9.800000000000011
1,298.9,310.3,1456,44.1,118,5203.8,11.400000000000034
1,298.0,308.5,1702,26.7,203,5420.099999999999,10.5
1,302.6,311.4,1738,25.8,128,3302.4,8.799999999999955
1,297.1,308.2,1347,50.8,49,2489.2,11.099999999999966
1,303.8,312.7,1664,29.3,178,5215.400000000001,8.899999999999977
1,298.6,309.8,1637,34.6,207,7162.200000000001,11.199999999999989
1,301.6,311.1,1907,21.5,102,2193.0,9.5
2,302.3,311.2,1505,36.7,78,2862.6000000000004,8.899999999999977
2,298.2,309.0,1410,47.6,76,3617.6,10.800000000000011
1,296.8,307.9,1709,28.4,118,3351.2,11.099999999999966
2,297.2,308.3,1776,28.0,43,1204.0,11.100000000000023
1,300.2,310.2,1600,31.5,23,724.5,10.0
1,301.0,310.7,1391,45.0,123,5535.0,9.699999999999989
0,298.7,309.3,1402,45.3,190,8607.0,10.600000000000023
2,298.1,307.9,1496,40.0,0,0.0,9.799999999999955
1,301.5,310.3,1415,41.6,28,1164.8,8.800000000000011
1,301.1,311.1,1711,29.1,170,4947.0,10.0
2,296.8,307.8,1664,32.8,142,4657.599999999999,11.0
1,298.2,308.4,1477,49.9,72,3592.7999999999997,10.199999999999989
2,297.4,309.0,1520,37.0,147,5439.0,11.600000000000023
2,298.9,308.9,1487,39.5,30,1185.0,10.0
1,299.3,309.1,1551,39.1,147,5747.7,9.800000000000011
1,298.3,308.2,1663,28.4,67,1902.8,9.899999999999977
2,301.0,311.0,1423,38.6,199,7681.400000000001,10.0
1,301.5,311.1,1434,49.6,129,6398.400000000001,9.600000000000023
2,300.5,311.6,1476,39.1,199,7780.900000000001,11.100000000000023
1,300.6,310.0,1425,49.5,174,8613.0,9.399999999999977
2,301.3,310.8,1455,41.2,56,2307.2000000000003,9.5
2,297.2,308.4,1863,26.0,110,2860.0,11.199999999999989
1,298.8,308.8,1523,44.4,55,2442.0,10.0
1,300.4,310.0,1769,26.1,38,991.8000000000001,9.600000000000023
1,301.6,311.1,1408,44.4,106,4706.4,9.5
2,298.7,309.6,1424,50.4,32,1612.8,10.900000000000034
1,301.5,310.7,1435,38.5,224,8624.0,9.199999999999989
2,298.0,308.1,1552,36.6,190,6954.0,10.100000000000023
2,302.2,311.6,1592,37.7,79,2978.3,9.400000000000034
1,300.6,310.4,1494,47.3,118,5581.4,9.799999999999955
2,297.5,309.4,1433,48.3,139,6713.7,11.899999999999977
1,297.3,308.7,1491,40.2,112,4502.400000000001,11.399999999999977
1,300.1,311.5,2218,17.0,123,2091.0,11.399999999999977
0,302.0,310.9,1679,29.0,222,6438.0,8.899999999999977
1,299.2,308.4,1393,48.4,35,1694.0,9.199999999999989
2,302.1,310.7,1364,47.8,213,10181.4,8.599999999999966
2,300.0,309.2,1635,32.4,4,129.6,9.199999999999989
1,301.4,310.8,1431,44.3,21,930.3,9.400000000000034
1,300.8,310.3,1537,33.3,52,1731.6,9.5
0,299.7,309.2,1572,32.8,142,4657.599999999999,9.5
2,296.8,307.9,1843,25.2,116,2923.2,11.099999999999966
0,298.0,307.7,1547,36.8,186,6844.799999999999,9.699999999999989
1,301.0,310.9,1679,29.8,64,1907.2,9.899999999999977
1,295.7,306.1,1343,54.4,119,6473.599999999999,10.400000000000034
2,299.3,310.7,1374,48.9,222,10855.8,11.399999999999977
1,300.8,309.7,1373,45.4,179,8126.599999999999,8.899999999999977
1,298.6,309.7,1627,33.4,99,3306.6,11.099999999999966
1,300.4,311.5,1492,44.6,149,6645.400000000001,11.100000000000023
1,300.4,310.5,2424,14.5,12,174.0,10.100000000000023
1,301.3,310.5,1365,47.7,70,3339.0,9.199999999999989
1,300.0,309.6,1694,28.7,94,2697.7999999999997,9.600000000000023
1,301.4,310.3,2203,16.6,169,2805.4,8.900000000000034
1,302.4,310.9,1469,39.6,86,3405.6,8.5
2,297.3,308.6,1584,29.4,141,4145.4,11.300000000000011
2,304.2,313.6,1424,43.7,151,6598.700000000001,9.400000000000034
1,298.9,310.0,1719,27.3,58,1583.4,11.100000000000023
1,297.4,309.2,1620,33.2,28,929.6000000000001,11.800000000000011
1,302.1,311.2,1454,46.8,0,0.0,9.099999999999966
1,301.9,310.9,1486,40.3,6,241.79999999999998,9.0
1,297.2,308.5,1550,41.5,125,5187.5,11.300000000000011
2,298.0,308.9,1339,51.4,68,3495.2,10.899999999999977
1,300.2,311.6,1999,21.0,19,399.0,11.400000000000034
1,296.9,308.0,1546,31.1,11,342.1,11.100000000000023
0,303.5,312.8,1404,55.8,84,4687.2,9.300000000000011
1,297.2,308.5,1494,39.6,181,7167.6,11.300000000000011
1,302.1,311.5,1987,20.1,21,422.1,9.399999999999977
1,300.6,310.8,1378,51.2,119,6092.8,10.199999999999989
1,302.6,312.4,1398,41.6,40,1664.0,9.799999999999955
0,298.7,309.7,1697,29.8,74,2205.2000000000003,11.0
1,296.7,308.0,1451,50.7,197,9987.900000000001,11.300000000000011
2,300.5,311.9,1370,44.8,20,896.0,11.399999999999977
1,301.3,311.1,1560,35.3,55,1941.4999999999998,9.800000000000011
2,300.9,311.0,1567,34.3,130,4459.0,10.100000000000023
1,303.7,312.7,1395,53.9,123,6629.7,9.0
0,301.0,310.9,1495,37.3,21,783.3,9.899999999999977
2,303.6,312.7,2174,17.6,37,651.2,9.099999999999966
2,297.5,309.1,1540,38.5,176,6776.0,11.600000000000023
2,297.6,308.4,1569,38.3,93,3561.8999999999996,10.799999999999955
1,302.3,311.7,2170,18.2,91,1656.2,9.399999999999977
1,298.0,308.5,1713,25.3,124,3137.2000000000003,10.5
1,302.7,312.4,1477,46.3,251,11621.3,9.699999999999989
0,297.1,308.0,1559,38.8,229,8885.199999999999,10.899999999999977
1,300.3,309.2,1649,32.4,50,1620.0,8.899999999999977
1,300.2,309.7,1448,36.8,14,515.1999999999999,9.5
1,298.3,309.4,1356,45.4,96,4358.4,11.099999999999966
1,301.8,310.7,1597,30.8,74,2279.2000000000003,8.899999999999977
1,299.0,310.2,1516,35.3,102,3600.6,11.199999999999989
2,302.2,311.3,1510,37.1,10,371.0,9.100000000000023
2,299.2,308.4,1330,51.2,56,2867.2000000000003,9.199999999999989
2,300.2,309.5,1500,45.7,89,4067.3,9.300000000000011
1,301.6,310.7,1683,29.7,131,3890.7,9.099999999999966
1,299.9,310.4,1419,45.7,178,8134.6,10.5
1,298.6,309.0,1469,46.0,4,184.0,10.399999999999977
1,300.9,311.0,2235,15.8,156,2464.8,10.100000000000023
1,301.9,310.8,1400,58.2,79,4597.8,8.900000000000034
2,298.2,308.3,1448,43.3,199,8616.699999999999,10.100000000000023
1,298.2,308.9,1367,45.0,85,3825.0,10.699999999999989
2,298.6,309.1,1587,37.3,203,7571.9,10.5
1,300.5,309.9,1480,40.0,148,5920.0,9.399999999999977
1,300.8,310.2,1850,22.8,33,752.4,9.399999999999977
1,298.1,308.6,1558,42.4,14,593.6,10.5
1,297.1,308.1,1446,36.6,227,8308.2,11.0
0,302.3,311.8,1475,42.8,38,1626.3999999999999,9.5
1,301.1,310.6,1611,35.2,70,2464.0,9.5
1,300.4,310.5,1578,32.8,26,852.8,10.100000000000023
2,297.3,308.5,1710,27.7,138,3822.6,11.199999999999989
1,302.5,310.5,1520,41.2,154,6344.8,8.0
2,302.2,310.7,1601,33.0,166,5478.0,8.5
1,297.2,308.6,1636,31.3,192,6009.6,11.400000000000034
1,297.1,307.8,1636,30.3,90,2727.0,10.699999999999989
2,296.2,307.2,1552,34.8,8,278.4,11.0
1,300.3,311.4,1318,52.7,13,685.1,11.099999999999966
1,299.8,309.2,1400,42.6,210,8946.0,9.399999999999977
0,298.6,309.5,1420,50.4,82,4132.8,10.899999999999977
1,301.9,310.8,1906,21.7,62,1345.3999999999999,8.900000000000034
1,302.1,310.8,1565,35.3,6,211.79999999999998,8.699999999999989
1,302.4,311.1,1905,20.9,77,1609.3,8.700000000000045
2,298.6,309.8,1419,44.9,115,5163.5,11.199999999999989
1,296.9,307.8,1285,52.1,100,5210.0,10.900000000000034
1,298.3,308.5,1664,31.6,144,4550.400000000001,10.199999999999989
1,296.8,307.9,1337,56.5,5,282.5,11.099999999999966
0,302.2,311.2,1692,28.2,122,3440.4,9.0
1,298.7,309.9,1404,47.1,64,3014.4,11.199999999999989
1,298.2,307.6,1511,31.0,209,6479.0,9.400000000000034
1,300.5,309.7,1580,42.8,196,8388.8,9.199999999999989
1,302.8,310.6,1404,43.2,203,8769.6,7.800000000000011
2,302.0,310.8,1609,35.2,4,140.8,8.800000000000011
1,299.2,308.5,1457,44.7,195,8716.5,9.300000000000011
2,299.2,308.5,1742,28.9,150,4335.0,9.300000000000011
0,302.9,311.0,1469,48.7,130,6331.0,8.100000000000023
1,297.8,308.5,1448,40.0,192,7680.0,10.699999999999989
1,297.2,308.6,1335,53.0,39,2067.0,11.400000000000034
0,297.5,308.6,1536,38.7,7,270.90000000000003,11.100000000000023
2,303.6,312.5,1607,33.7,14,471.80000000000007,8.899999999999977
1,296.8,307.9,1698,30.8,48,1478.4,11.099999999999966
0,301.2,309.8,1709,27.0,151,4077.0,8.600000000000023
1,300.8,312.4,1365,44.5,129,5740.5,11.599999999999966
1,299.7,309.6,1553,36.8,174,6403.2,9.900000000000034
2,298.1,307.4,1335,56.2,190,10678.0,9.299999999999955
1,297.2,307.9,1540,37.1,164,6084.400000000001,10.699999999999989
2,300.3,310.4,1293,49.7,37,1838.9,10.099999999999966
0,298.3,309.0,1470,38.4,10,384.0,10.699999999999989
1,300.1,309.4,1453,47.6,28,1332.8,9.299999999999955
2,299.9,309.1,1345,56.8,10,568.0,9.200000000000045
1,301.3,311.0,1539,36.9,206,7601.4,9.699999999999989
1,299.4,308.6,1492,40.5,181,7330.5,9.200000000000045
1,298.4,309.3,1395,47.6,24,1142.4,10.900000000000034
1,302.3,311.5,1387,47.3,2,94.6,9.199999999999989
1,300.9,310.9,1497,43.2,62,2678.4,10.0
1,298.8,308.5,1736,29.0,31,899.0,9.699999999999989
1,297.8,307.6,1607,30.3,62,1878.6000000000001,9.800000000000011
2,300.0,309.5,1879,22.4,79,1769.6,9.5
1,297.5,308.9,1738,24.0,195,4680.0,11.399999999999977
0,297.6,308.8,1385,44.4,181,8036.4,11.199999999999989
2,302.2,311.1,1516,33.7,158,5324.6,8.900000000000034
1,303.8,313.0,1633,32.9,207,6810.299999999999,9.199999999999989
1,300.6,310.7,1397,53.7,80,4296.0,10.099999999999966
1,297.3,308.3,1268,60.6,119,7211.400000000001,11.0
1,297.6,308.6,1529,45.3,15,679.5,11.0
2,300.2,311.0,2370,14.7,144,2116.7999999999997,10.800000000000011
1,302.4,310.1,1645,31.6,93,2938.8,7.7000000000000455
1,303.7,312.4,1702,31.2,144,4492.8,8.699999999999989
2,299.8,309.3,1640,31.1,211,6562.1,9.5
1,299.7,311.1,1574,36.4,135,4914.0,11.400000000000034
1,297.5,309.4,1650,34.6,142,4913.2,11.899999999999977
2,301.5,310.0,1417,44.6,49,2185.4,8.5
2,298.1,308.1,1456,43.7,80,3496.0,10.0
1,299.5,310.1,1585,35.2,50,1760.0000000000002,10.600000000000023
1,301.0,310.6,1493,37.8,206,7786.799999999999,9.600000000000023
2,301.7,310.7,1659,29.9,73,2182.7,9.0
1,297.3,308.4,1469,46.7,65,3035.5,11.099999999999966
2,302.2,310.1,1421,45.4,9,408.59999999999997,7.900000000000034
2,303.6,312.8,1689,33.1,16,529.6,9.199999999999989
0,298.5,309.6,1579,33.5,91,3048.5,11.100000000000023
1,300.6,310.2,1318,51.0,8,408.0,9.599999999999966
2,302.1,310.6,1517,38.9,2,77.8,8.5
1,297.1,308.2,2267,15.7,181,2841.7,11.099999999999966
1,299.4,308.6,1415,56.4,175,9870.0,9.200000000000045
1,301.0,310.7,1300,57.2,174,9952.800000000001,9.699999999999989
0,297.9,308.5,1383,44.6,184,8206.4,10.600000000000023
1,301.9,310.8,1427,47.7,92,4388.400000000001,8.900000000000034
1,299.4,309.3,1391,46.6,185,8621.0,9.900000000000034
0,299.3,310.4,1510,45.5,27,1228.5,11.099999999999966
1,300.0,311.5,1445,41.6,81,3369.6,11.5
1,298.2,309.1,1568,36.3,166,6025.799999999999,10.900000000000034
0,300.9,311.9,2140,16.5,43,709.5,11.0
1,299.6,310.9,1472,40.9,137,5603.3,11.299999999999955
2,298.5,309.6,1502,39.4,84,3309.6,11.100000000000023
1,300.6,310.0,1455,40.4,172,6948.8,9.399999999999977
1,299.1,310.6,1577,37.1,44,1632.4,11.5
1,302.5,310.3,1688,31.6,66,2085.6,7.800000000000011
1,298.9,310.0,1378,49.3,18,887.4,11.100000000000023
2,298.5,309.3,1761,27.2,49,1332.8,10.800000000000011
1,297.5,308.2,1489,40.7,141,5738.700000000001,10.699999999999989
2,297.7,309.0,1531,42.4,38,1611.2,11.300000000000011
0,297.4,308.2,1359,46.9,199,9333.1,10.800000000000011
1,301.7,310.6,1660,28.7,66,1894.2,8.900000000000034
1,301.0,311.9,1889,23.5,198,4653.0,10.899999999999977
1,302.3,310.1,1353,50.9,36,1832.3999999999999,7.800000000000011
1,298.3,309.1,1616,31.1,195,6064.5,10.800000000000011
2,299.2,309.1,1503,34.7,6,208.20000000000002,9.900000000000034
2,297.5,308.0,1560,39.0,141,5499.0,10.5
1,299.6,309.2,1422,39.8,219,8716.199999999999,9.599999999999966
2,300.5,311.4,1743,27.6,46,1269.6000000000001,10.899999999999977
2,297.2,307.9,1632,37.5,156,5850.0,10.699999999999989
1,300.1,309.3,1340,56.0,130,7280.0,9.199999999999989
2,298.0,308.5,1682,33.0,58,1914.0,10.5
0,297.6,309.6,1419,48.2,215,10363.0,12.0
1,300.7,310.9,1650,29.4,102,2998.7999999999997,10.199999999999989
1,300.8,311.9,1498,39.3,23,903.9,11.099999999999966
1,303.0,311.2,1382,50.5,203,10251.5,8.199999999999989
2,301.9,310.7,1511,37.6,70,2632.0,8.800000000000011
0,297.9,307.7,1464,43.2,97,4190.400000000001,9.800000000000011
2,301.4,310.6,1459,46.9,27,1266.3,9.200000000000045
1,298.4,308.3,1422,42.7,186,7942.200000000001,9.900000000000034
2,300.0,309.3,1413,40.7,117,4761.900000000001,9.300000000000011
2,300.5,309.5,1320,49.9,59,2944.1,9.0
2,300.3,311.3,1377,53.8,125,6725.0,11.0
1,300.6,310.0,1438,53.8,103,5541.4,9.399999999999977
1,297.9,307.8,1499,37.5,78,2925.0,9.900000000000034
1,298.8,309.6,1442,50.0,104,5200.0,10.800000000000011
1,295.6,306.0,1569,40.4,174,7029.599999999999,10.399999999999977
2,297.7,309.2,1732,28.8,152,4377.6,11.5
1,300.3,311.5,1695,25.6,43,1100.8,11.199999999999989
2,300.2,311.6,1510,47.5,146,6935.0,11.400000000000034
1,298.8,310.0,1412,46.3,107,4954.099999999999,11.199999999999989
1,298.6,309.4,1315,55.5,28,1554.0,10.799999999999955
2,297.7,307.3,1365,49.2,36,1771.2,9.600000000000023
1,297.4,308.2,1639,33.8,39,1318.1999999999998,10.800000000000011
2,302.5,311.5,1481,41.1,215,8836.5,9.0
1,300.0,309.6,1452,46.0,51,2346.0,9.600000000000023
2,296.6,307.5,1734,27.0,50,1350.0,10.899999999999977
2,302.6,312.3,1454,54.8,253,13864.4,9.699999999999989
1,298.2,308.8,1302,60.4,34,2053.6,10.600000000000023
1,295.8,306.5,1568,35.1,111,3896.1000000000004,10.699999999999989
1,297.4,308.4,1369,50.6,220,11132.0,11.0
0,301.2,310.6,1352,52.0,69,3588.0,9.400000000000034
1,300.8,311.8,1928,21.8,209,4556.2,11.0
2,300.8,310.7,1924,22.4,36,806.4,9.899999999999977
0,301.7,310.2,1620,30.8,42,1293.6000000000001,8.5
1,302.0,311.0,1420,45.9,144,6609.599999999999,9.0
1,300.4,311.7,1513,40.0,51,2040.0,11.300000000000011
0,300.6,311.7,1535,33.3,92,3063.6,11.099999999999966
2,297.2,308.3,1326,57.2,100,5720.0,11.100000000000023
1,299.0,308.5,1559,38.1,194,7391.400000000001,9.5
2,302.4,311.8,1557,31.5,49,1543.5,9.400000000000034
2,297.1,308.0,1690,25.6,159,4070.4,10.899999999999977
1,299.3,308.5,1589,32.7,74,2419.8,9.199999999999989
1,298.8,308.9,1527,32.4,189,6123.599999999999,10.099999999999966
2,297.5,308.5,1484,44.7,40,1788.0,11.0
1,298.3,308.1,1840,21.5,88,1892.0,9.800000000000011
2,301.1,310.0,1433,48.1,14,673.4,8.899999999999977
1,302.1,311.2,1460,46.9,198,9286.199999999999,9.099999999999966
0,300.8,309.9,2041,19.2,194,3724.7999999999997,9.099999999999966
0,300.8,311.9,1431,48.5,25,1212.5,11.099999999999966
1,300.7,310.4,1366,52.6,205,10783.0,9.699999999999989
1,302.0,311.2,1434,44.9,15,673.5,9.199999999999989
2,299.8,310.0,1632,33.7,172,5796.400000000001,10.199999999999989
1,299.8,311.3,1727,30.0,24,720.0,11.5
2,301.1,311.3,1836,22.8,31,706.8000000000001,10.199999999999989
1,297.5,308.9,1390,47.4,187,8863.8,11.399999999999977
2,300.4,309.4,1362,42.1,182,7662.2,9.0
2,301.7,311.0,1311,46.8,136,6364.799999999999,9.300000000000011
1,298.2,308.3,1402,51.0,141,7191.0,10.100000000000023
1,299.4,308.5,1845,22.9,76,1740.3999999999999,9.100000000000023
2,300.8,310.4,1518,36.0,59,2124.0,9.599999999999966
2,296.9,307.9,1385,44.8,144,6451.2,11.0
1,300.3,309.9,1393,56.1,12,673.2,9.599999999999966
1,298.1,309.0,1437,36.2,95,3439.0000000000005,10.899999999999977
1,300.2,311.4,1495,43.6,95,4142.0,11.199999999999989
1,298.9,309.9,1590,31.3,98,3067.4,11.0
1,301.8,310.7,1644,33.4,68,2271.2,8.899999999999977
2,300.3,309.6,1419,42.5,137,5822.5,9.300000000000011
1,298.2,308.3,2051,19.2,90,1728.0,10.100000000000023
1,297.5,309.6,1312,50.7,0,0.0,12.100000000000023
1,300.0,309.2,1566,34.4,18,619.1999999999999,9.199999999999989
1,303.6,312.6,1502,39.5,103,4068.5,9.0
2,300.5,309.4,1655,32.1,37,1187.7,8.899999999999977
0,302.5,312.0,1357,42.0,179,7518.0,9.5
2,302.4,311.4,1675,29.6,128,3788.8,9.0
1,297.4,308.5,1692,34.3,83,2846.8999999999996,11.100000000000023
2,299.8,309.3,1663,35.2,208,7321.6,9.5
1,299.0,308.6,1329,60.5,120,7260.0,9.600000000000023
2,301.9,310.7,1472,47.0,73,3431.0,8.800000000000011
1,300.1,309.1,1551,33.7,214,7211.8,9.0
1,298.2,308.9,1336,45.0,66,2970.0,10.699999999999989
2,298.6,309.2,1311,46.6,44,2050.4,10.599999999999966
2,299.6,309.3,1553,32.4,112,3628.7999999999997,9.699999999999989
2,298.1,308.9,1417,39.2,65,2548.0,10.799999999999955
1,298.6,309.0,1456,47.7,0,0.0,10.399999999999977
2,299.5,310.1,1359,61.1,67,4093.7000000000003,10.600000000000023
1,301.0,311.6,1461,40.6,154,6252.400000000001,10.600000000000023
1,300.4,309.9,1376,43.5,74,3219.0,9.5
2,302.2,311.4,1432,45.3,33,1494.8999999999999,9.199999999999989
2,301.4,310.6,1459,35.0,87,3045.0,9.200000000000045
1,299.4,309.3,1366,48.4,116,5614.4,9.900000000000034
1,298.7,309.8,1546,40.9,109,4458.099999999999,11.100000000000023
2,298.8,309.7,1480,38.1,157,5981.7,10.899999999999977
1,298.3,308.1,1505,46.1,80,3688.0,9.800000000000011
2,302.5,311.4,1629,31.7,225,7132.5,8.899999999999977
1,298.0,308.9,1406,40.9,77,3149.2999999999997,10.899999999999977
1,297.8,309.2,1400,56.9,34,1934.6,11.399999999999977
1,297.4,308.5,1389,39.2,54,2116.8,11.100000000000023
2,302.0,311.3,1725,27.7,23,637.1,9.300000000000011
1,299.2,308.4,1436,41.8,28,1170.3999999999999,9.199999999999989
1,298.2,307.6,1369,54.5,82,4469.0,9.400000000000034
2,298.3,309.6,1681,27.1,194,5257.400000000001,11.300000000000011
1,300.7,311.1,1427,50.3,137,6891.099999999999,10.400000000000034
1,301.4,310.8,1698,29.6,99,2930.4,9.400000000000034
1,296.9,307.7,1653,35.9,177,6354.3,10.800000000000011
2,295.6,306.1,1651,28.1,110,3091.0,10.5
2,298.5,308.6,1897,20.2,50,1010.0,10.100000000000023
0,297.9,307.9,1406,58.5,93,5440.5,10.0
1,301.2,310.6,1811,24.0,84,2016.0,9.400000000000034
1,301.0,312.2,1510,39.9,61,2433.9,11.199999999999989
2,298.2,308.8,1645,28.2,58,1635.6,10.600000000000023
2,297.9,308.7,1751,26.6,111,2952.6000000000004,10.800000000000011
2,300.0,311.4,1533,42.6,180,7668.0,11.399999999999977
1,301.6,309.8,1588,33.9,89,3017.1,8.199999999999989
2,302.3,310.9,1627,32.3,0,0.0,8.599999999999966
2,300.3,311.7,1551,36.4,84,3057.6,11.399999999999977
2,295.6,306.1,1418,46.2,24,1108.8000000000002,10.5
1,300.6,311.8,1652,27.2,52,1414.3999999999999,11.199999999999989
1,300.0,309.6,1431,47.7,39,1860.3000000000002,9.600000000000023
2,297.4,308.9,1500,46.3,137,6343.099999999999,11.5
2,297.8,307.9,1726,27.3,35,955.5,10.099999999999966
1,299.8,311.2,2142,16.6,144,2390.4,11.399999999999977
2,300.9,310.0,1416,46.6,201,9366.6,9.100000000000023
0,297.3,308.4,1864,23.1,90,2079.0,11.099999999999966
1,298.5,308.2,1444,40.5,170,6885.0,9.699999999999989
0,297.5,308.6,1355,58.9,138,8128.2,11.100000000000023
1,297.4,308.4,1341,52.2,49,2557.8,11.0
2,301.1,312.4,1809,25.1,126,3162.6000000000004,11.299999999999955
2,299.3,308.5,1404,49.4,93,4594.2,9.199999999999989
1,299.9,310.0,1447,45.9,162,7435.8,10.100000000000023
0,297.5,308.9,1471,37.7,197,7426.900000000001,11.399999999999977
1,297.6,308.6,1664,30.1,81,2438.1,11.0
1,300.0,311.5,1749,28.3,83,2348.9,11.5
1,298.3,308.1,1528,33.9,82,2779.7999999999997,9.800000000000011
1,297.9,309.0,1562,35.8,40,1432.0,11.100000000000023
1,298.5,308.8,1332,59.1,115,6796.5,10.300000000000011
0,297.4,308.7,1522,46.3,146,6759.799999999999,11.300000000000011
1,300.1,309.3,1616,32.0,199,6368.0,9.199999999999989
1,299.8,309.4,1460,37.4,25,935.0,9.599999999999966
1,296.4,307.5,1331,47.8,99,4732.2,11.100000000000023
1,299.3,308.8,1647,32.9,172,5658.8,9.5
1,300.2,311.6,1511,35.7,160,5712.0,11.400000000000034
1,299.0,309.1,1523,38.6,177,6832.2,10.100000000000023
2,298.7,309.8,1435,48.8,71,3464.7999999999997,11.100000000000023
2,296.0,306.6,1628,36.8,121,4452.799999999999,10.600000000000023
1,297.8,307.2,1351,56.3,174,9796.199999999999,9.399999999999977
2,301.3,310.8,1494,35.3,54,1906.1999999999998,9.5
1,301.5,310.5,1611,33.8,144,4867.2,9.0
0,299.3,309.0,1732,29.7,141,4187.7,9.699999999999989
1,304.2,313.4,1644,31.7,23,729.1,9.199999999999989
1,299.7,309.1,1483,41.1,208,8548.800000000001,9.400000000000034
2,303.6,312.3,1630,32.4,223,7225.2,8.699999999999989
1,300.5,310.0,1451,48.6,208,10108.800000000001,9.5
1,298.6,310.2,1569,36.3,10,363.0,11.599999999999966
2,298.7,309.6,1254,57.1,124,7080.400000000001,10.900000000000034
2,298.8,309.6,1575,34.4,149,5125.599999999999,10.800000000000011
2,298.5,309.3,1552,36.8,133,4894.4,10.800000000000011
1,301.9,310.4,1603,37.6,69,2594.4,8.5
1,300.0,309.1,1401,44.5,0,0.0,9.100000000000023
2,301.9,310.8,1563,39.2,39,1528.8000000000002,8.900000000000034
1,297.2,307.9,1309,49.6,167,8283.2,10.699999999999989
1,295.7,306.3,1490,34.3,97,3327.1,10.600000000000023
2,298.4,309.5,1514,38.8,128,4966.4,11.100000000000023
1,299.9,310.5,1539,32.8,213,6986.4,10.600000000000023
0,302.9,312.3,1509,46.8,175,8189.999999999999,9.400000000000034
1,302.3,311.3,1439,41.8,96,4012.7999999999997,9.0
1,297.5,308.6,1536,39.0,202,7878.0,11.100000000000023
1,297.8,308.3,1477,44.8,170,7615.999999999999,10.5
2,296.9,307.8,1426,50.7,130,6591.0,10.900000000000034
1,298.3,308.4,1490,41.7,170,7089.000000000001,10.099999999999966
2,302.9,312.5,1903,21.2,23,487.59999999999997,9.600000000000023
1,300.7,309.9,1383,44.5,176,7832.0,9.199999999999989
2,301.4,311.2,1727,26.5,43,1139.5,9.800000000000011
2,300.4,309.6,1563,34.0,6,204.0,9.200000000000045
0,301.9,310.9,1590,34.3,106,3635.7999999999997,9.0
1,297.4,308.4,1474,43.6,4,174.4,11.0
2,298.2,309.0,1353,50.3,150,7545.0,10.800000000000011
1,302.2,311.1,1351,48.6,110,5346.0,8.900000000000034
0,301.9,310.5,1472,39.7,187,7423.900000000001,8.600000000000023
1,299.8,309.2,1439,36.1,203,7328.3,9.399999999999977
2,298.0,307.6,1472,46.7,116,5417.200000000001,9.600000000000023
2,298.8,308.7,1543,38.2,44,1680.8000000000002,9.899999999999977
1,299.0,310.4,1339,49.6,94,4662.400000000001,11.399999999999977
1,302.7,312.2,1376,52.8,164,8659.199999999999,9.5
2,301.9,310.5,1590,40.3,130,5239.0,8.600000000000023
1,302.3,310.8,1465,43.8,7,306.59999999999997,8.5
1,297.9,307.6,1747,25.3,136,3440.8,9.700000000000045
1,295.5,306.1,1573,35.1,129,4527.900000000001,10.600000000000023
1,297.4,308.4,1421,46.0,124,5704.0,11.0
1,301.2,310.9,1413,50.1,141,7064.1,9.699999999999989
2,299.0,310.6,1587,34.2,141,4822.200000000001,11.600000000000023
2,303.5,312.9,1572,44.7,84,3754.8,9.399999999999977
2,300.2,309.7,1408,44.0,144,6336.0,9.5
2,302.2,311.5,1479,39.5,36,1422.0,9.300000000000011
1,301.4,310.8,1610,34.6,187,6470.2,9.400000000000034
0,297.5,308.3,1674,30.0,54,1620.0,10.800000000000011
2,301.7,311.1,1618,36.7,115,4220.5,9.400000000000034
1,300.4,311.8,1433,42.2,14,590.8000000000001,11.400000000000034
1,299.8,309.6,1526,41.7,85,3544.5000000000005,9.800000000000011
1,300.3,310.3,1629,34.1,52,1773.2,10.0
1,299.4,309.2,1621,34.5,48,1656.0,9.800000000000011
1,302.1,310.1,1447,46.6,169,7875.400000000001,8.0
2,299.7,311.0,1506,42.7,85,3629.5000000000005,11.300000000000011
1,298.0,307.7,1492,38.7,202,7817.400000000001,9.699999999999989
1,298.2,308.3,1458,41.8,132,5517.599999999999,10.100000000000023
1,303.8,313.1,1523,39.8,150,5970.0,9.300000000000011
1,298.9,310.2,1445,40.0,129,5160.0,11.300000000000011
2,298.9,308.4,1827,26.1,5,130.5,9.5
2,301.8,310.2,1437,42.3,0,0.0,8.399999999999977
1,299.1,308.4,1693,31.6,65,2054.0,9.299999999999955
1,298.8,308.9,1455,41.3,208,8590.4,10.099999999999966
1,302.6,310.4,1365,66.8,80,5344.0,7.7999999999999545
1,300.1,309.5,1353,50.9,34,1730.6,9.399999999999977
1,301.8,311.1,1495,36.9,197,7269.299999999999,9.300000000000011
2,297.6,308.3,1648,29.1,134,3899.4,10.699999999999989
1,301.9,309.7,1719,31.9,0,0.0,7.800000000000011
1,303.3,312.7,1643,30.7,142,4359.4,9.399999999999977
1,303.3,311.6,1484,44.6,223,9945.800000000001,8.300000000000011
2,299.0,310.3,1662,33.6,67,2251.2000000000003,11.300000000000011
1,297.4,308.3,1854,21.8,24,523.2,10.900000000000034
0,298.9,310.5,1429,39.9,19,758.1,11.600000000000023
2,301.9,310.9,1456,43.6,45,1962.0,9.0
1,301.0,310.7,1464,45.8,184,8427.199999999999,9.699999999999989
1,299.2,308.7,1514,41.9,196,8212.4,9.5
2,297.2,308.6,1444,41.1,56,2301.6,11.400000000000034
1,299.2,309.1,1468,45.6,2,91.2,9.900000000000034
1,300.4,309.6,1543,38.1,209,7962.900000000001,9.200000000000045
0,302.4,311.1,1578,32.3,196,6330.799999999999,8.700000000000045
1,301.3,310.5,1390,45.8,63,2885.3999999999996,9.199999999999989
1,302.4,311.8,1448,43.4,141,6119.4,9.400000000000034
1,297.3,308.0,1518,36.0,59,2124.0,10.699999999999989
2,298.2,309.0,1508,40.5,192,7776.0,10.800000000000011
2,297.7,308.3,1547,36.8,74,2723.2,10.600000000000023
2,300.3,311.8,1483,45.1,181,8163.1,11.5
1,299.5,309.1,1336,42.1,217,9135.7,9.600000000000023
0,300.8,309.4,1474,40.7,104,4232.8,8.599999999999966
1,300.4,309.8,1342,52.5,68,3570.0,9.400000000000034
2,298.7,310.1,1644,34.1,46,1568.6000000000001,11.400000000000034
1,301.3,311.1,1504,39.1,2,78.2,9.800000000000011
2,295.7,306.3,1712,28.5,43,1225.5,10.600000000000023
0,300.4,310.7,1656,36.3,127,4610.099999999999,10.300000000000011
0,303.7,312.5,1520,35.6,154,5482.400000000001,8.800000000000011
1,300.1,309.1,1353,58.7,86,5048.2,9.0
1,298.2,308.9,1709,28.1,81,2276.1,10.699999999999989
2,298.1,307.8,1503,44.7,54,2413.8,9.699999999999989
1,303.6,312.5,1431,49.0,162,7938.0,8.899999999999977
2,300.7,311.9,1366,55.1,36,1983.6000000000001,11.199999999999989
1,303.7,312.3,1384,45.9,121,5553.9,8.600000000000023
1,300.7,310.8,1496,46.4,90,4176.0,10.100000000000023
1,298.7,310.1,1433,54.6,66,3603.6,11.400000000000034
1,300.9,312.0,1441,43.8,210,9198.0,11.100000000000023
1,298.9,310.1,1577,41.4,80,3312.0,11.200000000000045
1,296.1,307.1,1898,22.7,20,454.0,11.0
2,297.7,309.4,1461,43.7,142,6205.400000000001,11.699999999999989
2,298.8,310.2,1581,37.5,75,2812.5,11.399999999999977
1,303.3,311.7,1508,35.5,217,7703.5,8.399999999999977
2,297.3,307.8,1538,48.0,171,8208.0,10.5
1,297.5,308.8,1312,50.3,159,7997.7,11.300000000000011
1,300.4,309.5,1543,38.9,37,1439.3,9.100000000000023
1,297.9,309.1,1507,36.9,13,479.7,11.200000000000045
1,301.6,311.2,1408,42.9,89,3818.1,9.599999999999966
1,301.3,310.0,1438,40.9,7,286.3,8.699999999999989
1,302.6,311.0,1610,39.2,152,5958.400000000001,8.399999999999977
0,300.5,311.4,1679,27.5,59,1622.5,10.899999999999977
2,298.1,308.5,1382,54.5,17,926.5,10.399999999999977
1,301.5,310.6,1587,33.7,122,4111.400000000001,9.100000000000023
1,302.2,311.3,1382,46.4,94,4361.599999999999,9.100000000000023
1,302.5,311.9,1452,47.4,77,3649.7999999999997,9.399999999999977
2,298.1,308.3,1453,41.5,204,8466.0,10.199999999999989
1,300.5,309.7,1395,61.0,157,9577.0,9.199999999999989
1,303.7,312.8,1437,51.3,42,2154.6,9.100000000000023
1,297.2,307.9,1493,38.4,146,5606.4,10.699999999999989
2,301.9,310.9,1421,46.2,26,1201.2,9.0
1,301.7,311.0,1585,35.9,185,6641.5,9.300000000000011
1,298.9,309.8,1534,42.1,23,968.3000000000001,10.900000000000034
0,300.5,310.8,1631,30.5,132,4026.0,10.300000000000011
1,297.3,308.6,1505,33.5,14,469.0,11.300000000000011
2,298.9,310.1,1484,40.4,61,2464.4,11.200000000000045
1,299.8,311.1,1820,24.9,174,4332.599999999999,11.300000000000011
0,299.6,309.2,1597,36.3,35,1270.5,9.599999999999966
2,297.8,307.8,1622,32.1,18,577.8000000000001,10.0
1,298.8,308.4,1484,39.2,8,313.6,9.599999999999966
2,301.0,312.1,1664,28.4,168,4771.2,11.100000000000023
1,298.3,310.0,1442,43.9,110,4829.0,11.699999999999989
1,302.7,312.2,1405,51.4,157,8069.8,9.5
0,300.7,310.2,1364,65.3,208,13582.4,9.5
1,301.1,310.2,1657,34.1,52,1773.2,9.099999999999966
1,300.9,311.4,2073,21.4,105,2247.0,10.5
1,303.6,312.6,1606,33.6,184,6182.400000000001,9.0
1,300.7,310.3,1662,34.4,57,1960.8,9.600000000000023
1,298.6,308.4,1310,59.7,40,2388.0,9.799999999999955
1,303.6,312.7,1429,47.7,198,9444.6,9.099999999999966
1,300.4,309.7,1384,45.1,159,7170.900000000001,9.300000000000011
1,302.2,311.4,2080,19.2,31,595.1999999999999,9.199999999999989
2,297.9,308.8,1538,37.6,54,2030.4,10.900000000000034
2,298.4,308.2,1463,37.6,188,7068.8,9.800000000000011
1,297.7,308.9,1575,39.9,12,478.79999999999995,11.199999999999989
1,303.5,312.8,1877,22.3,96,2140.8,9.300000000000011
1,299.6,309.2,1572,33.4,20,668.0,9.599999999999966
0,302.0,309.9,1606,34.5,156,5382.0,7.899999999999977
2,297.6,308.1,1379,57.4,122,7002.8,10.5
0,300.7,311.3,1374,53.1,66,3504.6,10.600000000000023
0,298.0,308.7,1536,39.6,99,3920.4,10.699999999999989
0,304.0,313.2,1517,43.1,96,4137.6,9.199999999999989
1,303.4,311.7,1476,42.3,180,7613.999999999999,8.300000000000011
2,301.2,312.4,1428,36.6,99,3623.4,11.199999999999989
1,301.9,310.6,1467,39.3,32,1257.6,8.700000000000045
1,301.4,310.6,1347,53.3,104,5543.2,9.200000000000045
1,298.0,309.2,1527,39.5,85,3357.5,11.199999999999989
1,298.6,309.6,1533,40.7,106,4314.200000000001,11.0
1,298.4,308.8,1458,40.1,111,4451.1,10.400000000000034
1,302.2,311.4,1499,37.7,55,2073.5,9.199999999999989
0,297.7,308.3,1488,41.0,101,4141.0,10.600000000000023
1,300.8,310.8,1407,45.1,51,2300.1,10.0
2,298.1,307.6,2066,19.2,150,2880.0,9.5
1,300.0,309.6,1738,28.7,51,1463.7,9.600000000000023
0,303.3,311.4,1692,27.9,55,1534.5,8.099999999999966
0,296.7,307.5,1607,33.6,38,1276.8,10.800000000000011
2,302.7,311.7,1784,25.1,177,4442.7,9.0
1,300.4,309.7,1584,32.6,71,2314.6,9.300000000000011
1,302.3,311.3,1614,34.1,129,4398.900000000001,9.0
2,297.3,308.4,1686,34.5,97,3346.5,11.099999999999966
1,297.9,309.0,1379,47.3,28,1324.3999999999999,11.100000000000023
1,297.0,307.9,1350,47.7,168,8013.6,10.899999999999977
1,298.8,309.1,1350,52.5,111,5827.5,10.300000000000011
1,298.2,307.6,1492,37.2,178,6621.6,9.400000000000034
1,298.6,309.6,1390,50.3,196,9858.8,11.0
2,302.1,310.9,1916,23.1,51,1178.1000000000001,8.799999999999955
1,300.6,311.0,1563,40.7,87,3540.9,10.399999999999977
0,302.4,310.9,1444,40.7,174,7081.8,8.5
2,297.9,309.0,2456,13.9,82,1139.8,11.100000000000023
2,298.6,309.0,1481,40.8,6,244.79999999999998,10.399999999999977
1,302.0,309.8,1456,58.1,145,8424.5,7.800000000000011
1,300.2,310.0,1493,47.3,172,8135.599999999999,9.800000000000011
2,297.3,308.8,1586,32.7,131,4283.700000000001,11.5
1,297.4,308.6,1439,46.4,114,5289.599999999999,11.200000000000045
1,297.9,309.9,1472,45.0,183,8235.0,12.0
1,297.4,308.6,1609,36.2,116,4199.200000000001,11.200000000000045
1,300.6,309.5,1471,49.6,29,1438.4,8.899999999999977
2,299.1,308.4,1332,51.7,71,3670.7000000000003,9.299999999999955
1,300.4,310.8,1348,56.0,146,8176.0,10.400000000000034
1,299.6,310.2,1473,42.7,81,3458.7000000000003,10.599999999999966
1,300.8,311.3,1505,45.5,141,6415.5,10.5
1,303.8,312.7,1414,41.7,190,7923.000000000001,8.899999999999977
1,300.6,310.0,1313,52.9,93,4919.7,9.399999999999977
1,301.0,312.1,1675,30.7,200,6140.0,11.100000000000023
2,300.2,311.4,1450,38.5,68,2618.0,11.199999999999989
1,303.1,312.5,1453,49.1,140,6874.0,9.399999999999977
1,299.0,310.1,1505,41.3,85,3510.4999999999995,11.100000000000023
2,300.8,310.4,1450,39.4,62,2442.7999999999997,9.599999999999966
2,297.7,309.6,1596,35.2,173,6089.6,11.900000000000034
2,300.4,309.8,1356,44.4,136,6038.4,9.400000000000034
1,298.4,310.1,1455,42.2,94,3966.8,11.700000000000045
1,299.7,310.9,1491,40.1,195,7819.5,11.199999999999989
1,298.9,309.9,1404,39.8,62,2467.6,11.0
1,300.7,311.1,2377,14.3,135,1930.5,10.400000000000034
2,302.1,311.3,1511,45.0,204,9180.0,9.199999999999989
2,297.9,309.6,1515,38.8,124,4811.2,11.700000000000045
2,300.4,310.5,1644,31.4,41,1287.3999999999999,10.100000000000023
1,300.0,309.8,1474,40.6,78,3166.8,9.800000000000011
2,300.1,309.1,1533,38.0,26,988.0,9.0
1,303.5,312.0,1366,54.5,30,1635.0,8.5
1,301.8,310.8,1557,33.3,190,6326.999999999999,9.0
1,299.7,310.3,1505,37.7,4,150.8,10.600000000000023
1,303.7,313.0,1694,28.0,44,1232.0,9.300000000000011
1,300.3,311.8,1551,37.2,9,334.8,11.5
1,302.1,310.8,1772,27.1,233,6314.3,8.699999999999989
1,301.9,310.6,1331,68.6,85,5830.999999999999,8.700000000000045
1,301.0,311.0,1437,56.0,33,1848.0,10.0
2,297.5,308.9,1535,37.7,12,452.40000000000003,11.399999999999977
1,297.5,308.5,1373,39.9,110,4389.0,11.0
1,301.5,311.1,1731,27.9,101,2817.8999999999996,9.600000000000023
2,302.8,312.3,1262,70.5,234,16497.0,9.5
1,297.5,308.4,1528,39.9,160,6384.0,10.899999999999977
1,301.4,310.8,1362,53.2,4,212.8,9.400000000000034
1,302.5,310.9,1330,56.9,97,5519.3,8.399999999999977
1,298.0,309.6,1633,34.8,41,1426.8,11.600000000000023
2,300.7,310.1,1483,40.2,162,6512.400000000001,9.400000000000034
0,303.8,312.9,1378,45.6,184,8390.4,9.099999999999966
0,299.1,310.4,1369,54.5,104,5668.0,11.299999999999955
1,300.3,309.9,1540,39.9,203,8099.7,9.599999999999966
1,303.9,312.7,1528,38.4,177,6796.8,8.800000000000011
2,300.5,309.7,1341,50.9,137,6973.3,9.199999999999989
2,299.3,310.9,1826,25.1,2,50.2,11.599999999999966
1,298.3,308.0,1486,42.3,86,3637.7999999999997,9.699999999999989
1,299.1,310.2,1695,29.6,8,236.8,11.099999999999966
2,300.3,309.4,1612,33.1,150,4965.0,9.099999999999966
1,302.4,311.8,1384,50.9,99,5039.099999999999,9.400000000000034
1,298.1,309.5,1467,41.8,48,2006.3999999999999,11.399999999999977
1,300.6,312.0,1566,30.1,128,3852.8,11.399999999999977
0,300.5,311.7,1454,50.3,175,8802.5,11.199999999999989
1,296.8,307.6,1304,48.7,142,6915.400000000001,10.800000000000011
2,297.3,308.3,1595,32.2,29,933.8000000000001,11.0
1,299.2,310.3,1429,40.1,23,922.3000000000001,11.100000000000023
1,303.6,312.9,1588,31.9,53,1690.6999999999998,9.299999999999955
1,303.9,313.2,1481,40.0,100,4000.0,9.300000000000011
0,298.9,310.2,1532,37.7,166,6258.200000000001,11.300000000000011
1,297.4,308.5,1295,52.1,130,6773.0,11.100000000000023
1,302.2,310.8,1383,46.9,45,2110.5,8.600000000000023
2,301.9,310.9,1763,28.4,103,2925.2,9.0
2,297.7,309.0,1504,40.4,35,1414.0,11.300000000000011
1,298.6,309.3,1702,27.6,143,3946.8,10.699999999999989
1,297.8,308.4,1518,32.5,190,6175.0,10.599999999999966
1,300.5,310.6,1499,45.2,8,361.6,10.100000000000023
2,301.4,310.6,1565,36.1,110,3971.0,9.200000000000045
1,297.5,308.6,1452,39.0,72,2808.0,11.100000000000023
1,301.9,310.4,1610,34.8,71,2470.7999999999997,8.5
2,299.9,311.2,1579,35.5,162,5751.0,11.300000000000011
1,297.6,309.1,1449,49.1,174,8543.4,11.5
2,303.6,312.8,2659,11.4,26,296.40000000000003,9.199999999999989
0,298.9,310.6,1519,38.8,213,8264.4,11.700000000000045
1,300.6,311.7,1734,29.9,72,2152.7999999999997,11.099999999999966
1,297.2,308.0,1869,25.4,163,4140.2,10.800000000000011
2,300.5,310.2,1571,34.6,228,7888.8,9.699999999999989
1,298.4,309.1,1467,42.5,139,5907.5,10.700000000000045
2,300.7,310.6,2006,19.1,102,1948.2,9.900000000000034
1,299.8,310.2,1911,23.5,166,3901.0,10.399999999999977
1,298.4,308.2,1850,27.0,194,5238.0,9.800000000000011
2,299.6,310.2,1620,30.0,70,2100.0,10.599999999999966
1,302.4,310.4,1521,38.5,142,5467.0,8.0
1,295.5,306.0,1456,39.2,167,6546.400000000001,10.5
1,297.6,308.6,1415,47.3,169,7993.7,11.0
1,299.2,308.4,1509,39.4,0,0.0,9.199999999999989
2,301.8,310.7,1429,47.9,53,2538.7,8.899999999999977
2,303.6,312.7,1765,27.5,115,3162.5,9.099999999999966
1,302.6,311.5,1442,59.8,169,10106.199999999999,8.899999999999977
1,301.4,310.5,1571,33.9,208,7051.2,9.100000000000023
1,297.3,308.0,1447,49.0,61,2989.0,10.699999999999989
1,302.3,311.5,1507,37.5,55,2062.5,9.199999999999989
1,300.5,310.5,1695,26.7,28,747.6,10.0
1,301.0,310.9,1492,36.7,199,7303.3,9.899999999999977
2,301.3,311.1,1678,30.7,34,1043.8,9.800000000000011
1,301.5,310.6,1565,43.9,142,6233.8,9.100000000000023
1,299.9,309.6,1294,49.7,126,6262.200000000001,9.700000000000045
1,301.7,309.9,1607,37.7,93,3506.1000000000004,8.199999999999989
1,297.2,308.3,1419,39.7,115,4565.5,11.100000000000023
1,300.7,311.2,1878,24.3,24,583.2,10.5
1,297.9,308.0,1490,46.2,6,277.20000000000005,10.100000000000023
2,297.4,308.5,1638,32.2,84,2704.8,11.100000000000023
1,300.2,309.7,1275,60.7,15,910.5,9.5
1,298.0,307.8,1622,33.3,121,4029.2999999999997,9.800000000000011
1,301.7,310.2,1435,48.1,12,577.2,8.5
1,301.3,311.3,1509,42.5,213,9052.5,10.0
2,302.3,311.9,1508,42.3,159,6725.7,9.599999999999966
1,300.8,310.8,1564,36.2,31,1122.2,10.0
2,298.2,308.9,1614,35.5,15,532.5,10.699999999999989
1,298.8,310.3,1553,36.8,97,3569.6,11.5
1,298.7,309.7,1393,45.7,99,4524.3,11.0
2,300.4,311.7,1555,38.7,5,193.5,11.300000000000011
1,298.6,309.3,1537,37.6,175,6580.0,10.699999999999989
1,300.7,311.9,1399,50.2,222,11144.400000000001,11.199999999999989
2,299.9,309.5,1412,57.9,59,3416.1,9.600000000000023
2,298.0,309.0,1439,38.5,34,1309.0,11.0
1,302.2,310.9,1506,34.0,49,1666.0,8.699999999999989
2,297.6,309.6,1592,35.8,57,2040.6,12.0
2,297.8,309.3,2243,15.7,36,565.1999999999999,11.5
2,298.1,307.9,1569,37.0,29,1073.0,9.799999999999955
2,296.8,307.5,1516,36.7,135,4954.5,10.699999999999989
1,298.0,308.7,1268,69.4,189,13116.6,10.699999999999989
1,298.2,309.0,1780,29.3,91,2666.3,10.800000000000011
1,302.8,312.1,1958,20.3,56,1136.8,9.300000000000011
1,298.8,309.8,1557,37.2,139,5170.8,11.0
1,303.5,312.4,1481,43.7,20,874.0,8.899999999999977
1,298.5,309.3,1471,44.7,119,5319.3,10.800000000000011
1,298.6,308.2,1390,51.4,168,8635.199999999999,9.599999999999966
2,301.2,310.7,1962,22.5,28,630.0,9.5
1,300.6,311.8,1501,44.8,226,10124.8,11.199999999999989
2,302.3,311.7,1685,30.8,130,4004.0,9.399999999999977
1,301.0,311.2,1511,42.9,26,1115.3999999999999,10.199999999999989
2,296.9,308.4,1450,46.9,186,8723.4,11.5
1,298.5,309.7,1437,42.6,120,5112.0,11.199999999999989
1,303.1,311.2,1435,40.1,219,8781.9,8.099999999999966
1,298.9,310.1,1602,38.2,58,2215.6000000000004,11.200000000000045
2,300.8,309.7,1751,27.9,183,5105.7,8.899999999999977
1,298.5,309.5,1548,44.5,132,5874.0,11.0
2,300.4,309.6,1675,35.5,164,5822.0,9.200000000000045
1,301.7,311.1,1644,32.8,206,6756.799999999999,9.400000000000034
2,303.3,312.6,1397,47.1,137,6452.7,9.300000000000011
1,303.4,311.9,1298,63.9,59,3770.1,8.5
0,297.2,308.6,1486,46.6,98,4566.8,11.400000000000034
2,302.6,310.4,1544,35.1,25,877.5,7.7999999999999545
2,302.0,310.4,1595,32.9,135,4441.5,8.399999999999977
2,295.8,306.4,1335,51.7,69,3567.3,10.599999999999966
0,297.6,308.6,1463,46.7,85,3969.5000000000005,11.0
1,299.7,311.0,1983,21.0,201,4221.0,11.300000000000011
2,300.6,311.4,1468,40.4,55,2222.0,10.799999999999955
2,303.4,311.8,1391,42.7,197,8411.900000000001,8.400000000000034
2,302.6,310.5,1524,33.7,204,6874.8,7.899999999999977
1,304.0,312.8,1542,42.7,198,8454.6,8.800000000000011
1,295.6,306.2,1287,54.8,49,2685.2,10.599999999999966
1,298.4,310.1,1533,35.2,92,3238.4,11.700000000000045
0,302.8,312.5,1422,46.1,4,184.4,9.699999999999989
1,298.2,309.4,1398,52.9,79,4179.099999999999,11.199999999999989
1,300.3,311.1,1676,28.6,158,4518.8,10.800000000000011
1,298.1,310.0,1553,40.9,49,2004.1,11.899999999999977
2,299.3,308.4,1542,37.5,203,7612.5,9.099999999999966
1,298.0,308.8,1496,44.9,179,8037.099999999999,10.800000000000011
1,301.5,310.5,1396,44.5,117,5206.5,9.0
1,299.8,310.5,1496,38.8,215,8342.0,10.699999999999989
1,298.3,310.1,1523,45.9,99,4544.099999999999,11.800000000000011
1,298.2,308.8,1442,47.0,18,846.0,10.600000000000023
2,301.4,311.2,1476,36.5,25,912.5,9.800000000000011
2,297.2,308.3,1431,43.7,46,2010.2,11.100000000000023
0,296.8,308.1,1492,43.7,222,9701.400000000001,11.300000000000011
2,303.5,312.5,1353,51.0,172,8772.0,9.0
0,298.2,309.0,1524,39.1,100,3910.0,10.800000000000011
2,299.5,311.0,1451,43.3,136,5888.799999999999,11.5
1,300.8,310.8,1486,45.7,146,6672.200000000001,10.0
1,297.9,309.0,1502,40.2,30,1206.0,11.100000000000023
0,298.1,309.9,1686,29.1,60,1746.0,11.799999999999955
1,299.2,309.1,1605,34.3,107,3670.1,9.900000000000034
2,301.8,310.3,1465,46.5,60,2790.0,8.5
2,297.4,308.8,1573,33.9,123,4169.7,11.400000000000034
1,299.6,309.3,1558,34.8,115,4001.9999999999995,9.699999999999989
2,300.7,309.5,1439,43.8,41,1795.8,8.800000000000011
1,300.7,312.3,1420,53.8,67,3604.6,11.600000000000023
0,300.5,311.6,1476,41.7,97,4044.9,11.100000000000023
1,303.9,313.1,1310,62.9,130,8177.0,9.200000000000045
1,303.5,312.9,1504,44.8,111,4972.799999999999,9.399999999999977
1,303.5,312.9,1501,44.0,128,5632.0,9.399999999999977
0,299.8,310.2,1573,33.3,168,5594.4,10.399999999999977
1,301.2,311.0,1573,32.8,57,1869.6,9.800000000000011
2,296.4,307.5,1684,31.4,72,2260.7999999999997,11.100000000000023
2,298.2,308.9,1326,54.4,75,4080.0,10.699999999999989
1,297.7,308.7,1474,46.8,188,8798.4,11.0
1,299.8,309.1,1612,35.4,205,7257.0,9.300000000000011
0,301.1,310.0,1470,40.1,23,922.3000000000001,8.899999999999977
2,298.5,309.5,1483,44.8,92,4121.599999999999,11.0
2,300.1,310.4,1480,37.1,77,2856.7000000000003,10.299999999999955
1,297.3,308.5,1497,47.5,27,1282.5,11.199999999999989
1,303.6,311.8,1736,32.9,99,3257.1,8.199999999999989
2,298.9,309.8,1947,21.7,105,2278.5,10.900000000000034
2,297.5,308.5,1612,30.0,163,4890.0,11.0
1,302.3,311.5,1565,35.6,41,1459.6000000000001,9.199999999999989
1,298.1,308.1,1616,32.8,65,2132.0,10.0
1,299.7,309.2,1620,30.0,168,5040.0,9.5
2,298.3,309.0,1505,41.3,93,3840.8999999999996,10.699999999999989
1,301.3,310.1,1531,41.6,9,374.40000000000003,8.800000000000011
1,300.1,311.6,1530,36.6,74,2708.4,11.5
1,298.3,308.4,1593,37.0,174,6438.0,10.099999999999966
0,303.9,313.0,1517,36.0,142,5112.0,9.100000000000023
1,300.2,310.3,1514,38.7,48,1857.6000000000001,10.100000000000023
1,299.3,308.5,1772,26.1,52,1357.2,9.199999999999989
2,299.5,310.7,1488,39.5,95,3752.5,11.199999999999989
1,300.7,311.3,1522,35.2,48,1689.6000000000001,10.600000000000023
1,301.5,311.1,1459,45.1,97,4374.7,9.600000000000023
0,300.8,310.5,1582,31.1,193,6002.3,9.699999999999989
1,298.9,309.6,1589,34.2,197,6737.400000000001,10.700000000000045
1,300.4,310.2,1529,36.2,10,362.0,9.800000000000011
1,298.5,309.5,1370,52.4,113,5921.2,11.0
2,298.0,309.1,1574,34.8,40,1392.0,11.100000000000023
1,298.0,309.2,1731,28.7,38,1090.6,11.199999999999989
2,298.5,309.6,1441,48.2,107,5157.400000000001,11.100000000000023
2,299.8,309.7,1320,61.7,134,8267.800000000001,9.899999999999977
1,298.0,308.7,1771,26.2,206,5397.2,10.699999999999989
2,297.4,308.6,1469,42.6,80,3408.0,11.200000000000045
1,298.6,308.3,1422,40.4,179,7231.599999999999,9.699999999999989
1,301.0,310.5,1429,39.4,98,3861.2,9.5
2,300.8,310.3,1868,24.5,95,2327.5,9.5
1,301.2,310.3,1548,38.6,59,2277.4,9.100000000000023
2,302.2,311.4,1626,31.6,62,1959.2,9.199999999999989
1,296.9,307.6,1435,45.0,119,5355.0,10.700000000000045
0,298.3,309.2,1486,42.4,16,678.4,10.899999999999977
1,298.8,309.7,1740,28.5,152,4332.0,10.899999999999977
0,298.9,309.7,1407,48.6,161,7824.6,10.800000000000011
0,297.7,307.1,1855,22.5,7,157.5,9.400000000000034
2,297.8,309.8,1798,25.5,203,5176.5,12.0
2,298.2,308.0,1969,21.7,32,694.4,9.800000000000011
2,299.3,308.4,1468,42.2,83,3502.6000000000004,9.099999999999966
0,301.3,311.0,1580,36.6,184,6734.400000000001,9.699999999999989
2,298.9,308.6,1524,40.4,131,5292.4,9.700000000000045
1,300.3,310.2,1369,48.8,36,1756.8,9.899999999999977
1,299.8,309.3,1299,65.1,212,13801.199999999999,9.5
2,300.5,311.2,1551,36.6,205,7503.0,10.699999999999989
1,303.0,312.3,1486,42.4,112,4748.8,9.300000000000011
2,300.9,311.8,1843,24.5,25,612.5,10.900000000000034
2,304.0,313.3,1844,27.1,88,2384.8,9.300000000000011
1,300.7,312.0,1401,51.1,50,2555.0,11.300000000000011
1,303.0,311.2,1735,26.1,194,5063.400000000001,8.199999999999989
1,300.6,311.5,1459,47.0,63,2961.0,10.899999999999977
2,299.5,309.3,1506,41.5,77,3195.5,9.800000000000011
1,301.8,310.6,2672,11.8,124,1463.2,8.800000000000011
1,300.5,312.0,1478,39.0,153,5967.0,11.5
2,301.3,311.0,1402,47.5,197,9357.5,9.699999999999989
2,297.5,308.5,1401,50.5,6,303.0,11.0
1,301.5,311.2,1700,28.8,39,1123.2,9.699999999999989
2,300.7,311.1,1373,49.9,96,4790.4,10.400000000000034
2,301.5,310.7,1460,38.6,14,540.4,9.199999999999989
1,298.8,309.7,1751,29.6,160,4736.0,10.899999999999977
1,297.8,308.7,1404,44.2,62,2740.4,10.899999999999977
2,300.0,309.7,1652,28.6,112,3203.2000000000003,9.699999999999989
2,300.4,310.0,1560,42.3,186,7867.799999999999,9.600000000000023
0,297.5,308.5,1557,39.1,47,1837.7,11.0
1,300.5,310.2,1764,25.9,27,699.3,9.699999999999989
1,303.4,311.5,1424,50.8,128,6502.4,8.100000000000023
1,298.9,310.1,1580,37.3,100,3729.9999999999995,11.200000000000045
1,302.4,310.1,1429,43.7,104,4544.8,7.7000000000000455
1,298.3,308.4,1484,43.4,172,7464.8,10.099999999999966
2,302.4,311.8,1358,50.6,133,6729.8,9.400000000000034
1,302.4,311.5,1590,39.9,58,2314.2,9.100000000000023
2,303.1,311.1,1594,35.5,13,461.5,8.0
0,297.4,307.9,1390,52.0,131,6812.0,10.5
0,297.4,309.0,1468,41.4,156,6458.4,11.600000000000023
2,300.0,309.6,1618,36.2,53,1918.6000000000001,9.600000000000023
1,302.4,311.9,1671,29.9,204,6099.599999999999,9.5
1,303.9,313.0,1626,31.4,209,6562.599999999999,9.100000000000023
1,302.6,310.4,1514,42.7,75,3202.5,7.7999999999999545
0,300.4,311.2,1489,45.3,180,8153.999999999999,10.800000000000011
2,302.6,312.2,1353,56.5,168,9492.0,9.599999999999966
0,298.7,308.4,1432,42.8,197,8431.599999999999,9.699999999999989
2,296.7,307.8,1258,69.0,105,7245.0,11.100000000000023
0,299.0,308.8,1382,58.5,199,11641.5,9.800000000000011
1,299.7,309.6,1359,50.7,161,8162.700000000001,9.900000000000034
2,299.6,310.1,1455,46.1,76,3503.6,10.5
2,302.4,311.1,1887,22.4,197,4412.799999999999,8.700000000000045
2,299.2,310.4,1325,52.0,34,1768.0,11.199999999999989
2,299.1,310.6,1449,43.2,80,3456.0,11.5
1,302.9,312.2,1729,23.6,96,2265.6000000000004,9.300000000000011
1,303.5,312.1,1674,30.8,0,0.0,8.600000000000023
1,298.9,310.2,1362,53.0,185,9805.0,11.300000000000011
1,300.3,309.2,1650,35.2,196,6899.200000000001,8.899999999999977
1,302.8,312.2,1509,36.5,52,1898.0,9.399999999999977
1,299.2,308.5,1438,46.6,63,2935.8,9.300000000000011
1,296.2,307.3,1881,24.3,40,972.0,11.100000000000023
1,298.5,309.3,1623,33.1,109,3607.9,10.800000000000011
2,303.8,312.4,1597,33.4,203,6780.2,8.599999999999966
1,300.1,309.1,1400,46.7,77,3595.9,9.0
1,297.5,308.2,1647,31.3,3,93.9,10.699999999999989
1,295.5,306.0,1597,37.2,16,595.2,10.5
1,299.5,308.8,1965,20.4,164,3345.6,9.300000000000011
2,298.8,309.7,1589,35.3,149,5259.7,10.899999999999977
1,297.9,308.4,1646,40.6,175,7105.0,10.5
1,299.2,308.5,1821,26.1,69,1800.9,9.300000000000011
1,302.8,310.9,1636,35.0,38,1330.0,8.099999999999966
2,300.7,310.8,1469,46.4,75,3480.0,10.100000000000023
0,302.7,312.0,1484,41.5,65,2697.5,9.300000000000011
1,298.9,310.1,1361,51.7,192,9926.400000000001,11.200000000000045
1,304.0,313.2,1632,30.6,121,3702.6000000000004,9.199999999999989
1,303.5,312.5,1457,46.4,168,7795.2,9.0
0,300.3,309.7,1582,30.8,144,4435.2,9.399999999999977
1,298.9,308.6,1771,24.1,213,5133.3,9.700000000000045
1,297.2,308.4,1460,42.1,41,1726.1000000000001,11.199999999999989
0,299.7,309.2,1302,55.5,87,4828.5,9.5
1,301.3,310.9,1596,33.9,157,5322.3,9.599999999999966
1,298.4,308.9,1706,29.5,107,3156.5,10.5
2,301.5,311.1,1402,40.0,94,3760.0,9.600000000000023
1,297.9,309.0,1382,43.9,116,5092.4,11.100000000000023
2,297.2,308.5,1353,46.5,185,8602.5,11.300000000000011
1,302.5,312.0,1411,44.2,177,7823.400000000001,9.5
0,298.2,308.8,1436,51.9,153,7940.7,10.600000000000023
1,298.9,309.5,1645,31.1,169,5255.900000000001,10.600000000000023
2,303.2,311.2,1688,31.9,33,1052.7,8.0
1,300.5,311.9,1431,49.4,37,1827.8,11.399999999999977
1,297.9,307.8,1397,45.0,104,4680.0,9.900000000000034
1,301.7,309.9,1317,49.0,187,9163.0,8.199999999999989
1,299.1,310.5,1419,48.8,76,3708.7999999999997,11.399999999999977
2,298.1,308.0,1924,20.8,29,603.2,9.899999999999977
1,302.7,310.7,1398,57.7,19,1096.3,8.0
1,303.7,313.1,1721,34.8,50,1739.9999999999998,9.400000000000034
1,298.2,307.7,1503,38.3,87,3332.1,9.5
1,301.0,311.2,1363,46.3,62,2870.6,10.199999999999989
1,299.4,309.3,1544,36.0,197,7092.0,9.900000000000034
1,302.5,311.5,1802,26.4,192,5068.799999999999,9.0
0,300.3,309.9,1677,30.1,130,3913.0,9.599999999999966
1,301.3,310.5,1337,52.7,106,5586.200000000001,9.199999999999989
1,300.7,310.0,1672,29.7,176,5227.2,9.300000000000011
1,297.8,307.5,1448,51.2,107,5478.400000000001,9.699999999999989
2,299.0,310.0,1667,30.0,53,1590.0,11.0
2,298.7,309.9,1434,53.0,144,7632.0,11.199999999999989
1,299.9,309.5,1349,51.3,176,9028.8,9.600000000000023
1,301.7,310.6,1406,46.0,112,5152.0,8.900000000000034
1,301.5,310.4,1488,41.1,151,6206.1,8.899999999999977
1,302.6,312.0,1447,45.5,173,7871.5,9.399999999999977
1,299.0,309.9,1411,44.7,94,4201.8,10.899999999999977
1,303.4,312.2,1337,69.4,52,3608.8,8.800000000000011
1,298.3,308.6,1499,38.3,142,5438.599999999999,10.300000000000011
2,297.9,307.8,1450,43.5,106,4611.0,9.900000000000034
2,297.4,308.5,1566,31.4,76,2386.4,11.100000000000023
0,299.2,308.9,1712,26.4,95,2508.0,9.699999999999989
1,297.4,308.5,1475,47.2,69,3256.8,11.100000000000023
1,298.8,308.2,1443,53.4,21,1121.3999999999999,9.399999999999977
1,301.6,310.8,1564,34.1,150,5115.0,9.199999999999989
1,301.2,310.3,1497,45.7,76,3473.2000000000003,9.100000000000023
1,300.9,311.1,1417,40.7,24,976.8000000000001,10.200000000000045
1,300.7,310.8,1597,30.5,38,1159.0,10.100000000000023
2,302.2,310.1,1572,34.6,17,588.2,7.900000000000034
1,300.5,310.3,1683,31.5,8,252.0,9.800000000000011
1,298.2,308.7,1447,48.4,51,2468.4,10.5
2,302.3,311.4,1500,40.2,30,1206.0,9.099999999999966
2,297.9,309.8,1693,29.9,35,1046.5,11.900000000000034
1,303.3,311.4,1732,25.6,232,5939.200000000001,8.099999999999966
1,301.8,310.3,1482,41.4,63,2608.2,8.5
1,298.8,310.0,1528,36.7,147,5394.900000000001,11.199999999999989
1,297.3,308.3,1484,43.9,13,570.6999999999999,11.0
2,302.9,312.6,1394,46.4,82,3804.7999999999997,9.700000000000045
1,298.3,309.1,1386,45.3,212,9603.599999999999,10.800000000000011
1,298.9,310.0,1794,27.2,114,3100.7999999999997,11.100000000000023
2,297.9,307.5,1647,30.8,212,6529.6,9.600000000000023
1,299.5,308.7,1446,45.7,173,7906.1,9.199999999999989
2,301.7,310.8,1954,21.6,198,4276.8,9.100000000000023
1,296.9,308.3,1513,38.8,189,7333.2,11.400000000000034
1,300.6,310.9,1471,37.9,86,3259.4,10.299999999999955
1,301.0,310.1,1558,32.6,0,0.0,9.100000000000023
1,298.2,307.9,1429,49.4,141,6965.4,9.699999999999989
1,303.7,312.8,1523,40.7,59,2401.3,9.100000000000023
1,303.9,313.3,1394,51.6,121,6243.6,9.400000000000034
1,299.3,309.0,1516,38.7,64,2476.8,9.699999999999989
1,302.9,312.4,1446,41.7,196,8173.200000000001,9.5
1,297.1,307.9,1496,44.7,88,3933.6000000000004,10.799999999999955
1,297.5,309.3,1564,37.5,20,750.0,11.800000000000011
1,299.3,308.6,1474,49.6,191,9473.6,9.300000000000011
1,299.0,308.6,1466,46.4,112,5196.8,9.600000000000023
2,301.2,311.1,1574,34.3,4,137.2,9.900000000000034
2,298.1,307.9,1759,28.6,176,5033.6,9.799999999999955
1,301.8,309.7,1442,45.3,233,10554.9,7.899999999999977
2,301.4,310.8,1738,30.3,104,3151.2000000000003,9.400000000000034
2,299.1,308.6,1499,45.1,185,8343.5,9.5
1,298.9,308.6,1560,32.2,118,3799.6000000000004,9.700000000000045
1,303.5,311.6,1361,46.5,62,2883.0,8.100000000000023
1,299.8,311.1,1412,42.5,181,7692.5,11.300000000000011
1,301.5,310.5,1380,48.7,160,7792.0,9.0
2,301.1,311.2,1384,49.4,48,2371.2,10.099999999999966
2,303.7,312.8,1558,37.7,206,7766.200000000001,9.100000000000023
2,298.5,309.3,1512,38.1,170,6477.0,10.800000000000011
1,299.1,308.5,1455,39.8,145,5771.0,9.399999999999977
2,298.3,308.9,1390,49.7,23,1143.1000000000001,10.599999999999966
1,299.6,310.2,1469,47.0,15,705.0,10.599999999999966
1,300.3,311.5,1634,31.9,36,1148.3999999999999,11.199999999999989
2,298.1,308.8,1628,37.6,12,451.20000000000005,10.699999999999989
1,302.4,311.5,1785,24.8,45,1116.0,9.100000000000023
2,298.0,309.2,1558,41.7,35,1459.5,11.199999999999989
2,303.9,313.0,1901,22.5,110,2475.0,9.100000000000023
1,301.3,310.1,1558,36.3,184,6679.2,8.800000000000011
2,300.5,310.0,1415,43.5,98,4263.0,9.5
2,299.8,309.5,1453,43.2,153,6609.6,9.699999999999989
1,297.5,308.1,1631,30.6,146,4467.6,10.600000000000023
2,297.4,308.1,1734,27.7,70,1939.0,10.700000000000045
1,298.1,308.1,1791,27.3,63,1719.9,10.0
2,297.4,308.5,1600,42.1,190,7999.0,11.100000000000023
1,300.4,311.2,1351,62.0,18,1116.0,10.800000000000011
1,298.4,309.5,1545,36.6,117,4282.2,11.100000000000023
1,298.7,309.9,1541,38.5,208,8008.0,11.199999999999989
2,299.9,309.4,1889,26.0,6,156.0,9.5
1,303.7,312.8,1364,46.3,44,2037.1999999999998,9.100000000000023
1,298.4,310.0,1559,44.2,23,1016.6,11.600000000000023
1,302.4,310.3,1374,51.2,163,8345.6,7.900000000000034
1,300.0,309.3,1887,22.6,120,2712.0,9.300000000000011
1,297.5,308.6,1596,37.1,30,1113.0,11.100000000000023
1,301.5,310.5,1702,28.7,135,3874.5,9.0
1,300.6,311.7,1553,39.8,0,0.0,11.099999999999966
1,298.4,309.6,1479,37.8,144,5443.2,11.200000000000045
1,301.4,310.4,1737,31.9,96,3062.3999999999996,9.0
1,299.9,310.4,1497,47.0,150,7050.0,10.5
1,299.0,309.4,1798,25.5,89,2269.5,10.399999999999977
2,299.8,310.0,1397,48.1,164,7888.400000000001,10.199999999999989
2,299.4,308.7,1487,52.6,205,10783.0,9.300000000000011
1,300.2,311.4,1463,37.5,145,5437.5,11.199999999999989
1,298.1,307.8,1565,35.3,119,4200.7,9.699999999999989
2,303.8,313.0,1514,45.0,113,5085.0,9.199999999999989
1,301.4,311.0,1334,53.3,157,8368.1,9.600000000000023
1,299.1,310.4,1519,45.3,92,4167.599999999999,11.299999999999955
1,301.4,310.7,1509,38.3,95,3638.4999999999995,9.300000000000011
1,303.0,311.2,1601,32.9,69,2270.1,8.199999999999989
2,301.5,310.4,1378,55.3,109,6027.7,8.899999999999977
1,302.6,310.3,1647,34.2,14,478.80000000000007,7.699999999999989
2,299.3,309.2,1334,46.3,31,1435.3,9.899999999999977
0,301.1,310.8,1792,25.8,121,3121.8,9.699999999999989
2,303.7,312.0,2663,11.4,71,809.4,8.300000000000011
0,300.9,311.3,1668,28.9,183,5288.7,10.400000000000034
0,303.7,312.6,1514,35.5,138,4899.0,8.900000000000034
1,301.6,310.6,1321,60.8,73,4438.4,9.0
1,297.4,309.0,1583,32.0,166,5312.0,11.600000000000023
2,300.2,311.6,1513,40.8,157,6405.599999999999,11.400000000000034
2,298.6,308.3,1717,28.7,29,832.3,9.699999999999989
2,302.0,310.8,1783,23.1,190,4389.0,8.800000000000011
1,302.3,311.0,1412,47.0,164,7708.0,8.699999999999989
1,300.1,311.3,1535,42.3,92,3891.6,11.199999999999989
2,298.3,307.8,1330,55.4,114,6315.599999999999,9.5
2,296.8,307.9,1418,47.9,127,6083.3,11.099999999999966
1,298.0,307.8,1839,22.7,79,1793.3,9.800000000000011
1,302.3,311.8,1435,44.8,98,4390.4,9.5
2,301.3,310.0,1696,32.4,202,6544.799999999999,8.699999999999989
0,298.0,308.0,1479,50.7,70,3549.0,10.0
1,300.1,309.5,1660,32.7,57,1863.9,9.399999999999977
1,296.8,308.0,1561,38.3,9,344.7,11.199999999999989
1,299.2,308.5,1381,60.6,59,3575.4,9.300000000000011
1,300.3,309.1,1368,46.0,171,7866.0,8.800000000000011
0,302.2,311.7,1413,46.5,147,6835.5,9.5
1,298.7,309.8,1695,29.0,145,4205.0,11.100000000000023
1,300.2,311.3,1487,36.9,71,2619.9,11.100000000000023
2,301.3,309.9,1565,36.0,213,7668.0,8.599999999999966
2,297.9,308.5,1449,40.8,157,6405.599999999999,10.600000000000023
1,302.2,310.7,1769,24.9,91,2265.9,8.5
2,300.9,312.1,1851,23.0,156,3588.0,11.200000000000045
1,297.8,309.0,1456,41.2,0,0.0,11.199999999999989
1,300.1,309.7,2151,17.5,173,3027.5,9.599999999999966
0,298.8,310.2,1707,27.6,56,1545.6000000000001,11.399999999999977
0,297.4,308.3,1771,27.4,100,2740.0,10.900000000000034
2,301.8,310.3,1666,32.7,19,621.3000000000001,8.5
1,297.9,307.3,1502,36.7,12,440.40000000000003,9.400000000000034
2,298.1,308.0,1543,41.9,73,3058.7,9.899999999999977
2,300.4,309.8,1725,30.4,195,5928.0,9.400000000000034
1,300.7,311.9,1419,47.7,179,8538.300000000001,11.199999999999989
1,303.7,312.4,1718,26.5,130,3445.0,8.699999999999989
1,302.1,311.3,1477,43.6,196,8545.6,9.199999999999989
0,297.5,308.1,1548,38.2,117,4469.400000000001,10.600000000000023
0,302.0,310.5,1812,24.4,138,3367.2,8.5
2,301.1,310.5,1603,32.6,121,3944.6000000000004,9.399999999999977
0,300.6,311.5,1282,60.2,24,1444.8000000000002,10.899999999999977
2,300.4,311.8,1362,47.6,188,8948.800000000001,11.400000000000034
1,297.9,307.6,1481,38.0,40,1520.0,9.700000000000045
2,302.3,311.8,1879,23.0,124,2852.0,9.5
1,297.7,308.9,1662,28.1,19,533.9,11.199999999999989
2,298.0,307.5,1524,36.3,98,3557.3999999999996,9.5
1,297.2,308.6,1489,40.2,214,8602.800000000001,11.400000000000034
1,302.3,310.8,1723,26.3,213,5601.900000000001,8.5
2,299.4,308.9,1457,41.5,201,8341.5,9.5
2,300.3,309.2,1490,47.9,163,7807.7,8.899999999999977
1,296.8,307.9,1489,33.4,123,4108.2,11.099999999999966
1,300.6,311.7,1744,26.9,111,2985.8999999999996,11.099999999999966
0,298.2,307.6,1318,55.7,0,0.0,9.400000000000034
1,298.6,310.0,1517,41.2,64,2636.8,11.399999999999977
1,297.4,308.5,1486,48.6,75,3645.0,11.100000000000023
1,303.8,313.1,1256,58.7,213,12503.1,9.300000000000011
1,299.4,310.8,1424,47.7,109,5199.3,11.400000000000034
1,300.0,311.3,1493,41.4,28,1159.2,11.300000000000011
1,301.7,310.2,1471,51.1,8,408.8,8.5
0,299.7,309.2,1355,44.8,127,5689.599999999999,9.5
2,299.3,308.7,1289,51.5,185,9527.5,9.399999999999977
1,301.6,310.8,1392,42.4,3,127.19999999999999,9.199999999999989
1,301.5,310.7,1323,49.7,79,3926.3,9.199999999999989
2,298.0,308.6,1254,55.8,65,3627.0,10.600000000000023
1,297.1,308.2,1402,51.2,186,9523.2,11.099999999999966
1,302.3,310.9,1720,28.1,178,5001.8,8.599999999999966
1,299.5,309.3,1941,22.5,18,405.0,9.800000000000011
1,297.1,307.8,1406,60.4,133,8033.2,10.699999999999989
1,296.8,307.9,1420,45.4,70,3178.0,11.099999999999966
2,302.7,311.7,1759,29.9,5,149.5,9.0
1,297.5,309.3,1470,38.8,197,7643.599999999999,11.800000000000011
1,298.2,308.9,1737,25.5,26,663.0,10.699999999999989
1,297.2,308.5,1446,43.7,171,7472.700000000001,11.300000000000011
1,295.8,306.6,1508,46.5,99,4603.5,10.800000000000011
1,303.3,311.5,1412,55.6,67,3725.2000000000003,8.199999999999989
1,298.3,309.1,1537,43.0,123,5289.0,10.800000000000011
2,300.8,312.0,1274,67.3,159,10700.699999999999,11.199999999999989
2,298.1,308.5,1463,45.9,3,137.7,10.399999999999977
1,303.6,312.5,1286,62.4,101,6302.4,8.899999999999977
1,301.7,311.0,1527,42.2,144,6076.8,9.300000000000011
0,299.8,310.2,1411,49.7,161,8001.700000000001,10.399999999999977
1,302.5,312.0,1673,29.9,42,1255.8,9.5
1,303.7,312.3,1349,51.0,105,5355.0,8.600000000000023
2,299.0,310.0,2049,19.5,111,2164.5,11.0
1,298.3,309.5,1542,36.7,134,4917.8,11.199999999999989
2,299.7,309.2,1685,28.9,179,5173.099999999999,9.5
1,296.8,307.8,1565,39.5,124,4898.0,11.0
0,298.1,308.0,1570,35.3,159,5612.7,9.899999999999977
1,300.4,310.4,1286,56.8,46,2612.7999999999997,10.0
1,298.2,307.9,1399,54.9,139,7631.099999999999,9.699999999999989
1,299.7,310.2,1458,43.4,28,1215.2,10.5
1,300.7,309.8,1330,54.4,171,9302.4,9.100000000000023
2,302.0,310.6,1479,40.5,24,972.0,8.600000000000023
0,302.2,311.3,1749,29.2,5,146.0,9.100000000000023
0,299.7,309.3,1494,37.8,214,8089.2,9.600000000000023
1,303.6,313.0,1575,38.3,54,2068.2,9.399999999999977
0,298.6,309.6,1449,42.5,16,680.0,11.0
1,303.3,311.8,1842,24.5,67,1641.5,8.5
2,297.7,308.9,1573,35.1,9,315.90000000000003,11.199999999999989
1,302.4,310.3,1479,36.2,115,4163.0,7.900000000000034
2,298.6,309.5,1580,33.9,70,2373.0,10.899999999999977
1,299.6,309.1,1641,35.8,81,2899.7999999999997,9.5
1,298.5,309.3,1630,33.3,116,3862.7999999999997,10.800000000000011
1,298.2,308.3,2057,18.0,168,3024.0,10.100000000000023
2,302.5,311.8,2023,19.1,74,1413.4,9.300000000000011
2,301.1,310.6,1429,52.7,35,1844.5,9.5
1,303.4,311.9,1491,38.2,26,993.2,8.5
1,301.8,310.1,1738,28.0,58,1624.0,8.300000000000011
0,301.1,311.3,2207,16.6,43,713.8000000000001,10.199999999999989
1,295.5,305.9,1542,36.2,12,434.40000000000003,10.399999999999977
0,298.2,307.6,1460,48.6,204,9914.4,9.400000000000034
1,302.4,311.1,1634,34.2,184,6292.8,8.700000000000045
2,303.7,312.9,1444,52.7,46,2424.2000000000003,9.199999999999989
1,298.2,309.0,1610,31.7,155,4913.5,10.800000000000011
2,298.1,309.0,1533,36.1,189,6822.900000000001,10.899999999999977
2,300.4,311.2,1831,23.4,133,3112.2,10.800000000000011
2,298.2,308.8,1456,41.2,150,6180.0,10.600000000000023
1,301.9,310.8,1519,39.0,90,3510.0,8.900000000000034
1,299.9,309.5,2008,20.4,165,3365.9999999999995,9.600000000000023
1,302.1,311.2,1454,59.2,153,9057.6,9.099999999999966
1,297.4,308.2,1297,52.1,211,10993.1,10.800000000000011
2,300.2,309.6,1556,35.8,36,1288.8,9.400000000000034
0,300.7,311.7,1864,23.6,47,1109.2,11.0
1,296.3,307.1,1560,33.2,186,6175.200000000001,10.800000000000011
1,300.6,310.3,1414,50.6,25,1265.0,9.699999999999989
0,297.7,308.8,1469,43.7,96,4195.200000000001,11.100000000000023
1,295.6,306.1,1474,41.2,156,6427.200000000001,10.5
0,298.3,309.1,1646,30.2,125,3775.0,10.800000000000011
2,298.1,308.8,1394,47.9,70,3353.0,10.699999999999989
2,298.1,308.1,1452,40.8,56,2284.7999999999997,10.0
1,303.9,312.8,1419,47.9,196,9388.4,8.900000000000034
2,301.4,310.6,1464,48.6,96,4665.6,9.200000000000045
1,301.7,310.5,1523,34.7,181,6280.700000000001,8.800000000000011
2,302.4,310.2,1392,55.8,143,7979.4,7.800000000000011
2,301.2,310.8,1396,47.4,5,237.0,9.600000000000023
2,295.6,306.2,1584,33.6,81,2721.6,10.599999999999966
0,297.7,307.6,1538,38.3,63,2412.8999999999996,9.900000000000034
1,301.2,310.7,1551,41.2,82,3378.4,9.5
1,301.7,310.6,1545,42.1,68,2862.8,8.900000000000034
1,298.9,308.5,1387,57.3,154,8824.199999999999,9.600000000000023
0,297.1,307.9,1365,54.0,174,9396.0,10.799999999999955
1,303.3,311.8,1692,30.6,18,550.8000000000001,8.5
1,301.1,309.8,1493,38.9,149,5796.099999999999,8.699999999999989
1,301.7,310.2,1331,61.2,47,2876.4,8.5
0,300.9,310.9,1474,35.7,175,6247.500000000001,10.0
1,300.1,311.1,1619,33.4,186,6212.4,11.0
1,298.9,310.5,1717,26.9,17,457.29999999999995,11.600000000000023
2,298.3,307.7,1520,41.4,10,414.0,9.399999999999977
1,296.8,307.9,1718,25.2,148,3729.6,11.099999999999966
1,302.4,310.2,1331,45.5,53,2411.5,7.800000000000011
2,298.9,309.2,1581,36.7,101,3706.7000000000003,10.300000000000011
2,301.4,310.9,1489,38.9,179,6963.099999999999,9.5
0,300.1,309.1,1560,35.4,14,495.59999999999997,9.0
1,300.2,309.8,1481,41.9,106,4441.4,9.600000000000023
1,299.1,308.5,1371,55.5,159,8824.5,9.399999999999977
1,298.5,309.4,1560,37.9,37,1402.3,10.899999999999977
1,298.2,309.4,1447,47.1,185,8713.5,11.199999999999989
2,295.7,306.4,1387,40.1,81,3248.1,10.699999999999989
1,300.2,309.8,1401,49.3,163,8035.9,9.600000000000023
1,298.6,309.9,1564,37.1,30,1113.0,11.299999999999955
1,297.1,308.1,1584,36.8,215,7911.999999999999,11.0
1,303.6,313.1,1405,38.3,58,2221.3999999999996,9.5
2,302.8,312.2,1469,36.9,143,5276.7,9.399999999999977
1,298.6,309.8,1332,46.4,76,3526.4,11.199999999999989
0,297.9,307.6,1418,43.0,207,8901.0,9.700000000000045
2,297.3,308.1,1731,27.7,42,1163.3999999999999,10.800000000000011
1,301.5,310.5,1589,36.7,118,4330.6,9.0
1,299.2,308.7,1492,37.8,91,3439.7999999999997,9.5
2,301.9,310.6,1260,65.9,29,1911.1000000000001,8.700000000000045
1,301.6,310.7,1679,29.5,10,295.0,9.099999999999966
0,298.7,309.2,1449,42.3,182,7698.599999999999,10.5
1,300.4,311.6,1517,39.0,45,1755.0,11.200000000000045
1,300.5,311.6,1525,37.6,191,7181.6,11.100000000000023
2,303.0,311.1,1428,39.8,181,7203.799999999999,8.100000000000023
1,298.6,309.5,1450,44.2,63,2784.6000000000004,10.899999999999977
1,301.2,310.3,1451,39.7,123,4883.1,9.100000000000023
1,297.4,309.2,1274,54.3,121,6570.299999999999,11.800000000000011
1,298.1,307.6,1460,46.5,143,6649.5,9.5
1,301.9,309.9,1374,48.5,180,8730.0,8.0
0,302.2,311.5,1482,42.6,16,681.6,9.300000000000011
1,300.5,311.4,1445,41.5,66,2739.0,10.899999999999977
1,300.6,310.8,1375,53.2,179,9522.800000000001,10.199999999999989
1,300.6,311.7,1507,45.5,74,3367.0,11.099999999999966
1,298.0,308.7,1619,40.1,45,1804.5,10.699999999999989
2,298.9,310.2,1331,49.0,121,5929.0,11.300000000000011
1,298.4,309.7,1518,39.8,165,6566.999999999999,11.300000000000011
2,301.2,310.7,1426,46.1,67,3088.7000000000003,9.5
1,301.1,311.7,1816,24.5,7,171.5,10.599999999999966
1,300.4,310.0,1423,44.2,189,8353.800000000001,9.600000000000023
1,297.6,308.4,1407,55.2,86,4747.2,10.799999999999955
1,301.3,310.6,1426,40.7,54,2197.8,9.300000000000011
1,298.9,310.5,1640,29.2,195,5694.0,11.600000000000023
1,299.4,309.4,1701,31.2,199,6208.8,10.0
1,301.3,310.1,1269,56.8,195,11076.0,8.800000000000011
1,299.8,311.1,2144,17.7,190,3363.0,11.300000000000011
1,304.5,313.7,1670,32.9,7,230.29999999999998,9.199999999999989
0,299.0,310.0,1387,45.2,110,4972.0,11.0
2,297.4,308.6,1901,22.1,81,1790.1000000000001,11.200000000000045
1,300.0,309.7,1542,47.1,25,1177.5,9.699999999999989
2,300.7,310.3,1471,40.2,59,2371.8,9.600000000000023
1,302.0,310.6,1583,38.9,94,3656.6,8.600000000000023
1,303.1,311.2,1626,32.3,21,678.3,8.099999999999966
2,300.9,310.3,1416,50.9,152,7736.8,9.400000000000034
2,295.7,306.2,1739,25.9,94,2434.6,10.5
2,297.5,308.4,1505,37.2,215,7998.000000000001,10.899999999999977
1,300.8,311.6,1516,35.6,14,498.40000000000003,10.800000000000011
0,298.3,309.1,1484,37.0,28,1036.0,10.800000000000011
2,301.2,311.5,1498,49.5,3,148.5,10.300000000000011
1,300.7,312.1,1512,36.9,153,5645.7,11.400000000000034
2,302.2,310.8,1562,38.1,78,2971.8,8.600000000000023
0,301.6,310.7,1414,51.7,197,10184.900000000001,9.099999999999966
1,301.1,311.1,1508,41.5,184,7636.0,10.0
1,297.3,308.5,1398,60.4,12,724.8,11.199999999999989
2,297.3,308.7,1577,35.6,133,4734.8,11.399999999999977
1,298.9,308.7,1356,50.7,185,9379.5,9.800000000000011
1,300.7,310.1,1598,32.8,79,2591.2,9.400000000000034
1,297.2,308.7,1669,30.7,72,2210.4,11.5
2,301.0,311.5,1550,34.9,162,5653.8,10.5
1,299.8,309.5,1545,32.2,18,579.6,9.699999999999989
1,300.2,311.4,1433,37.9,36,1364.3999999999999,11.199999999999989
1,298.6,309.5,1687,29.3,47,1377.1000000000001,10.899999999999977
1,302.3,311.6,1544,34.3,0,0.0,9.300000000000011
2,301.0,310.9,1575,34.6,150,5190.0,9.899999999999977
1,297.6,308.3,1424,53.9,132,7114.8,10.699999999999989
0,302.2,311.9,1597,35.8,160,5728.0,9.699999999999989
1,302.7,310.5,1263,67.8,197,13356.599999999999,7.800000000000011
1,299.7,309.6,1512,36.2,172,6226.400000000001,9.900000000000034
2,300.6,311.0,1401,54.6,94,5132.400000000001,10.399999999999977
1,300.1,311.3,1676,30.3,151,4575.3,11.199999999999989
2,296.7,307.8,1537,36.3,233,8457.9,11.100000000000023
1,302.5,310.5,1463,43.0,189,8127.0,8.0
2,301.9,310.4,1373,48.0,73,3504.0,8.5
1,297.5,308.5,1530,38.5,93,3580.5,11.0
2,297.9,307.9,1540,39.8,38,1512.3999999999999,10.0
1,296.8,307.6,1368,52.0,140,7280.0,10.800000000000011
1,297.2,308.3,1569,31.2,63,1965.6,11.100000000000023
2,297.6,308.2,1995,20.5,10,205.0,10.599999999999966
2,297.5,308.6,1349,51.5,21,1081.5,11.100000000000023
2,298.0,307.6,1301,58.5,155,9067.5,9.600000000000023
1,300.2,309.8,1506,41.8,161,6729.799999999999,9.600000000000023
0,297.8,309.4,1445,48.2,10,482.0,11.599999999999966
1,301.7,310.1,1402,50.1,3,150.3,8.400000000000034
2,298.9,310.2,2099,20.0,98,1960.0,11.300000000000011
2,298.3,309.4,1509,34.2,141,4822.200000000001,11.099999999999966
2,300.3,311.4,1554,34.3,99,3395.7,11.099999999999966
2,297.6,308.3,1567,34.6,71,2456.6,10.699999999999989
2,299.7,309.0,1645,31.9,155,4944.5,9.300000000000011
1,301.7,310.1,1384,50.5,38,1919.0,8.400000000000034
0,299.4,308.9,1762,29.3,91,2666.3,9.5
1,303.5,311.6,1577,38.1,112,4267.2,8.100000000000023
1,298.0,308.0,1615,29.5,15,442.5,10.0
1,300.2,311.6,1606,31.0,199,6169.0,11.400000000000034
1,302.8,312.3,1386,57.8,172,9941.6,9.5
1,298.2,308.7,1428,54.9,45,2470.5,10.5
1,302.6,312.1,1473,37.3,184,6863.2,9.5
2,300.0,311.4,1466,39.0,125,4875.0,11.399999999999977
1,299.9,311.3,1371,52.3,167,8734.1,11.400000000000034
1,300.5,311.5,1661,35.9,110,3949.0,11.0
2,300.9,310.7,1485,41.0,181,7421.0,9.800000000000011
2,303.0,311.2,1460,43.9,103,4521.7,8.199999999999989
2,298.7,309.5,1487,33.6,183,6148.8,10.800000000000011
2,304.3,313.6,1585,32.1,202,6484.200000000001,9.300000000000011
2,300.7,309.6,1568,35.2,82,2886.4,8.900000000000034
2,300.5,309.9,1466,53.2,172,9150.4,9.399999999999977
1,296.7,307.9,1420,50.1,138,6913.8,11.199999999999989
2,298.1,308.9,1459,50.3,115,5784.5,10.799999999999955
0,298.3,309.5,1521,37.1,84,3116.4,11.199999999999989
2,297.9,309.0,1530,40.9,42,1717.8,11.100000000000023
2,298.7,310.0,1519,38.1,198,7543.8,11.300000000000011
0,297.5,308.9,1419,50.7,7,354.90000000000003,11.399999999999977
1,297.6,309.0,1822,25.4,202,5130.799999999999,11.399999999999977
2,300.3,309.8,1617,40.8,158,6446.4,9.5
2,297.9,307.6,1202,67.0,129,8643.0,9.700000000000045
2,298.4,309.2,1491,51.2,13,665.6,10.800000000000011
2,298.9,308.6,1425,49.6,35,1736.0,9.700000000000045
2,295.5,306.1,1822,24.3,164,3985.2000000000003,10.600000000000023
1,298.6,309.7,1703,26.1,5,130.5,11.099999999999966
1,302.4,311.9,1578,29.9,44,1315.6,9.5
1,298.3,309.0,1519,36.9,41,1512.8999999999999,10.699999999999989
1,302.1,311.2,1369,50.8,164,8331.199999999999,9.099999999999966
1,302.5,311.9,1553,40.1,187,7498.7,9.399999999999977
1,298.0,308.7,1626,36.7,210,7707.000000000001,10.699999999999989
1,300.7,309.5,1578,35.4,34,1203.6,8.800000000000011
1,298.6,309.8,1469,42.8,205,8774.0,11.199999999999989
1,301.0,311.0,1399,58.0,190,11020.0,10.0
1,300.2,311.0,1255,71.8,149,10698.199999999999,10.800000000000011
1,300.6,311.1,1471,40.7,26,1058.2,10.5
1,296.2,307.1,1441,41.7,3,125.10000000000001,10.900000000000034
1,299.1,308.8,1502,46.7,197,9199.900000000001,9.699999999999989
1,300.4,311.2,1471,46.5,164,7626.0,10.800000000000011
0,298.5,308.4,1612,36.1,174,6281.400000000001,9.899999999999977
1,300.4,311.9,1868,21.3,92,1959.6000000000001,11.5
1,298.3,307.8,1906,22.1,104,2298.4,9.5
1,299.4,310.8,1391,48.9,139,6797.099999999999,11.400000000000034
2,298.1,308.2,1654,35.3,155,5471.5,10.099999999999966
1,297.3,308.5,1504,42.0,142,5964.0,11.199999999999989
1,302.0,310.1,1361,45.4,174,7899.599999999999,8.100000000000023
2,297.6,308.8,1453,39.7,69,2739.3,11.199999999999989
2,297.9,309.0,1525,38.5,113,4350.5,11.100000000000023
1,296.7,307.8,1453,46.0,33,1518.0,11.100000000000023
2,297.5,308.6,1327,52.1,24,1250.4,11.100000000000023
1,297.7,307.4,1764,29.0,139,4031.0,9.699999999999989
0,300.5,310.7,1654,28.6,161,4604.6,10.199999999999989
2,303.4,311.9,1419,50.9,39,1985.1,8.5
1,303.9,313.2,1590,31.9,5,159.5,9.300000000000011
1,301.7,311.2,1482,43.6,154,6714.400000000001,9.5
1,301.1,310.9,1282,67.9,10,679.0,9.799999999999955
1,298.9,310.4,1546,37.7,159,5994.3,11.5
1,297.9,307.4,1606,35.5,14,497.0,9.5
0,297.0,308.1,1410,47.6,79,3760.4,11.100000000000023
2,302.4,310.7,1521,40.4,152,6140.8,8.300000000000011
1,298.2,308.4,1478,42.9,183,7850.7,10.199999999999989
1,298.2,308.3,1304,49.8,45,2241.0,10.100000000000023
2,300.5,309.9,1483,49.3,124,6113.2,9.399999999999977
2,298.8,308.6,1707,28.1,103,2894.3,9.800000000000011
2,300.5,312.0,1779,27.7,46,1274.2,11.5
2,303.4,312.2,1561,38.2,45,1719.0000000000002,8.800000000000011
2,303.7,312.7,1669,31.7,120,3804.0,9.0
1,300.6,311.9,1413,41.3,43,1775.8999999999999,11.299999999999955
1,296.9,307.8,1605,37.0,84,3108.0,10.900000000000034
2,301.9,309.7,1568,37.5,135,5062.5,7.800000000000011
1,301.8,310.6,1451,50.7,108,5475.6,8.800000000000011
1,302.4,310.1,1906,21.2,110,2332.0,7.7000000000000455
1,301.4,310.4,1334,43.2,133,5745.6,9.0
0,300.2,311.6,1547,37.7,217,8180.900000000001,11.400000000000034
1,302.0,309.9,1388,51.4,183,9406.199999999999,7.899999999999977
1,299.2,308.4,1350,51.3,96,4924.799999999999,9.199999999999989
1,297.4,309.0,1570,37.9,154,5836.599999999999,11.600000000000023
1,299.0,310.1,1375,48.9,59,2885.1,11.100000000000023
1,298.3,308.6,1570,34.8,175,6089.999999999999,10.300000000000011
0,298.4,308.2,1987,19.8,198,3920.4,9.800000000000011
0,295.6,306.1,1256,62.3,142,8846.6,10.5
2,296.7,307.4,1533,32.5,182,5915.0,10.699999999999989
1,302.3,310.9,1377,46.8,166,7768.799999999999,8.599999999999966
2,301.3,311.0,1463,50.2,214,10742.800000000001,9.699999999999989
2,298.3,308.5,1434,46.2,148,6837.6,10.199999999999989
1,300.3,310.4,1336,54.4,52,2828.7999999999997,10.099999999999966
2,298.1,308.1,1390,49.8,85,4233.0,10.0
1,302.4,311.1,1880,24.5,156,3822.0,8.700000000000045
1,300.3,309.8,1466,41.2,156,6427.200000000001,9.5
2,300.4,311.7,1478,39.9,185,7381.5,11.300000000000011
0,297.2,308.1,1770,27.2,140,3808.0,10.900000000000034
1,300.3,309.1,1699,30.3,178,5393.400000000001,8.800000000000011
1,298.0,308.6,1610,33.1,56,1853.6000000000001,10.600000000000023
1,300.2,311.5,1549,37.2,67,2492.4,11.300000000000011
1,301.0,310.9,1392,52.9,173,9151.699999999999,9.899999999999977
1,303.9,313.0,1433,48.4,178,8615.199999999999,9.100000000000023
2,302.2,311.6,1379,42.9,13,557.6999999999999,9.400000000000034
1,302.4,311.0,1555,40.6,205,8323.0,8.600000000000023
2,302.3,311.7,1442,41.7,127,5295.900000000001,9.399999999999977
1,302.1,311.4,1603,35.9,104,3733.6,9.299999999999955
2,297.0,307.8,1579,34.1,94,3205.4,10.800000000000011
1,302.3,311.3,1652,32.8,108,3542.3999999999996,9.0
0,300.4,309.8,1409,47.5,138,6555.0,9.400000000000034
2,298.8,309.8,1490,38.6,127,4902.2,11.0
2,301.8,311.1,1597,29.8,177,5274.6,9.300000000000011
1,300.9,312.1,1423,40.2,63,2532.6000000000004,11.200000000000045
1,302.6,312.3,1534,34.3,31,1063.3,9.699999999999989
2,300.2,310.1,1474,44.0,198,8712.0,9.900000000000034
2,304.2,313.5,1739,28.1,80,2248.0,9.300000000000011
1,298.2,307.8,2029,19.9,96,1910.3999999999999,9.600000000000023
1,295.7,306.2,2270,14.6,149,2175.4,10.5
2,302.1,311.5,1383,53.6,108,5788.8,9.399999999999977
2,298.9,310.1,1469,53.2,189,10054.800000000001,11.200000000000045
2,301.5,310.4,1350,54.9,153,8399.699999999999,8.899999999999977
1,298.6,310.0,1522,40.3,32,1289.6,11.399999999999977
2,301.0,310.9,1765,24.2,179,4331.8,9.899999999999977
1,299.8,309.2,1504,38.7,212,8204.400000000001,9.399999999999977
2,300.7,310.8,1724,30.0,76,2280.0,10.100000000000023
1,300.0,311.4,1484,37.0,183,6771.0,11.399999999999977
1,300.9,310.1,2090,17.8,133,2367.4,9.200000000000045
1,302.4,310.3,1900,24.4,113,2757.2,7.900000000000034
2,301.2,312.4,1505,39.6,102,4039.2000000000003,11.199999999999989
1,302.2,311.3,1378,55.5,35,1942.5,9.100000000000023
1,303.5,313.0,1547,40.3,73,2941.8999999999996,9.5
2,299.7,311.1,1649,32.7,185,6049.500000000001,11.400000000000034
1,301.9,311.3,1501,40.8,59,2407.2,9.400000000000034
1,297.6,308.6,1326,62.4,173,10795.199999999999,11.0
1,302.9,310.8,1610,32.2,17,547.4000000000001,7.900000000000034
1,300.7,310.9,1637,37.2,115,4278.0,10.199999999999989
1,300.1,309.4,1694,27.4,44,1205.6,9.299999999999955
2,301.6,310.4,1452,45.7,164,7494.8,8.799999999999955
1,297.4,308.3,1284,60.3,50,3015.0,10.900000000000034
0,298.2,308.3,1824,24.2,49,1185.8,10.100000000000023
1,301.0,310.9,1570,34.0,192,6528.0,9.899999999999977
1,295.6,306.3,1911,20.9,74,1546.6,10.699999999999989
1,303.8,313.1,1394,45.4,36,1634.3999999999999,9.300000000000011
1,299.5,309.4,1602,31.5,193,6079.5,9.899999999999977
1,300.1,311.3,1305,64.7,66,4270.2,11.199999999999989
0,300.9,310.7,1609,28.7,39,1119.3,9.800000000000011
2,302.9,312.3,1426,44.7,157,7017.900000000001,9.400000000000034
2,298.0,307.7,1621,34.9,194,6770.599999999999,9.699999999999989
1,301.4,310.6,1578,33.0,181,5973.0,9.200000000000045
1,299.1,310.3,1411,42.1,74,3115.4,11.199999999999989
1,299.0,308.7,2248,16.8,204,3427.2000000000003,9.699999999999989
1,301.9,311.0,1541,38.9,193,7507.7,9.100000000000023
1,298.5,309.9,1482,42.1,15,631.5,11.399999999999977
1,301.8,310.3,1341,50.5,64,3232.0,8.5
2,298.9,310.0,1323,52.9,106,5607.4,11.100000000000023
1,300.7,310.1,1542,35.5,191,6780.5,9.400000000000034
0,297.2,308.5,1482,39.3,187,7349.099999999999,11.300000000000011
0,304.0,313.2,1612,31.7,206,6530.2,9.199999999999989
1,300.1,311.5,1454,52.4,90,4716.0,11.399999999999977
1,298.4,308.1,1279,53.1,9,477.90000000000003,9.700000000000045
1,297.3,308.5,1503,43.3,90,3896.9999999999995,11.199999999999989
1,303.7,312.8,1832,23.6,35,826.0,9.100000000000023
1,300.1,310.1,1306,64.7,57,3687.9,10.0
1,299.4,310.4,1582,31.7,181,5737.7,11.0
2,298.6,309.6,1397,54.1,47,2542.7000000000003,11.0
1,299.2,308.5,1370,52.4,61,3196.4,9.300000000000011
2,301.5,310.6,1382,58.1,67,3892.7000000000003,9.100000000000023
1,299.0,308.7,1706,28.6,206,5891.6,9.699999999999989
2,300.7,311.0,1418,49.3,106,5225.799999999999,10.300000000000011
2,299.1,308.3,1506,38.0,125,4750.0,9.199999999999989
1,297.5,309.0,1470,43.5,191,8308.5,11.5
0,300.9,312.0,1720,27.9,202,5635.799999999999,11.100000000000023
1,297.4,308.7,1468,46.6,94,4380.400000000001,11.300000000000011
1,302.7,310.6,1686,26.3,9,236.70000000000002,7.900000000000034
1,304.0,313.0,1350,61.1,88,5376.8,9.0
2,301.9,309.6,1385,45.8,217,9938.599999999999,7.7000000000000455
0,299.1,308.3,1521,36.5,40,1460.0,9.199999999999989
1,297.3,308.3,1504,36.3,45,1633.4999999999998,11.0
2,298.8,309.9,1495,35.2,214,7532.8,11.099999999999966
1,300.7,310.6,1540,52.7,85,4479.5,9.900000000000034
2,300.8,310.1,1686,26.9,128,3443.2,9.300000000000011
1,297.5,308.8,1477,39.0,127,4953.0,11.300000000000011
2,297.2,308.6,1498,44.4,9,399.59999999999997,11.400000000000034
1,300.2,309.5,1356,51.1,133,6796.3,9.300000000000011
1,300.6,312.0,1430,42.7,130,5551.0,11.399999999999977
1,296.3,307.1,1654,29.6,188,5564.8,10.800000000000011
1,297.3,308.0,1527,35.1,165,5791.5,10.699999999999989
2,301.6,310.4,1455,39.0,118,4602.0,8.799999999999955
1,302.5,310.3,1405,57.4,152,8724.8,7.800000000000011
0,299.3,308.6,1520,41.4,67,2773.7999999999997,9.300000000000011
1,298.9,310.3,1496,36.3,161,5844.299999999999,11.400000000000034
1,297.5,308.6,1437,43.3,34,1472.1999999999998,11.100000000000023
1,300.4,311.7,1460,39.6,162,6415.2,11.300000000000011
1,302.1,311.5,1477,45.4,111,5039.4,9.399999999999977
2,299.2,308.3,1582,45.5,107,4868.5,9.100000000000023
1,302.1,310.7,1314,52.8,8,422.4,8.599999999999966
1,300.9,310.5,1894,21.9,188,4117.2,9.600000000000023
1,299.7,310.6,1479,38.0,137,5206.0,10.900000000000034
1,298.0,308.6,1626,33.3,50,1664.9999999999998,10.600000000000023
1,301.1,309.6,1502,48.9,160,7824.0,8.5
1,302.2,310.9,1531,37.5,60,2250.0,8.699999999999989
1,297.9,309.5,1390,47.9,127,6083.3,11.600000000000023
0,299.6,311.0,1714,30.2,128,3865.6,11.399999999999977
1,297.8,307.5,1372,54.1,157,8493.7,9.699999999999989
1,299.1,308.5,1689,32.1,192,6163.200000000001,9.399999999999977
2,298.5,309.5,1315,48.9,127,6210.3,11.0
1,298.3,310.1,1545,36.3,90,3266.9999999999995,11.800000000000011
1,303.4,312.2,1580,35.8,90,3221.9999999999995,8.800000000000011
0,301.5,310.5,1453,48.0,124,5952.0,9.0
1,300.4,311.2,1530,32.0,169,5408.0,10.800000000000011
2,298.1,308.6,1551,42.8,0,0.0,10.5
1,297.8,308.9,1506,33.5,26,871.0,11.099999999999966
2,297.4,309.1,1582,35.9,180,6462.0,11.700000000000045
1,300.2,309.6,1430,52.7,47,2476.9,9.400000000000034
0,300.3,311.6,1463,41.6,102,4243.2,11.300000000000011
1,302.0,310.8,1445,49.1,2,98.2,8.800000000000011
2,302.6,312.2,1458,38.8,34,1319.1999999999998,9.599999999999966
0,297.2,308.4,2182,17.3,119,2058.7000000000003,11.199999999999989
2,300.4,311.7,1508,45.4,164,7445.599999999999,11.300000000000011
2,300.1,310.2,1429,42.0,206,8652.0,10.099999999999966
1,301.4,310.4,1388,45.3,188,8516.4,9.0
2,302.6,312.4,1410,50.3,33,1659.8999999999999,9.799999999999955
1,300.7,309.5,1685,31.1,27,839.7,8.800000000000011
1,301.6,310.8,1418,44.7,46,2056.2000000000003,9.199999999999989
1,299.9,311.3,1802,24.4,151,3684.3999999999996,11.400000000000034
0,298.5,309.4,1414,46.7,102,4763.400000000001,10.899999999999977
0,300.8,310.8,1466,45.2,188,8497.6,10.0
1,301.2,310.8,1479,41.2,155,6386.0,9.600000000000023
1,303.6,313.0,1534,39.7,115,4565.5,9.399999999999977
1,302.3,311.7,1465,43.5,117,5089.5,9.399999999999977
2,300.2,311.6,1751,28.0,162,4536.0,11.400000000000034
1,303.4,311.8,2268,15.8,20,316.0,8.400000000000034
1,302.2,311.7,1471,45.6,140,6384.0,9.5
2,300.5,309.3,1589,34.9,91,3175.9,8.800000000000011
1,297.4,308.8,1651,34.1,163,5558.3,11.400000000000034
1,296.8,308.0,1497,41.7,231,9632.7,11.199999999999989
1,297.3,308.3,2188,17.0,32,544.0,11.0
2,300.7,310.6,1505,35.6,105,3738.0,9.900000000000034
1,298.0,307.6,1694,29.1,169,4917.900000000001,9.600000000000023
1,299.3,308.8,1550,45.8,170,7785.999999999999,9.5
1,300.3,311.7,1707,33.6,158,5308.8,11.399999999999977
1,301.2,310.3,1499,38.1,61,2324.1,9.100000000000023
1,302.2,310.4,1743,28.1,170,4777.0,8.199999999999989
1,301.2,310.6,1389,45.3,64,2899.2,9.400000000000034
1,298.8,308.7,1591,31.1,68,2114.8,9.899999999999977
1,298.8,308.8,1555,40.6,61,2476.6,10.0
1,297.3,308.6,1511,35.7,120,4284.0,11.300000000000011
2,304.2,313.4,1713,23.5,50,1175.0,9.199999999999989
1,302.4,310.9,1560,31.8,172,5469.6,8.5
0,297.0,307.7,1834,23.8,195,4641.0,10.699999999999989
1,300.7,311.8,1564,36.8,11,404.79999999999995,11.100000000000023
1,298.1,308.7,1341,55.7,30,1671.0,10.599999999999966
1,301.3,311.1,1647,28.2,140,3948.0,9.800000000000011
1,297.4,308.5,1369,53.2,43,2287.6,11.100000000000023
1,300.8,309.6,1680,28.7,22,631.4,8.800000000000011
1,300.6,310.0,1658,34.7,88,3053.6000000000004,9.399999999999977
0,300.5,309.8,1324,72.8,159,11575.199999999999,9.300000000000011
2,296.2,307.2,1389,48.6,7,340.2,11.0
1,303.4,312.0,1521,35.9,215,7718.5,8.600000000000023
1,297.0,307.9,1493,46.1,173,7975.3,10.899999999999977
1,298.6,309.9,1393,45.5,38,1729.0,11.299999999999955
1,302.3,311.7,1400,41.6,136,5657.6,9.399999999999977
1,298.2,307.9,1847,23.6,69,1628.4,9.699999999999989
2,301.6,310.7,1813,24.6,210,5166.0,9.099999999999966
1,300.5,309.3,1475,46.8,94,4399.2,8.800000000000011
2,300.7,309.7,1523,38.2,73,2788.6000000000004,9.0
1,303.4,311.8,1366,50.9,200,10180.0,8.400000000000034
0,298.2,308.4,1678,34.6,81,2802.6,10.199999999999989
1,301.0,311.9,1454,41.9,33,1382.7,10.899999999999977
1,300.0,311.1,1425,47.8,179,8556.199999999999,11.100000000000023
1,297.0,307.8,1583,37.2,189,7030.8,10.800000000000011
1,299.2,310.5,1384,48.7,93,4529.1,11.300000000000011
2,302.9,312.3,1339,52.1,145,7554.5,9.400000000000034
2,299.1,308.6,2329,14.6,95,1387.0,9.5
1,301.4,310.7,1280,61.0,106,6466.0,9.300000000000011
1,297.9,307.8,1451,38.2,80,3056.0,9.900000000000034
1,300.7,309.8,1363,53.1,183,9717.300000000001,9.100000000000023
0,298.9,310.1,1491,45.3,133,6024.9,11.200000000000045
0,302.2,311.6,1534,37.2,41,1525.2,9.400000000000034
1,303.6,311.8,1567,31.7,97,3074.9,8.199999999999989
1,301.5,310.5,1479,34.2,147,5027.400000000001,9.0
1,303.7,312.3,1922,23.1,193,4458.3,8.600000000000023
2,298.8,310.0,1486,38.5,55,2117.5,11.199999999999989
2,301.2,310.8,1734,31.3,64,2003.2,9.600000000000023
1,300.7,311.1,1478,46.8,165,7721.999999999999,10.400000000000034
2,297.8,307.4,1330,51.7,183,9461.1,9.599999999999966
1,301.4,310.7,1786,26.1,123,3210.3,9.300000000000011
1,303.7,312.7,1426,45.5,192,8736.0,9.0
1,300.5,309.3,1417,51.5,231,11896.5,8.800000000000011
2,298.2,308.0,1577,35.9,151,5420.9,9.800000000000011
1,298.2,309.2,1922,22.6,132,2983.2000000000003,11.0
1,299.3,309.2,1541,37.2,118,4389.6,9.899999999999977
1,300.5,311.6,1425,42.4,102,4324.8,11.100000000000023
1,299.0,310.2,1477,37.9,60,2274.0,11.199999999999989
2,300.5,309.4,1877,23.8,31,737.8000000000001,8.899999999999977
1,301.7,310.6,1471,43.8,80,3504.0,8.900000000000034
1,299.4,309.1,1207,66.5,66,4389.0,9.700000000000045
1,302.4,310.1,1426,46.8,95,4446.0,7.7000000000000455
1,300.6,310.6,1497,38.2,83,3170.6000000000004,10.0
2,297.5,308.4,1350,52.2,157,8195.4,10.899999999999977
1,299.6,310.9,1448,46.3,196,9074.8,11.299999999999955
1,298.9,309.0,1601,32.3,202,6524.599999999999,10.100000000000023
1,296.3,307.2,1637,31.6,27,853.2,10.899999999999977
1,302.6,312.1,1519,38.1,178,6781.8,9.5
1,300.7,310.8,1653,31.6,111,3507.6000000000004,10.100000000000023
1,300.6,311.7,1556,34.9,76,2652.4,11.099999999999966
2,298.8,309.1,1472,47.5,125,5937.5,10.300000000000011
1,297.4,308.3,1465,42.0,13,546.0,10.900000000000034
0,296.1,306.8,1645,31.0,41,1271.0,10.699999999999989
2,301.1,310.7,1583,40.7,2,81.4,9.599999999999966
0,300.7,310.5,1567,38.7,129,4992.3,9.800000000000011
1,301.5,310.8,1413,44.6,166,7403.6,9.300000000000011
1,299.1,308.9,1617,32.3,223,7202.9,9.799999999999955
1,297.9,307.6,1612,30.7,134,4113.8,9.700000000000045
1,303.5,312.9,1544,36.9,87,3210.2999999999997,9.399999999999977
0,301.4,310.7,1329,52.0,160,8320.0,9.300000000000011
2,298.2,307.9,1462,38.8,124,4811.2,9.699999999999989
1,300.7,310.7,1425,45.3,48,2174.3999999999996,10.0
2,300.1,309.0,1612,33.0,34,1122.0,8.899999999999977
1,301.7,310.3,1397,44.6,57,2542.2000000000003,8.600000000000023
2,299.5,309.1,1420,49.5,5,247.5,9.600000000000023
1,298.8,308.6,1584,34.4,42,1444.8,9.800000000000011
1,300.8,312.0,1374,50.2,154,7730.8,11.199999999999989
0,301.9,310.3,1653,32.4,100,3240.0,8.400000000000034
2,302.4,311.4,1508,41.2,60,2472.0,9.0
1,298.3,310.1,1408,45.3,78,3533.3999999999996,11.800000000000011
1,303.4,311.8,1438,58.9,22,1295.8,8.400000000000034
2,301.5,310.4,1276,55.6,158,8784.800000000001,8.899999999999977
1,296.5,307.6,1607,33.5,104,3484.0,11.100000000000023
1,300.9,310.0,2595,13.7,207,2835.8999999999996,9.100000000000023
1,300.8,310.9,1398,38.2,50,1910.0000000000002,10.099999999999966
1,301.8,310.8,1383,46.4,37,1716.8,9.0
2,300.5,311.6,1246,52.9,165,8728.5,11.100000000000023
2,297.3,308.8,1548,41.3,140,5782.0,11.5
1,298.8,308.4,1369,53.0,138,7314.0,9.599999999999966
1,297.3,308.2,1553,33.5,2,67.0,10.899999999999977
0,300.7,310.2,1877,24.8,64,1587.2,9.5
1,300.2,311.6,1500,39.0,174,6786.0,11.400000000000034
1,302.4,311.0,1486,40.4,192,7756.799999999999,8.600000000000023
1,298.3,309.3,1401,51.9,14,726.6,11.0
1,298.1,308.0,1638,35.1,38,1333.8,9.899999999999977
1,299.8,311.1,1300,64.2,165,10593.0,11.300000000000011
1,296.8,308.2,1361,53.8,193,10383.4,11.399999999999977
1,297.6,308.3,1410,47.0,191,8977.0,10.699999999999989
1,299.0,310.4,1981,21.2,125,2650.0,11.399999999999977
1,297.7,308.1,1697,29.1,179,5208.900000000001,10.400000000000034
1,302.1,310.9,1666,30.7,203,6232.099999999999,8.799999999999955
1,300.2,310.5,1416,46.7,90,4203.0,10.300000000000011
1,300.6,310.7,1438,48.5,78,3783.0,10.099999999999966
1,300.6,311.7,1432,39.2,2,78.4,11.099999999999966
2,298.4,309.4,1429,41.8,203,8485.4,11.0
2,297.8,309.1,1424,45.5,2,91.0,11.300000000000011
1,297.4,309.4,1466,45.5,53,2411.5,12.0
1,300.3,309.6,1597,31.8,73,2321.4,9.300000000000011
1,299.8,309.4,1510,42.5,146,6205.0,9.599999999999966
2,302.2,311.3,1521,40.6,52,2111.2000000000003,9.100000000000023
2,301.2,310.1,2280,15.7,11,172.7,8.900000000000034
2,299.4,309.0,1939,19.8,204,4039.2000000000003,9.600000000000023
1,297.2,308.8,1451,43.1,68,2930.8,11.600000000000023
2,302.3,311.7,1368,53.6,165,8844.0,9.399999999999977
1,302.0,310.5,1567,36.1,124,4476.400000000001,8.5
2,297.5,308.8,1455,46.1,147,6776.7,11.300000000000011
1,301.3,311.0,1554,47.7,84,4006.8,9.699999999999989
1,300.5,311.1,1547,37.2,7,260.40000000000003,10.600000000000023
1,296.8,308.1,1289,62.0,199,12338.0,11.300000000000011
2,300.2,311.7,1397,50.2,71,3564.2000000000003,11.5
2,299.2,308.4,1476,32.7,101,3302.7000000000003,9.199999999999989
1,299.1,310.4,1594,33.3,147,4895.099999999999,11.299999999999955
1,301.5,310.6,1522,36.6,202,7393.200000000001,9.100000000000023
1,303.8,312.6,1735,25.9,154,3988.6,8.800000000000011
2,301.1,310.2,1850,27.7,44,1218.8,9.099999999999966
1,296.9,307.9,1423,43.9,149,6541.099999999999,11.0
2,304.1,313.5,1470,45.8,85,3892.9999999999995,9.399999999999977
2,297.5,308.4,1403,44.3,25,1107.5,10.899999999999977
2,299.3,310.5,1462,40.5,24,972.0,11.199999999999989
0,298.9,309.6,1600,33.5,175,5862.5,10.700000000000045
1,300.6,309.3,1601,40.2,69,2773.8,8.699999999999989
2,297.6,308.5,1443,38.2,85,3247.0000000000005,10.899999999999977
1,300.3,309.4,1705,29.4,190,5586.0,9.099999999999966
1,299.6,309.0,1378,51.9,162,8407.8,9.399999999999977
1,297.3,308.4,1430,45.7,15,685.5,11.099999999999966
1,298.7,309.9,1446,43.3,46,1991.8,11.199999999999989
1,299.2,310.7,1477,44.0,19,836.0,11.5
1,300.6,309.4,1369,51.6,71,3663.6,8.799999999999955
1,301.1,311.1,1429,42.5,123,5227.5,10.0
1,297.5,308.6,1388,48.2,203,9784.6,11.100000000000023
2,303.5,312.3,1532,41.7,32,1334.4,8.800000000000011
1,300.0,311.5,1349,48.6,113,5491.8,11.5
1,300.2,311.5,1639,31.1,31,964.1,11.300000000000011
1,299.8,309.4,1633,27.5,29,797.5,9.599999999999966
2,299.0,310.0,1338,56.4,29,1635.6,11.0
1,298.3,308.0,1442,47.3,65,3074.5,9.699999999999989
2,300.6,311.7,1424,50.8,182,9245.6,11.099999999999966
1,300.5,312.0,1415,44.6,23,1025.8,11.5
1,297.3,308.4,1339,52.1,36,1875.6000000000001,11.099999999999966
2,298.8,309.6,1384,48.2,39,1879.8000000000002,10.800000000000011
1,298.4,309.5,1692,28.3,136,3848.8,11.100000000000023
1,297.5,308.6,1793,26.7,70,1869.0,11.100000000000023
2,303.1,312.5,1667,30.0,160,4800.0,9.399999999999977
1,300.5,311.5,1302,49.6,80,3968.0,11.0
2,301.6,310.6,1309,65.8,75,4935.0,9.0
1,298.2,308.1,1462,50.8,27,1371.6,9.900000000000034
1,301.3,311.0,1856,21.9,189,4139.099999999999,9.699999999999989
0,296.9,308.3,1474,39.2,177,6938.400000000001,11.400000000000034
1,300.3,309.9,1377,55.3,4,221.2,9.599999999999966
2,301.9,311.3,1522,35.6,63,2242.8,9.400000000000034
1,300.7,312.3,1715,26.8,146,3912.8,11.600000000000023
2,298.3,309.4,1595,29.0,103,2987.0,11.099999999999966
1,303.3,311.6,1301,45.1,219,9876.9,8.300000000000011
2,301.7,310.1,1644,34.6,5,173.0,8.400000000000034
2,300.4,310.6,1448,44.9,21,942.9,10.200000000000045
2,300.4,309.6,1521,35.0,119,4165.0,9.200000000000045
1,302.2,310.6,1348,48.4,161,7792.4,8.400000000000034
1,300.0,311.2,1504,37.9,58,2198.2,11.199999999999989
1,300.4,311.7,1314,59.5,160,9520.0,11.300000000000011
1,300.5,310.3,1435,43.3,31,1342.3,9.800000000000011
1,297.9,309.0,1456,46.5,52,2418.0,11.100000000000023
2,300.1,311.7,1400,48.5,205,9942.5,11.599999999999966
1,300.0,309.4,1460,43.5,102,4437.0,9.399999999999977
1,298.0,309.6,1403,51.3,122,6258.599999999999,11.600000000000023
1,300.5,311.4,1432,47.5,51,2422.5,10.899999999999977
2,302.2,311.7,1393,42.5,53,2252.5,9.5
1,297.3,308.7,1556,36.7,114,4183.8,11.399999999999977
1,299.4,308.9,1451,40.5,168,6804.0,9.5
1,298.9,308.9,1753,25.8,33,851.4,10.0
1,300.3,311.9,1692,31.5,187,5890.5,11.599999999999966
1,299.9,309.3,1620,31.1,196,6095.6,9.400000000000034
1,300.2,310.0,1486,40.1,182,7298.2,9.800000000000011
1,302.9,312.2,1469,42.0,214,8988.0,9.300000000000011
1,298.9,310.0,1776,25.7,51,1310.7,11.100000000000023
0,300.2,311.5,1454,42.8,88,3766.3999999999996,11.300000000000011
1,300.5,311.1,1491,42.6,11,468.6,10.600000000000023
1,300.8,310.8,1460,53.8,41,2205.7999999999997,10.0
1,302.3,311.8,1433,50.3,183,9204.9,9.5
1,301.9,310.8,1735,31.5,66,2079.0,8.900000000000034
1,303.4,311.5,1414,44.8,71,3180.7999999999997,8.100000000000023
1,303.5,311.9,1344,49.3,93,4584.9,8.399999999999977
2,299.1,310.4,1422,49.3,69,3401.7,11.299999999999955
2,298.0,309.4,1276,65.9,50,3295.0000000000005,11.399999999999977
1,300.1,309.6,1546,36.7,77,2825.9,9.5
1,299.6,309.1,2266,15.3,79,1208.7,9.5
1,298.2,308.4,1497,37.7,207,7803.900000000001,10.199999999999989
1,297.0,307.8,1774,28.0,188,5264.0,10.800000000000011
1,297.4,308.8,1620,33.4,186,6212.4,11.400000000000034
2,295.3,305.7,1473,38.5,189,7276.5,10.399999999999977
1,298.8,308.5,1450,50.8,57,2895.6,9.699999999999989
1,301.3,310.6,1966,22.6,161,3638.6000000000004,9.300000000000011
1,300.1,309.3,1570,36.8,189,6955.2,9.199999999999989
2,300.9,309.5,1758,26.8,116,3108.8,8.600000000000023
0,303.2,311.2,1475,43.1,20,862.0,8.0
2,301.5,311.1,1396,43.5,112,4872.0,9.600000000000023
2,297.4,309.1,1463,35.0,183,6405.0,11.700000000000045
1,298.0,308.3,1473,42.6,107,4558.2,10.300000000000011
1,300.4,309.5,1525,51.3,4,205.2,9.100000000000023
1,298.1,308.9,1351,52.4,102,5344.8,10.799999999999955
1,298.0,308.7,1506,47.0,208,9776.0,10.699999999999989
1,302.3,311.8,1281,51.7,61,3153.7000000000003,9.5
1,298.4,309.7,1457,44.2,175,7735.000000000001,11.300000000000011
1,299.2,308.5,1488,40.3,148,5964.4,9.300000000000011
2,303.8,312.7,1374,53.6,136,7289.6,8.899999999999977
1,302.9,312.2,1605,33.9,86,2915.4,9.300000000000011
1,298.8,309.6,1890,24.0,173,4152.0,10.800000000000011
1,303.6,312.0,1391,50.3,101,5080.299999999999,8.399999999999977
1,298.6,309.8,1597,35.9,213,7646.7,11.199999999999989
1,297.9,307.8,1365,46.9,73,3423.7,9.900000000000034
1,301.2,310.7,1517,39.4,107,4215.8,9.5
0,298.1,308.3,1530,42.0,184,7728.0,10.199999999999989
1,301.0,311.3,1342,50.9,60,3054.0,10.300000000000011
1,297.7,308.2,2007,19.3,181,3493.3,10.5
1,303.2,311.4,1324,54.2,228,12357.6,8.199999999999989
2,297.4,308.7,1582,31.9,161,5135.9,11.300000000000011
1,297.4,308.4,1664,28.1,67,1882.7,11.0
1,298.6,309.4,1471,48.0,141,6768.0,10.799999999999955
1,302.9,312.3,1435,47.7,173,8252.1,9.400000000000034
0,298.0,308.6,1526,41.8,160,6688.0,10.600000000000023
1,300.7,310.5,1561,33.2,48,1593.6000000000001,9.800000000000011
2,300.6,309.9,1449,42.4,169,7165.599999999999,9.299999999999955
1,301.7,311.0,1548,40.3,21,846.3,9.300000000000011
1,302.0,310.9,1539,34.2,13,444.6,8.899999999999977
1,302.6,311.0,1424,38.0,144,5472.0,8.399999999999977
1,299.0,310.4,1483,41.5,96,3984.0,11.399999999999977
0,297.5,308.5,1393,46.6,56,2609.6,11.0
1,298.1,309.0,1559,34.0,54,1836.0,10.899999999999977
1,298.9,308.6,1539,45.4,4,181.6,9.700000000000045
2,303.7,312.7,1316,51.8,197,10204.599999999999,9.0
0,298.4,308.4,1479,39.2,58,2273.6000000000004,10.0
2,301.0,309.8,1594,31.1,143,4447.3,8.800000000000011
1,302.3,311.2,1401,49.7,118,5864.6,8.899999999999977
1,298.1,308.5,1676,30.5,22,671.0,10.399999999999977
2,299.6,309.1,1435,48.4,143,6921.2,9.5
1,298.4,307.9,1743,27.3,134,3658.2000000000003,9.5
2,299.0,310.1,1705,30.1,84,2528.4,11.100000000000023
1,296.7,307.8,1605,31.3,128,4006.4,11.100000000000023
1,298.8,309.8,1485,42.4,74,3137.6,11.0
1,301.6,310.1,1362,55.8,70,3906.0,8.5
1,299.1,310.4,1450,40.9,85,3476.5,11.299999999999955
1,302.5,311.1,1493,39.0,137,5343.0,8.600000000000023
2,297.5,308.6,1486,45.9,78,3580.2,11.100000000000023
1,297.3,308.1,1468,49.8,0,0.0,10.800000000000011
2,296.5,307.4,1565,43.5,194,8439.0,10.899999999999977
2,298.1,309.0,1976,19.3,158,3049.4,10.899999999999977
1,300.7,311.9,1335,57.1,194,11077.4,11.199999999999989
2,300.2,309.7,1183,61.4,170,10438.0,9.5
1,300.8,312.5,1517,39.2,107,4194.400000000001,11.699999999999989
1,298.7,309.9,1371,51.3,201,10311.3,11.199999999999989
1,301.3,310.7,1536,39.3,31,1218.3,9.399999999999977
1,300.8,312.6,1376,53.6,119,6378.400000000001,11.800000000000011
2,298.4,309.7,1679,33.3,167,5561.099999999999,11.300000000000011
1,301.8,310.7,1461,44.2,49,2165.8,8.899999999999977
1,300.7,312.3,1418,49.0,69,3381.0,11.600000000000023
2,297.5,308.3,1476,45.6,31,1413.6000000000001,10.800000000000011
1,299.2,308.5,1487,41.2,140,5768.0,9.300000000000011
1,299.3,309.0,1491,38.4,115,4416.0,9.699999999999989
2,297.6,308.6,1482,38.3,39,1493.6999999999998,11.0
1,300.9,309.7,1460,42.1,181,7620.1,8.800000000000011
0,297.7,309.4,1608,30.2,135,4077.0,11.699999999999989
1,298.4,309.2,1610,32.4,194,6285.599999999999,10.800000000000011
1,301.4,310.4,1430,50.9,178,9060.199999999999,9.0
2,299.3,310.5,1563,42.1,19,799.9,11.199999999999989
2,301.6,310.7,1421,44.4,94,4173.599999999999,9.099999999999966
2,298.3,308.0,1766,26.0,96,2496.0,9.699999999999989
0,297.3,308.1,1477,52.3,2,104.6,10.800000000000011
2,297.9,309.1,1614,38.1,62,2362.2000000000003,11.200000000000045
1,297.4,308.8,1447,58.1,129,7494.900000000001,11.400000000000034
1,297.7,308.4,1740,27.1,136,3685.6000000000004,10.699999999999989
1,298.5,309.4,1578,36.3,71,2577.2999999999997,10.899999999999977
1,297.7,308.9,1458,41.1,14,575.4,11.199999999999989
2,298.3,308.8,1349,52.1,104,5418.400000000001,10.5
1,296.8,307.9,1706,30.8,111,3418.8,11.099999999999966
1,301.3,311.2,1675,32.1,12,385.20000000000005,9.899999999999977
1,300.6,310.6,2127,18.7,53,991.0999999999999,10.0
1,298.5,308.3,1504,38.0,20,760.0,9.800000000000011
2,298.0,308.1,1587,32.3,30,968.9999999999999,10.100000000000023
2,300.7,310.6,1778,27.1,215,5826.5,9.900000000000034
1,300.9,312.1,1359,51.7,146,7548.200000000001,11.200000000000045
1,303.6,312.3,1451,43.4,119,5164.599999999999,8.699999999999989
1,297.4,308.2,1386,41.0,35,1435.0,10.800000000000011
2,304.1,313.2,1586,41.1,129,5301.900000000001,9.099999999999966
2,298.6,309.5,1404,43.3,33,1428.8999999999999,10.899999999999977
2,302.5,311.1,1638,32.0,198,6336.0,8.600000000000023
1,299.0,309.9,1373,55.7,201,11195.7,10.899999999999977
2,302.4,310.3,1375,52.5,161,8452.5,7.900000000000034
1,304.1,313.0,1566,37.2,7,260.40000000000003,8.899999999999977
1,302.3,311.4,1476,37.3,20,746.0,9.099999999999966
1,300.6,309.4,1410,40.6,99,4019.4,8.799999999999955
1,297.5,309.3,1623,33.4,74,2471.6,11.800000000000011
1,298.3,308.1,1412,52.3,218,11401.4,9.800000000000011
2,296.2,307.2,1168,63.4,172,10904.8,11.0
1,300.3,309.2,1532,40.2,194,7798.8,8.899999999999977
2,299.4,308.6,1541,39.1,109,4261.900000000001,9.200000000000045
1,299.8,309.6,1598,31.0,139,4309.0,9.800000000000011
2,300.5,311.3,1468,41.1,34,1397.4,10.800000000000011
1,303.1,312.9,1511,40.1,107,4290.7,9.799999999999955
0,297.2,308.3,1453,45.8,105,4809.0,11.100000000000023
1,299.5,309.0,1498,44.6,101,4504.6,9.5
2,298.7,309.4,1375,48.3,157,7583.099999999999,10.699999999999989
2,302.5,311.9,1298,57.5,57,3277.5,9.399999999999977
1,298.2,308.3,1688,32.0,202,6464.0,10.100000000000023
2,298.5,308.7,1367,47.3,47,2223.1,10.199999999999989
2,296.3,307.3,1498,41.6,15,624.0,11.0
0,302.8,312.3,1336,57.5,187,10752.5,9.5
1,299.0,309.4,1419,48.3,91,4395.3,10.399999999999977
2,300.1,310.3,1345,57.1,71,4054.1,10.199999999999989
1,299.0,310.3,1483,39.2,153,5997.6,11.300000000000011
2,296.9,307.8,1544,37.6,109,4098.400000000001,10.900000000000034
1,298.9,308.8,1530,38.3,23,880.9,9.900000000000034
2,299.9,310.4,1576,34.3,188,6448.4,10.5
1,302.0,310.6,1467,44.9,86,3861.4,8.600000000000023
1,298.7,308.4,1694,28.7,195,5596.5,9.699999999999989
1,300.1,310.5,1356,45.8,126,5770.799999999999,10.399999999999977
2,300.9,311.5,1704,31.3,159,4976.7,10.600000000000023
1,299.4,309.0,1800,24.3,128,3110.4,9.600000000000023
2,302.5,312.0,1521,40.2,174,6994.8,9.5
1,301.1,311.0,1565,52.3,183,9570.9,9.899999999999977
1,297.6,308.0,1258,57.4,139,7978.599999999999,10.399999999999977
1,296.9,308.1,1741,28.8,60,1728.0,11.200000000000045
2,302.6,312.0,1496,45.0,79,3555.0,9.399999999999977
1,297.4,308.3,1412,42.0,111,4662.0,10.900000000000034
2,297.4,308.4,1517,41.0,18,738.0,11.0
2,298.4,309.0,1507,36.1,191,6895.1,10.600000000000023
2,298.5,309.7,1557,37.7,86,3242.2000000000003,11.199999999999989
2,302.3,311.7,1504,37.3,107,3991.1,9.399999999999977
1,297.5,308.5,1597,36.4,112,4076.7999999999997,11.0
0,300.7,309.6,1403,51.3,174,8926.199999999999,8.900000000000034
2,299.0,310.2,1598,33.4,44,1469.6,11.199999999999989
2,299.3,308.7,1390,49.3,215,10599.5,9.399999999999977
0,300.2,309.7,1483,43.8,108,4730.4,9.5
0,297.8,308.4,1512,35.1,138,4843.8,10.599999999999966
1,298.4,309.2,1335,53.5,168,8988.0,10.800000000000011
2,297.6,308.5,1490,43.4,154,6683.599999999999,10.899999999999977
2,298.9,309.0,1812,25.9,174,4506.599999999999,10.100000000000023
1,301.4,310.4,1433,43.4,86,3732.4,9.0
2,300.6,310.5,1462,41.3,68,2808.3999999999996,9.899999999999977
1,297.7,308.2,1446,43.9,172,7550.8,10.5
1,301.0,311.3,1472,35.3,73,2576.8999999999996,10.300000000000011
1,298.9,309.9,1309,56.2,119,6687.8,11.0
2,301.0,310.9,1515,41.8,170,7105.999999999999,9.899999999999977
1,300.4,311.8,1589,42.0,201,8442.0,11.400000000000034
0,297.2,308.5,2440,14.0,166,2324.0,11.300000000000011
0,296.5,307.4,1432,49.2,64,3148.8,10.899999999999977
1,300.3,311.7,1406,47.5,14,665.0,11.399999999999977
1,302.6,311.9,1448,49.5,72,3564.0,9.299999999999955
1,298.0,308.2,1620,35.8,5,179.0,10.199999999999989
1,301.5,310.4,1474,39.9,53,2114.7,8.899999999999977
0,299.8,309.0,1467,37.3,193,7198.9,9.199999999999989
1,300.5,311.4,1466,41.8,112,4681.599999999999,10.899999999999977
1,298.6,308.2,1361,68.2,172,11730.4,9.599999999999966
1,301.9,310.9,1542,36.7,101,3706.7000000000003,9.0
1,302.5,312.0,1456,46.3,208,9630.4,9.5
1,300.2,311.7,1640,30.8,191,5882.8,11.5
2,295.5,305.9,1453,47.3,9,425.7,10.399999999999977
1,297.5,308.9,1729,28.1,189,5310.900000000001,11.399999999999977
2,298.0,309.9,1445,45.2,55,2486.0,11.899999999999977
1,304.2,313.4,1475,40.2,98,3939.6000000000004,9.199999999999989
2,298.9,308.9,1679,28.7,181,5194.7,10.0
1,300.2,310.0,1389,53.6,184,9862.4,9.800000000000011
1,300.9,310.3,1440,47.6,140,6664.0,9.400000000000034
2,302.3,311.1,1435,43.1,149,6421.900000000001,8.800000000000011
1,302.9,312.5,1629,30.4,74,2249.6,9.600000000000023
1,297.0,308.1,1489,44.1,96,4233.6,11.100000000000023
2,297.4,308.1,1620,31.2,143,4461.599999999999,10.700000000000045
2,302.4,311.1,1432,44.5,195,8677.5,8.700000000000045
0,298.4,308.3,1458,42.9,15,643.5,9.900000000000034
1,298.2,308.7,2186,17.8,31,551.8000000000001,10.5
2,298.2,308.3,1560,33.0,181,5973.0,10.100000000000023
1,298.6,309.8,1544,30.2,113,3412.6,11.199999999999989
1,300.3,309.9,1570,34.0,31,1054.0,9.599999999999966
1,299.5,309.3,1442,46.2,5,231.0,9.800000000000011
2,302.3,310.9,1558,31.9,207,6603.299999999999,8.599999999999966
2,299.7,309.1,1576,36.4,149,5423.599999999999,9.400000000000034
2,302.1,311.3,1497,38.4,28,1075.2,9.199999999999989
1,297.1,307.8,1584,42.3,135,5710.5,10.699999999999989
2,300.9,310.7,1268,56.3,161,9064.3,9.800000000000011
0,299.1,308.8,1553,32.6,90,2934.0,9.699999999999989
2,298.2,308.5,2678,10.7,86,920.1999999999999,10.300000000000011
1,297.9,309.8,1336,71.6,31,2219.6,11.900000000000034
1,301.6,310.6,1613,42.5,97,4122.5,9.0
1,297.9,307.8,1286,59.5,55,3272.5,9.900000000000034
1,297.4,307.9,1557,35.5,174,6177.0,10.5
1,300.7,311.0,1318,48.2,128,6169.6,10.300000000000011
1,302.4,311.1,1446,42.9,5,214.5,8.700000000000045
2,298.5,308.6,1344,53.0,114,6042.0,10.100000000000023
2,301.8,310.8,1618,37.8,59,2230.2,9.0
1,300.1,311.4,1356,45.7,149,6809.3,11.299999999999955
1,302.8,312.3,1494,37.5,198,7425.0,9.5
1,302.6,310.5,1511,37.2,197,7328.400000000001,7.899999999999977
1,300.9,312.4,1372,51.0,142,7242.0,11.5
2,296.7,307.5,1515,42.1,55,2315.5,10.800000000000011
1,299.1,310.5,1496,35.2,60,2112.0,11.399999999999977
1,298.8,309.8,1490,40.6,124,5034.400000000001,11.0
2,304.0,313.0,1377,56.0,61,3416.0,9.0
1,301.5,310.8,1367,49.0,193,9457.0,9.300000000000011
1,303.9,313.2,1481,44.1,197,8687.7,9.300000000000011
1,301.8,310.7,1751,29.3,133,3896.9,8.899999999999977
2,300.1,309.2,1418,39.8,221,8795.8,9.099999999999966
1,302.0,311.0,1566,37.8,218,8240.4,9.0
1,302.8,310.6,1617,37.9,207,7845.299999999999,7.800000000000011
2,297.6,309.0,1815,25.3,66,1669.8,11.399999999999977
1,298.4,308.6,1609,35.0,103,3605.0,10.200000000000045
2,300.0,309.6,1423,48.7,67,3262.9,9.600000000000023
1,297.9,308.5,1305,47.2,155,7316.0,10.600000000000023
1,298.1,307.9,1614,35.8,196,7016.799999999999,9.799999999999955
1,299.5,309.3,1462,46.7,7,326.90000000000003,9.800000000000011
1,303.5,312.3,1404,48.6,193,9379.800000000001,8.800000000000011
1,300.9,310.6,1504,46.4,129,5985.599999999999,9.700000000000045
1,299.9,310.1,1681,29.1,197,5732.700000000001,10.200000000000045
1,301.2,310.7,1568,38.3,49,1876.6999999999998,9.5
2,299.2,308.8,1523,38.9,112,4356.8,9.600000000000023
1,302.3,310.1,1321,52.7,134,7061.8,7.800000000000011
1,297.3,308.7,1551,40.0,125,5000.0,11.399999999999977
2,300.6,309.4,1367,63.2,45,2844.0,8.799999999999955
1,299.1,310.1,1486,40.7,39,1587.3000000000002,11.0
2,298.2,307.7,1681,31.0,84,2604.0,9.5
2,299.2,310.4,1504,43.3,37,1602.1,11.199999999999989
1,304.0,313.1,1404,47.1,90,4239.0,9.100000000000023
2,297.3,308.2,1677,34.9,21,732.9,10.899999999999977
0,302.1,311.6,1701,26.2,46,1205.2,9.5
2,303.5,312.7,1402,47.0,23,1081.0,9.199999999999989
1,301.9,310.7,1717,26.8,27,723.6,8.800000000000011
2,299.2,310.0,1349,50.4,226,11390.4,10.800000000000011
2,298.0,307.5,1784,27.8,163,4531.400000000001,9.5
2,303.4,311.4,1307,54.0,44,2376.0,8.0
1,300.3,311.7,1821,26.3,202,5312.6,11.399999999999977
1,298.9,308.5,1742,34.5,117,4036.5,9.600000000000023
1,297.5,308.4,1633,33.3,213,7092.9,10.899999999999977
1,301.3,310.7,1516,46.0,119,5474.0,9.399999999999977
1,298.5,308.2,1654,27.1,13,352.3,9.699999999999989
1,298.3,307.9,1703,28.9,147,4248.3,9.599999999999966
2,298.6,309.5,1684,27.8,44,1223.2,10.899999999999977
2,298.2,307.8,1411,53.4,110,5874.0,9.600000000000023
2,298.2,308.9,1585,34.3,33,1131.8999999999999,10.699999999999989
1,300.7,309.9,1412,45.3,155,7021.5,9.199999999999989
1,298.3,308.4,1585,30.6,127,3886.2000000000003,10.099999999999966
1,297.4,308.3,1493,41.2,43,1771.6000000000001,10.900000000000034
0,300.4,309.9,2563,12.8,81,1036.8,9.5
2,302.1,310.1,1379,48.2,166,8001.200000000001,8.0
1,298.5,309.5,1428,43.5,87,3784.5,11.0
0,303.8,312.9,1570,35.8,147,5262.599999999999,9.099999999999966
1,300.7,309.6,1541,34.6,131,4532.6,8.900000000000034
0,297.6,309.6,1278,50.4,2,100.8,12.0
1,300.1,309.3,1712,28.5,141,4018.5,9.199999999999989
2,301.3,310.5,1481,39.7,85,3374.5000000000005,9.199999999999989
1,298.0,309.6,1536,37.3,120,4476.0,11.600000000000023
1,300.4,309.9,1496,31.8,154,4897.2,9.5
1,296.9,307.7,1464,41.4,6,248.39999999999998,10.800000000000011
1,299.3,309.1,1634,36.8,62,2281.6,9.800000000000011
2,298.8,310.2,1583,35.7,116,4141.200000000001,11.399999999999977
1,303.8,312.9,1442,48.3,52,2511.6,9.099999999999966
2,298.7,309.8,1528,36.7,197,7229.900000000001,11.100000000000023
1,300.7,312.1,1395,41.9,157,6578.3,11.400000000000034
1,299.2,308.5,1867,27.0,138,3726.0,9.300000000000011
1,298.5,309.7,2617,12.1,102,1234.2,11.199999999999989
2,300.5,309.8,1508,37.8,150,5670.0,9.300000000000011
2,300.3,309.1,1458,44.3,175,7752.499999999999,8.800000000000011
0,302.4,312.0,1457,43.4,23,998.1999999999999,9.600000000000023
1,299.3,309.1,1293,53.7,189,10149.300000000001,9.800000000000011
2,300.3,311.1,1350,58.7,130,7631.0,10.800000000000011
1,303.1,312.7,1353,51.8,97,5024.599999999999,9.599999999999966
1,300.5,312.0,1646,29.5,106,3127.0,11.5
1,297.1,307.8,1477,36.6,177,6478.2,10.699999999999989
1,298.9,310.2,1971,23.2,155,3596.0,11.300000000000011
1,299.1,308.3,1325,46.9,28,1313.2,9.199999999999989
1,297.7,308.7,1479,45.7,93,4250.1,11.0
1,304.0,313.1,1720,28.7,106,3042.2,9.100000000000023
1,302.8,312.2,1515,36.8,162,5961.599999999999,9.399999999999977
1,299.0,310.1,1580,41.9,55,2304.5,11.100000000000023
2,303.9,313.1,1668,34.4,137,4712.8,9.200000000000045
0,297.7,309.7,1616,31.1,20,622.0,12.0
1,299.0,310.4,1382,53.0,89,4717.0,11.399999999999977
1,301.9,310.7,1947,25.0,137,3425.0,8.800000000000011
2,297.1,307.8,1538,34.3,181,6208.299999999999,10.699999999999989
1,299.0,310.1,1444,47.7,161,7679.700000000001,11.100000000000023
1,300.2,311.7,1286,55.1,42,2314.2000000000003,11.5
2,298.4,308.2,1499,40.0,211,8440.0,9.800000000000011
1,299.3,309.0,1447,50.4,140,7056.0,9.699999999999989
0,301.6,310.8,1435,47.2,152,7174.400000000001,9.199999999999989
1,299.0,310.3,1472,36.1,97,3501.7000000000003,11.300000000000011
2,302.2,311.4,1398,47.2,202,9534.400000000001,9.199999999999989
2,298.9,310.1,1555,40.6,176,7145.6,11.200000000000045
2,302.2,311.2,1873,24.0,99,2376.0,9.0
1,300.7,310.7,1431,39.3,22,864.5999999999999,10.0
2,300.7,311.7,1499,38.9,3,116.69999999999999,11.0
1,297.8,308.5,1699,27.8,199,5532.2,10.699999999999989
1,302.7,310.6,1501,48.7,4,194.8,7.900000000000034
1,301.0,310.9,1578,38.4,49,1881.6,9.899999999999977
1,298.7,309.9,1753,26.8,40,1072.0,11.199999999999989
1,300.1,310.1,1380,52.6,59,3103.4,10.0
1,297.3,308.7,1619,31.6,129,4076.4,11.399999999999977
2,299.0,310.3,1558,35.4,223,7894.2,11.300000000000011
1,302.7,312.2,1336,46.8,179,8377.199999999999,9.5
1,298.8,309.1,1513,40.3,160,6448.0,10.300000000000011
2,298.8,308.5,1425,47.4,90,4266.0,9.699999999999989
2,301.3,310.7,1819,25.5,46,1173.0,9.399999999999977
1,302.4,311.0,1462,48.5,81,3928.5,8.600000000000023
0,302.5,311.5,1655,32.3,142,4586.599999999999,9.0
0,301.1,310.6,1407,43.9,111,4872.9,9.5
0,301.8,311.2,1451,39.4,70,2758.0,9.399999999999977
1,299.7,309.3,1574,35.8,6,214.79999999999998,9.600000000000023
1,300.1,310.2,1475,54.2,53,2872.6000000000004,10.099999999999966
1,299.0,310.1,1699,32.9,87,2862.2999999999997,11.100000000000023
1,298.8,308.6,1501,35.0,55,1925.0,9.800000000000011
1,300.1,309.2,1599,30.1,216,6501.6,9.099999999999966
1,301.1,311.6,1432,48.1,202,9716.2,10.5
0,303.1,312.6,1404,40.6,152,6171.2,9.5
2,301.2,312.3,1548,38.3,87,3332.1,11.100000000000023
2,300.8,310.3,1526,36.3,205,7441.499999999999,9.5
1,298.3,309.1,1417,60.5,143,8651.5,10.800000000000011
2,301.9,310.7,1405,47.9,80,3832.0,8.800000000000011
1,303.9,313.0,1483,45.0,78,3510.0,9.100000000000023
1,298.8,309.5,1374,48.1,159,7647.900000000001,10.699999999999989
2,298.1,307.6,1565,36.3,140,5082.0,9.5
1,298.3,309.2,1456,45.5,75,3412.5,10.899999999999977
1,299.8,309.5,1542,40.3,141,5682.299999999999,9.699999999999989
2,297.3,308.6,1456,42.9,122,5233.8,11.300000000000011
1,302.4,311.8,1673,30.1,210,6321.0,9.400000000000034
1,300.5,309.8,1550,37.4,148,5535.2,9.300000000000011
2,297.6,308.6,1389,49.0,34,1666.0,11.0
1,302.4,310.8,1686,28.8,150,4320.0,8.400000000000034
1,295.8,306.5,1534,37.9,88,3335.2,10.699999999999989
1,300.3,311.6,1709,29.5,27,796.5,11.300000000000011
1,297.7,307.2,1444,40.0,17,680.0,9.5
0,297.6,308.3,1640,30.9,79,2441.1,10.699999999999989
1,298.1,309.9,1629,32.5,45,1462.5,11.799999999999955
1,303.6,313.0,1522,35.8,133,4761.4,9.399999999999977
1,301.6,310.9,1632,31.6,189,5972.400000000001,9.299999999999955
2,298.8,310.1,1243,74.5,194,14453.0,11.300000000000011
1,295.9,306.6,1557,41.1,113,4644.3,10.700000000000045
1,298.4,309.5,1397,50.3,110,5533.0,11.100000000000023
1,297.5,308.9,1459,48.5,193,9360.5,11.399999999999977
1,297.3,308.7,1352,53.8,91,4895.8,11.399999999999977
1,302.5,311.2,1545,40.1,165,6616.5,8.699999999999989
1,301.1,312.3,1486,34.9,122,4257.8,11.199999999999989
0,302.5,311.9,1595,34.6,112,3875.2000000000003,9.399999999999977
1,299.6,309.4,1643,32.9,145,4770.5,9.799999999999955
1,300.7,310.9,1535,37.1,113,4192.3,10.199999999999989
1,298.4,308.2,1364,45.9,63,2891.7,9.800000000000011
2,296.7,307.7,1597,32.1,114,3659.4,11.0
2,302.0,310.5,1381,58.4,201,11738.4,8.5
2,302.3,311.8,1355,50.1,104,5210.400000000001,9.5
1,303.7,313.0,1811,24.3,209,5078.7,9.300000000000011
1,300.5,311.9,1330,59.5,33,1963.5,11.399999999999977
1,297.6,308.8,1539,40.2,72,2894.4,11.199999999999989
1,300.4,311.7,1459,45.6,3,136.8,11.300000000000011
1,298.8,310.0,1487,41.4,152,6292.8,11.199999999999989
2,302.8,312.2,1615,32.9,159,5231.099999999999,9.399999999999977
1,303.5,313.0,1393,51.6,80,4128.0,9.5
0,300.6,310.4,1510,42.8,124,5307.2,9.799999999999955
1,300.5,309.5,1777,23.6,0,0.0,9.0
2,300.9,310.7,1452,47.3,25,1182.5,9.800000000000011
0,297.5,309.3,1563,36.1,100,3610.0,11.800000000000011
2,298.1,307.8,1525,35.9,132,4738.8,9.699999999999989
0,300.0,310.4,1881,21.9,102,2233.7999999999997,10.399999999999977
1,300.4,311.0,1802,26.0,197,5122.0,10.600000000000023
1,300.1,309.4,1560,47.7,26,1240.2,9.299999999999955
1,299.2,308.4,1434,46.8,2,93.6,9.199999999999989
2,300.5,309.8,1555,38.9,166,6457.4,9.300000000000011
1,297.7,308.9,1838,27.3,99,2702.7000000000003,11.199999999999989
0,298.4,308.1,1891,24.7,158,3902.6,9.700000000000045
2,302.2,311.5,1562,38.0,162,6156.0,9.300000000000011
1,299.6,309.4,1677,31.1,191,5940.1,9.799999999999955
2,298.9,309.9,1404,41.4,20,828.0,11.0
1,300.7,310.1,1261,56.6,98,5546.8,9.400000000000034
1,301.7,310.5,1377,43.1,183,7887.3,8.800000000000011
1,302.5,310.9,1477,39.2,144,5644.8,8.399999999999977
2,303.8,313.2,1710,26.5,190,5035.0,9.399999999999977
2,301.3,310.0,2068,17.8,176,3132.8,8.699999999999989
1,298.8,310.0,1403,45.6,185,8436.0,11.199999999999989
2,302.4,312.1,1492,47.7,7,333.90000000000003,9.700000000000045
2,300.5,311.8,1331,55.3,167,9235.1,11.300000000000011
1,299.4,308.7,1446,62.9,134,8428.6,9.300000000000011
2,303.3,311.4,1395,59.1,4,236.4,8.099999999999966
1,301.0,310.9,1473,44.2,116,5127.200000000001,9.899999999999977
2,303.4,311.7,1690,34.9,189,6596.099999999999,8.300000000000011
1,297.6,308.5,1678,34.2,114,3898.8,10.899999999999977
2,300.4,310.2,1613,36.9,231,8523.9,9.800000000000011
0,297.5,308.8,1430,49.4,2,98.8,11.300000000000011
1,297.3,308.6,1486,42.6,105,4473.0,11.300000000000011
1,301.3,310.8,1381,47.9,33,1580.7,9.5
1,301.5,310.6,1394,46.5,206,9579.0,9.100000000000023
1,301.7,311.0,1441,44.3,208,9214.4,9.300000000000011
1,300.3,309.6,1624,32.6,175,5705.0,9.300000000000011
1,297.2,308.1,1689,31.2,145,4524.0,10.900000000000034
1,297.6,308.3,1816,28.8,106,3052.8,10.699999999999989
2,299.3,308.5,1496,39.4,80,3152.0,9.199999999999989
1,299.5,310.0,1388,52.4,94,4925.599999999999,10.5
1,300.8,312.4,1767,25.6,105,2688.0,11.599999999999966
1,301.3,310.4,1504,47.2,193,9109.6,9.099999999999966
2,297.6,308.9,1479,38.1,182,6934.2,11.299999999999955
1,300.5,309.6,1465,41.6,217,9027.2,9.100000000000023
1,300.7,310.1,1721,32.3,170,5490.999999999999,9.400000000000034
2,302.6,312.1,1611,39.9,210,8379.0,9.5
1,302.5,310.2,1307,54.0,86,4644.0,7.699999999999989
1,297.4,308.3,1366,45.5,11,500.5,10.900000000000034
1,301.7,310.7,1493,51.1,87,4445.7,9.0
1,299.8,310.8,1376,48.6,159,7727.400000000001,11.0
1,300.7,310.8,2113,18.5,95,1757.5,10.100000000000023
1,300.2,311.5,1685,31.0,193,5983.0,11.300000000000011
1,299.0,308.7,1583,32.5,25,812.5,9.699999999999989
1,302.2,310.8,1827,23.8,9,214.20000000000002,8.600000000000023
1,299.8,310.3,1524,34.2,196,6703.200000000001,10.5
1,298.2,308.4,1310,61.0,189,11529.0,10.199999999999989
1,303.7,312.4,1512,39.2,184,7212.8,8.699999999999989
2,297.4,308.3,1483,41.9,47,1969.3,10.900000000000034
2,301.6,310.9,1510,40.9,152,6216.8,9.299999999999955
1,300.5,311.8,1368,57.9,191,11058.9,11.300000000000011
2,300.1,311.5,1343,46.2,28,1293.6000000000001,11.399999999999977
1,303.1,311.3,1403,55.6,150,8340.0,8.199999999999989
2,301.1,310.5,1547,35.8,81,2899.7999999999997,9.399999999999977
2,301.1,310.7,2219,16.7,79,1319.3,9.599999999999966
1,303.4,311.6,1497,42.8,58,2482.3999999999996,8.200000000000045
1,297.6,308.6,1393,40.4,127,5130.8,11.0
1,296.8,308.0,1536,40.4,217,8766.8,11.199999999999989
1,299.4,309.2,1427,41.5,29,1203.5,9.800000000000011
1,303.8,312.5,1619,30.9,142,4387.8,8.699999999999989
2,298.4,309.0,1544,38.8,97,3763.6,10.600000000000023
1,298.0,307.7,1430,47.3,49,2317.7,9.699999999999989
2,300.3,311.5,1540,41.5,151,6266.5,11.199999999999989
2,303.2,311.5,1336,58.2,2,116.4,8.300000000000011
1,303.7,312.7,1359,56.8,194,11019.199999999999,9.0
1,303.6,312.5,1345,54.1,126,6816.6,8.899999999999977
0,298.5,309.4,1573,36.0,97,3492.0,10.899999999999977
1,298.0,308.8,1489,36.5,109,3978.5,10.800000000000011
1,298.9,310.2,1654,31.1,158,4913.8,11.300000000000011
2,303.4,312.9,1422,39.9,63,2513.7,9.5
2,300.3,309.6,1398,53.7,82,4403.400000000001,9.300000000000011
1,298.8,308.6,1331,62.8,81,5086.8,9.800000000000011
1,300.9,311.0,1499,38.0,111,4218.0,10.100000000000023
1,301.0,312.2,1264,59.0,57,3363.0,11.199999999999989
1,296.4,307.4,2833,5.6,213,1192.8,11.0
2,296.3,307.2,1454,42.5,35,1487.5,10.899999999999977
2,301.5,310.8,1452,44.1,157,6923.7,9.300000000000011
2,300.3,309.8,1444,42.0,3,126.0,9.5
1,296.6,307.4,1521,38.6,173,6677.8,10.799999999999955
1,298.6,308.4,1485,42.9,38,1630.2,9.799999999999955
2,299.0,310.4,1625,37.1,131,4860.1,11.399999999999977
1,303.7,313.1,1423,41.2,124,5108.8,9.400000000000034
1,303.9,312.7,1800,24.3,158,3839.4,8.800000000000011
1,299.4,309.1,1432,45.4,137,6219.8,9.700000000000045
1,297.0,307.9,1455,49.0,204,9996.0,10.899999999999977
2,302.6,311.0,1591,33.9,119,4034.1,8.399999999999977
2,301.3,310.4,1635,32.5,110,3575.0,9.099999999999966
1,298.0,309.2,1527,32.4,99,3207.6,11.199999999999989
2,298.8,308.7,1446,45.5,49,2229.5,9.899999999999977
1,302.3,310.7,1499,37.8,137,5178.599999999999,8.399999999999977
1,300.1,311.3,2579,12.5,64,800.0,11.199999999999989
0,299.0,308.5,1623,33.5,154,5159.0,9.5
1,303.5,312.8,1607,38.4,92,3532.7999999999997,9.300000000000011
0,300.2,311.6,1662,28.8,162,4665.6,11.400000000000034
1,303.9,312.9,1526,42.5,194,8245.0,9.0
1,302.0,310.9,1495,38.6,52,2007.2,8.899999999999977
1,302.7,312.0,1828,24.0,63,1512.0,9.300000000000011
1,300.6,309.5,1437,40.0,55,2200.0,8.899999999999977
0,301.6,310.6,1555,40.4,139,5615.599999999999,9.0
1,303.4,312.7,1363,45.5,26,1183.0,9.300000000000011
1,300.1,310.5,1492,50.9,111,5649.9,10.399999999999977
1,299.0,309.0,1469,40.1,13,521.3000000000001,10.0
1,296.5,307.6,1415,44.2,106,4685.200000000001,11.100000000000023
0,297.4,309.3,1516,43.0,83,3569.0,11.900000000000034
1,300.2,311.8,1798,23.2,210,4872.0,11.600000000000023
2,299.8,311.1,1498,38.1,176,6705.6,11.300000000000011
1,296.6,307.4,1465,47.8,187,8938.6,10.799999999999955
1,298.2,309.0,1596,37.2,87,3236.4,10.800000000000011
1,303.6,312.9,1873,23.5,7,164.5,9.299999999999955
2,299.8,310.6,1694,31.3,121,3787.3,10.800000000000011
1,297.5,308.3,1596,36.8,77,2833.6,10.800000000000011
2,298.1,309.1,1572,37.5,126,4725.0,11.0
1,301.9,311.0,2691,12.1,31,375.09999999999997,9.100000000000023
2,296.2,307.3,1477,35.2,53,1865.6000000000001,11.100000000000023
1,300.9,310.3,1321,48.8,150,7320.0,9.400000000000034
1,302.4,311.0,1573,36.5,193,7044.5,8.600000000000023
1,298.0,308.9,1578,35.6,153,5446.8,10.899999999999977
2,298.8,310.1,1501,48.7,192,9350.400000000001,11.300000000000011
2,297.6,308.8,1416,45.9,101,4635.9,11.199999999999989
2,298.2,309.2,1524,34.6,161,5570.6,11.0
1,297.4,308.7,1510,36.2,92,3330.4,11.300000000000011
1,301.0,310.9,1568,38.2,172,6570.400000000001,9.899999999999977
2,297.3,308.7,1451,43.8,24,1051.1999999999998,11.399999999999977
1,302.8,312.1,1520,39.9,48,1915.1999999999998,9.300000000000011
1,301.4,310.3,1492,41.4,195,8073.0,8.900000000000034
1,301.8,309.7,1598,30.4,124,3769.6,7.899999999999977
1,304.2,313.4,1568,37.6,25,940.0,9.199999999999989
1,299.0,308.6,1434,45.9,108,4957.2,9.600000000000023
2,301.8,310.6,1459,40.2,128,5145.6,8.800000000000011
1,302.2,311.3,1570,36.1,0,0.0,9.100000000000023
1,300.5,309.9,1503,37.4,175,6545.0,9.399999999999977
1,300.7,310.7,1450,43.4,80,3472.0,10.0
2,298.3,308.5,1629,37.1,170,6307.0,10.199999999999989
0,298.9,308.4,1632,31.8,17,540.6,9.5
1,300.8,310.7,1358,48.1,198,9523.800000000001,9.899999999999977
2,301.8,309.8,1546,39.8,121,4815.799999999999,8.0
1,300.2,309.2,1667,29.9,75,2242.5,9.0
1,303.4,312.3,1287,54.8,54,2959.2,8.900000000000034
2,301.7,310.1,1743,27.3,210,5733.0,8.400000000000034
0,300.6,310.0,1483,44.0,97,4268.0,9.399999999999977
0,300.2,310.3,1408,42.5,0,0.0,10.100000000000023
1,298.4,308.3,1473,39.9,184,7341.599999999999,9.900000000000034
2,299.1,310.3,1838,24.0,235,5640.0,11.199999999999989
1,299.0,309.9,1630,34.0,92,3128.0,10.899999999999977
1,299.7,309.3,1779,25.5,129,3289.5,9.600000000000023
1,297.3,308.3,1410,48.1,23,1106.3,11.0
2,303.5,312.9,1618,30.4,130,3952.0,9.399999999999977
0,303.8,312.5,1447,46.6,198,9226.800000000001,8.699999999999989
2,300.7,311.2,1769,26.5,63,1669.5,10.5
1,298.1,308.0,1704,30.9,61,1884.8999999999999,9.899999999999977
2,298.1,308.6,1415,46.3,27,1250.1,10.5
2,300.9,310.8,1599,33.0,7,231.0,9.900000000000034
1,300.1,309.8,1430,56.7,44,2494.8,9.699999999999989
2,302.6,311.7,1430,51.7,32,1654.4,9.099999999999966
1,300.7,310.0,1395,48.0,85,4080.0,9.300000000000011
2,300.3,311.7,1646,28.9,198,5722.2,11.399999999999977
2,301.5,310.7,1416,53.2,69,3670.8,9.199999999999989
1,302.9,312.4,1550,36.9,194,7158.599999999999,9.5
2,302.7,311.6,2709,9.7,2,19.4,8.900000000000034
1,302.6,310.3,1479,40.4,105,4242.0,7.699999999999989
1,300.2,309.9,1566,36.4,170,6188.0,9.699999999999989
1,302.4,311.8,1543,31.1,96,2985.6000000000004,9.400000000000034
1,298.3,307.7,1576,33.8,171,5779.799999999999,9.399999999999977
1,297.1,308.3,1496,45.8,190,8702.0,11.199999999999989
1,298.2,309.0,2449,13.8,45,621.0,10.800000000000011
1,300.5,310.5,1373,47.4,56,2654.4,10.0
2,300.3,309.5,1405,49.4,77,3803.7999999999997,9.199999999999989
1,302.4,311.0,1423,46.2,186,8593.2,8.600000000000023
1,298.1,307.6,1950,20.3,202,4100.6,9.5
1,301.0,310.9,1428,45.3,47,2129.1,9.899999999999977
1,299.1,310.5,1485,37.8,46,1738.8,11.399999999999977
2,303.6,311.8,1421,44.8,101,4524.799999999999,8.199999999999989
1,296.2,307.2,1515,36.5,38,1387.0,11.0
1,301.3,311.0,1542,33.6,80,2688.0,9.699999999999989
1,297.7,307.6,1921,22.9,68,1557.1999999999998,9.900000000000034
1,299.7,311.1,1439,44.9,174,7812.599999999999,11.400000000000034
1,299.0,310.3,1428,46.3,175,8102.499999999999,11.300000000000011
2,301.4,311.0,1234,55.8,152,8481.6,9.600000000000023
2,304.2,313.8,1481,44.9,136,6106.4,9.600000000000023
1,301.0,312.3,1550,34.9,111,3873.8999999999996,11.300000000000011
1,296.8,307.9,1271,61.4,125,7675.0,11.099999999999966
1,302.3,310.9,2034,19.7,190,3743.0,8.599999999999966
0,298.8,309.0,1497,43.8,147,6438.599999999999,10.199999999999989
1,297.9,309.8,2000,21.3,29,617.7,11.900000000000034
1,298.9,308.5,1429,55.1,140,7714.0,9.600000000000023
1,302.5,310.3,1523,36.0,72,2592.0,7.800000000000011
2,299.2,308.4,1396,48.5,5,242.5,9.199999999999989
1,304.2,313.4,1735,28.9,192,5548.799999999999,9.199999999999989
1,302.9,312.1,1334,54.7,88,4813.6,9.200000000000045
2,297.3,308.0,1403,45.0,77,3465.0,10.699999999999989
2,297.8,309.1,1432,42.6,17,724.2,11.300000000000011
1,302.2,311.6,1872,20.4,202,4120.799999999999,9.400000000000034
1,303.8,313.2,1531,39.4,159,6264.599999999999,9.399999999999977
1,301.4,310.4,1559,36.0,196,7056.0,9.0
2,298.0,308.7,1430,51.9,47,2439.2999999999997,10.699999999999989
2,300.4,309.3,1411,41.6,160,6656.0,8.900000000000034
2,302.1,310.8,1504,37.5,42,1575.0,8.699999999999989
1,298.7,309.8,1402,54.3,128,6950.4,11.100000000000023
2,298.4,309.7,1870,22.5,170,3825.0,11.300000000000011
1,300.5,309.5,1255,62.1,138,8569.800000000001,9.0
1,297.9,309.0,1583,36.7,104,3816.8,11.100000000000023
2,299.1,310.8,1517,38.4,185,7104.0,11.699999999999989
1,298.9,308.7,1389,44.9,69,3098.1,9.800000000000011
2,298.1,307.7,1633,30.7,145,4451.5,9.599999999999966
1,296.6,307.6,1459,40.2,96,3859.2000000000003,11.0
1,300.5,311.5,1316,49.7,55,2733.5,11.0
2,303.4,312.2,1615,35.7,56,1999.2000000000003,8.800000000000011
1,298.2,307.8,1804,25.1,108,2710.8,9.600000000000023
1,298.0,307.6,1654,28.9,123,3554.7,9.600000000000023
0,303.8,313.2,1506,46.9,154,7222.599999999999,9.399999999999977
2,304.0,313.3,1415,52.8,82,4329.599999999999,9.300000000000011
1,299.0,310.3,1437,47.8,99,4732.2,11.300000000000011
0,300.4,311.9,1438,46.7,41,1914.7,11.5
2,301.7,311.0,1537,33.5,146,4891.0,9.300000000000011
1,299.3,310.5,1505,38.8,30,1164.0,11.199999999999989
2,301.2,310.1,1295,56.6,39,2207.4,8.900000000000034
1,302.5,312.2,1738,25.3,14,354.2,9.699999999999989
1,299.4,308.7,1381,56.7,102,5783.400000000001,9.300000000000011
1,297.9,309.1,1619,34.7,33,1145.1000000000001,11.200000000000045
1,299.0,310.0,1582,31.9,51,1626.8999999999999,11.0
2,302.0,310.9,1558,45.3,193,8742.9,8.899999999999977
2,301.9,310.6,1412,46.5,89,4138.5,8.700000000000045
2,297.1,308.5,1515,42.1,81,3410.1,11.399999999999977
1,295.8,306.3,1337,54.6,87,4750.2,10.5
2,299.8,309.4,1401,48.1,143,6878.3,9.599999999999966
1,301.5,310.5,1528,35.7,198,7068.6,9.0
0,300.7,311.9,1329,59.2,121,7163.200000000001,11.199999999999989
1,302.2,310.6,1346,47.5,109,5177.5,8.400000000000034
2,297.0,307.9,1569,33.3,141,4695.299999999999,10.899999999999977
2,301.2,310.0,1445,45.6,18,820.8000000000001,8.800000000000011
0,300.7,312.3,1446,45.4,86,3904.4,11.600000000000023
1,300.2,311.6,1356,53.5,132,7062.0,11.400000000000034
1,300.6,311.0,1543,34.7,89,3088.3,10.399999999999977
1,300.7,310.1,1376,50.8,75,3810.0,9.400000000000034
1,301.4,310.4,1689,30.6,110,3366.0,9.0
1,298.4,309.2,1583,35.4,112,3964.7999999999997,10.800000000000011
1,300.0,310.4,1333,49.1,131,6432.1,10.399999999999977
2,302.3,310.9,1762,24.5,73,1788.5,8.599999999999966
2,300.3,310.2,1429,44.7,203,9074.1,9.899999999999977
1,297.5,309.3,1404,43.5,195,8482.5,11.800000000000011
0,300.0,310.5,1558,36.7,137,5027.900000000001,10.5
0,298.4,307.7,1626,31.1,166,5162.6,9.300000000000011
2,298.3,309.1,1296,58.7,201,11798.7,10.800000000000011
2,300.9,310.5,1702,29.3,32,937.6,9.600000000000023
1,297.3,308.3,1550,37.0,54,1998.0,11.0
0,303.4,311.9,1402,50.0,54,2700.0,8.5
1,303.6,313.1,1395,44.1,120,5292.0,9.5
1,302.1,311.0,1351,49.5,196,9702.0,8.899999999999977
0,300.0,309.5,1735,28.9,82,2369.7999999999997,9.5
1,297.2,308.6,1562,33.0,84,2772.0,11.400000000000034
2,300.7,311.7,2097,18.9,232,4384.799999999999,11.0
2,298.5,309.3,1488,43.7,189,8259.300000000001,10.800000000000011
1,302.1,310.6,1439,40.0,7,280.0,8.5
1,299.8,310.1,1553,42.0,177,7434.0,10.300000000000011
1,300.7,309.3,1425,45.3,100,4530.0,8.600000000000023
1,297.9,307.6,1298,52.7,132,6956.400000000001,9.700000000000045
2,298.8,308.4,1604,29.5,14,413.0,9.599999999999966
1,300.2,309.5,1495,32.6,49,1597.4,9.300000000000011
1,299.5,309.1,1863,22.5,79,1777.5,9.600000000000023
2,300.5,309.4,2179,16.3,59,961.7,8.899999999999977
0,298.0,307.4,1606,35.2,195,6864.000000000001,9.399999999999977
1,298.0,308.2,1514,37.9,9,341.09999999999997,10.199999999999989
1,302.9,312.4,1923,23.9,244,5831.599999999999,9.5
1,298.7,308.4,1750,25.8,72,1857.6000000000001,9.699999999999989
1,296.9,307.9,1435,41.6,139,5782.400000000001,11.0
1,299.4,309.2,1564,39.0,26,1014.0,9.800000000000011
1,300.3,311.7,1317,56.5,7,395.5,11.399999999999977
0,298.9,308.4,1449,42.4,149,6317.599999999999,9.5
1,298.0,308.6,1532,42.6,54,2300.4,10.600000000000023
0,296.2,307.0,1542,40.6,28,1136.8,10.800000000000011
2,299.4,309.1,1352,44.7,172,7688.400000000001,9.700000000000045
1,298.8,309.8,1563,33.7,143,4819.1,11.0
1,298.3,308.9,1379,54.7,91,4977.7,10.599999999999966
1,301.7,310.1,1424,50.2,54,2710.8,8.400000000000034
1,298.7,310.1,1676,33.5,70,2345.0,11.400000000000034
2,302.5,310.5,1527,38.8,136,5276.799999999999,8.0
1,299.6,310.1,1384,49.8,11,547.8,10.5
1,300.3,311.8,1451,41.0,55,2255.0,11.5
1,300.3,309.3,1612,36.0,158,5688.0,9.0
1,301.0,309.5,1430,48.5,122,5917.0,8.5
1,300.9,310.5,1616,33.5,25,837.5,9.600000000000023
1,300.6,310.9,1433,42.6,101,4302.6,10.299999999999955
0,301.3,310.1,1469,39.7,179,7106.3,8.800000000000011
1,297.7,307.4,1643,36.5,55,2007.5,9.699999999999989
1,297.1,308.4,1468,44.4,197,8746.8,11.299999999999955
1,300.0,311.4,1604,38.7,185,7159.500000000001,11.399999999999977
2,298.9,308.6,1574,33.5,128,4288.0,9.700000000000045
2,299.7,308.9,1478,41.0,87,3567.0,9.199999999999989
1,300.7,310.5,1445,41.1,201,8261.1,9.800000000000011
1,298.9,310.2,1623,37.2,177,6584.400000000001,11.300000000000011
1,298.1,308.1,1410,45.8,71,3251.7999999999997,10.0
1,300.1,309.3,1654,31.0,201,6231.0,9.199999999999989
1,301.8,310.0,1393,44.9,208,9339.199999999999,8.199999999999989
2,301.5,310.7,1510,36.0,64,2304.0,9.199999999999989
2,297.6,308.7,1408,54.8,147,8055.599999999999,11.099999999999966
1,299.8,309.4,1436,51.6,158,8152.8,9.599999999999966
0,300.3,309.9,1405,52.1,205,10680.5,9.599999999999966
2,297.3,308.9,1799,24.5,137,3356.5,11.599999999999966
1,301.3,310.6,1481,40.9,57,2331.2999999999997,9.300000000000011
0,298.7,309.6,1755,26.9,73,1963.6999999999998,10.900000000000034
0,299.9,311.4,1497,37.0,162,5994.0,11.5
1,300.5,310.3,1336,57.1,29,1655.9,9.800000000000011
1,302.0,310.8,1767,27.4,11,301.4,8.800000000000011
1,299.4,310.7,1551,41.2,3,123.60000000000001,11.300000000000011
1,301.8,310.2,1457,40.4,213,8605.199999999999,8.399999999999977
1,297.3,308.5,1764,30.8,148,4558.400000000001,11.199999999999989
2,298.9,309.6,1434,43.8,180,7883.999999999999,10.700000000000045
1,301.2,309.9,1643,32.9,171,5625.9,8.699999999999989
2,295.8,306.3,1444,45.5,76,3458.0,10.5
1,296.9,307.7,1424,43.3,120,5196.0,10.800000000000011
1,298.2,309.0,1413,55.0,145,7975.0,10.800000000000011
2,302.0,310.4,1828,26.3,82,2156.6,8.399999999999977
2,300.5,310.0,1406,50.2,119,5973.8,9.5
1,300.4,309.6,1432,44.7,192,8582.400000000001,9.200000000000045
1,299.9,309.5,1779,26.1,169,4410.900000000001,9.600000000000023
2,297.2,307.9,1541,35.7,169,6033.3,10.699999999999989
1,297.1,308.2,1427,45.2,136,6147.200000000001,11.099999999999966
2,298.2,307.9,1403,45.1,193,8704.300000000001,9.699999999999989
1,302.9,312.2,1510,41.4,94,3891.6,9.300000000000011
2,302.9,312.4,1659,33.1,152,5031.2,9.5
2,297.9,307.3,1420,47.8,171,8173.799999999999,9.400000000000034
0,302.3,310.1,1688,30.4,115,3496.0,7.800000000000011
1,300.0,311.4,1508,38.2,18,687.6,11.399999999999977
0,301.6,310.5,1602,32.3,2,64.6,8.899999999999977
1,298.0,308.2,1611,30.6,195,5967.0,10.199999999999989
1,298.9,309.7,1449,48.8,147,7173.599999999999,10.800000000000011
1,297.4,308.8,1462,49.7,132,6560.400000000001,11.400000000000034
1,300.5,311.4,1442,47.0,53,2491.0,10.899999999999977
1,302.7,311.2,1545,35.1,128,4492.8,8.5
1,300.0,309.7,1586,37.8,103,3893.3999999999996,9.699999999999989
1,297.2,307.9,1441,40.0,195,7800.0,10.699999999999989
1,302.8,312.2,1458,51.0,42,2142.0,9.399999999999977
1,302.5,310.3,1592,32.6,174,5672.400000000001,7.800000000000011
1,298.9,310.0,1482,41.1,82,3370.2000000000003,11.100000000000023
1,302.4,310.2,2224,16.0,154,2464.0,7.800000000000011
1,304.1,313.3,1438,45.5,188,8554.0,9.199999999999989
1,300.7,312.3,1577,33.2,100,3320.0000000000005,11.600000000000023
1,301.9,310.5,1477,42.4,128,5427.2,8.600000000000023
1,302.5,311.5,1521,44.1,37,1631.7,9.0
1,302.4,311.1,1652,33.9,139,4712.099999999999,8.700000000000045
1,298.6,309.7,1294,59.4,104,6177.599999999999,11.099999999999966
0,301.5,310.8,1591,29.6,33,976.8000000000001,9.300000000000011
2,299.1,309.5,1339,48.2,86,4145.2,10.399999999999977
1,295.8,306.6,1621,31.6,95,3002.0,10.800000000000011
2,304.0,312.7,1456,51.2,160,8192.0,8.699999999999989
0,302.7,310.5,1568,36.9,28,1033.2,7.800000000000011
2,304.1,313.6,1441,43.7,131,5724.700000000001,9.5
1,298.1,309.9,1642,30.4,58,1763.1999999999998,11.799999999999955
2,298.0,308.7,1479,58.5,176,10296.0,10.699999999999989
1,302.4,311.8,1493,38.4,132,5068.8,9.400000000000034
0,303.6,311.9,1544,37.1,88,3264.8,8.299999999999955
2,301.9,311.0,1638,35.4,116,4106.4,9.100000000000023
1,298.4,309.6,1477,35.6,101,3595.6000000000004,11.200000000000045
1,298.3,309.1,1437,38.0,93,3534.0,10.800000000000011
1,297.5,309.1,1611,30.2,211,6372.2,11.600000000000023
0,298.0,307.8,1588,35.4,114,4035.6,9.800000000000011
2,298.8,309.8,1377,49.6,27,1339.2,11.0
1,298.7,308.5,1480,42.2,58,2447.6000000000004,9.800000000000011
0,298.7,309.7,1565,39.3,94,3694.2,11.0
1,298.8,308.3,1634,27.9,12,334.79999999999995,9.5
2,302.7,310.8,1555,36.1,35,1263.5,8.100000000000023
2,297.3,308.5,1520,42.4,171,7250.4,11.199999999999989
1,298.8,308.9,1398,51.5,0,0.0,10.099999999999966
2,300.8,311.2,1365,51.7,111,5738.700000000001,10.399999999999977
1,302.0,310.9,1446,44.0,64,2816.0,8.899999999999977
2,301.1,310.6,1479,41.1,72,2959.2000000000003,9.5
2,300.7,310.8,1465,45.2,92,4158.400000000001,10.100000000000023
1,304.1,313.3,1732,28.5,132,3762.0,9.199999999999989
0,297.7,308.4,1288,49.5,91,4504.5,10.699999999999989
0,299.2,310.6,1704,30.6,160,4896.0,11.400000000000034
0,302.1,311.0,1729,26.1,210,5481.0,8.899999999999977
1,299.6,309.2,1602,37.3,31,1156.3,9.599999999999966
1,299.3,308.5,1510,45.4,72,3268.7999999999997,9.199999999999989
1,300.9,311.3,1613,32.7,170,5559.000000000001,10.400000000000034
2,299.5,309.1,1422,45.3,103,4665.9,9.600000000000023
1,297.4,309.2,1420,45.6,193,8800.800000000001,11.800000000000011
2,297.7,308.9,1531,48.3,84,4057.2,11.199999999999989
2,297.8,309.4,1495,36.5,132,4818.0,11.599999999999966
1,300.8,311.7,1681,31.3,221,6917.3,10.899999999999977
2,300.0,310.4,1385,52.1,128,6668.8,10.399999999999977
2,297.1,308.6,1717,31.3,61,1909.3,11.5
1,296.2,306.9,1526,34.9,140,4886.0,10.699999999999989
1,302.2,311.4,1390,48.1,40,1924.0,9.199999999999989
1,297.4,308.0,1383,46.2,188,8685.6,10.600000000000023
0,302.4,311.9,1366,47.3,162,7662.599999999999,9.5
1,297.3,308.3,1309,61.5,56,3444.0,11.0
2,301.7,310.6,1380,45.8,70,3206.0,8.900000000000034
1,303.2,311.4,1514,41.2,230,9476.0,8.199999999999989
1,299.5,309.1,1357,47.3,106,5013.799999999999,9.600000000000023
1,300.7,310.7,1507,46.1,209,9634.9,10.0
2,299.2,310.4,1395,55.4,76,4210.4,11.199999999999989
1,300.2,309.2,1431,51.3,57,2924.1,9.0
2,298.7,308.6,1722,24.7,64,1580.8,9.900000000000034
1,299.3,308.6,1482,37.6,132,4963.2,9.300000000000011
1,298.7,309.9,1465,39.7,72,2858.4,11.199999999999989
0,297.4,308.2,1585,46.2,37,1709.4,10.800000000000011
1,302.8,312.2,1481,40.2,230,9246.0,9.399999999999977
1,301.0,309.6,1724,28.1,133,3737.3,8.600000000000023
2,303.4,311.8,2133,18.3,207,3788.1000000000004,8.400000000000034
1,299.4,308.8,1390,57.0,92,5244.0,9.400000000000034
1,299.0,310.3,1475,42.4,93,3943.2,11.300000000000011
1,301.6,310.5,1593,34.5,102,3519.0,8.899999999999977
1,301.6,310.7,1380,51.8,216,11188.8,9.099999999999966
1,300.2,311.4,1568,41.0,32,1312.0,11.199999999999989
1,297.4,308.3,1483,38.8,23,892.4,10.900000000000034
1,298.5,309.5,1569,41.0,153,6273.0,11.0
2,302.0,310.4,1212,55.6,79,4392.400000000001,8.399999999999977
1,301.6,311.0,1485,40.1,142,5694.2,9.399999999999977
1,297.5,308.9,1390,44.6,140,6244.0,11.399999999999977
1,299.3,308.8,1341,47.7,199,9492.300000000001,9.5
2,303.1,312.3,1623,31.6,101,3191.6000000000004,9.199999999999989
1,299.1,310.2,1352,52.8,41,2164.7999999999997,11.099999999999966
0,296.7,307.9,1579,33.4,50,1670.0,11.199999999999989
1,299.2,310.6,1498,41.1,88,3616.8,11.400000000000034
2,296.3,307.4,1958,19.1,67,1279.7,11.099999999999966
1,303.7,313.0,1456,45.5,51,2320.5,9.300000000000011
2,297.4,308.3,1535,34.6,51,1764.6000000000001,10.900000000000034
1,300.0,309.1,1431,45.4,90,4086.0,9.100000000000023
1,301.9,310.7,1405,48.8,78,3806.3999999999996,8.800000000000011
2,300.6,310.0,1542,33.9,100,3390.0,9.399999999999977
2,302.3,311.4,1909,23.2,25,580.0,9.099999999999966
2,298.0,308.7,1436,48.2,201,9688.2,10.699999999999989
2,298.8,309.3,1618,35.1,173,6072.3,10.5
1,297.8,307.7,1505,39.7,25,992.5000000000001,9.899999999999977
1,300.7,310.4,1416,61.8,209,12916.199999999999,9.699999999999989
2,296.6,307.7,1474,52.6,101,5312.6,11.099999999999966
2,300.4,309.7,1367,51.2,143,7321.6,9.300000000000011
1,299.5,308.6,1672,30.5,177,5398.5,9.100000000000023
1,301.6,310.8,1961,21.8,148,3226.4,9.199999999999989
1,299.2,308.5,1544,41.6,146,6073.6,9.300000000000011
1,300.7,311.2,1452,44.4,33,1465.2,10.5
1,299.3,308.6,1371,50.5,136,6868.0,9.300000000000011
1,297.2,308.6,1500,37.1,161,5973.1,11.400000000000034
2,302.3,311.2,1454,43.8,112,4905.599999999999,8.899999999999977
2,299.5,309.0,1602,31.3,210,6573.0,9.5
1,299.1,309.5,1512,39.0,75,2925.0,10.399999999999977
1,298.9,309.9,1592,32.0,60,1920.0,11.0
1,299.6,310.9,1533,31.8,91,2893.8,11.299999999999955
1,298.8,310.1,1653,30.3,119,3605.7000000000003,11.300000000000011
1,297.8,307.5,1581,33.1,116,3839.6000000000004,9.699999999999989
1,297.7,307.2,1668,37.8,5,189.0,9.5
2,298.9,309.2,1412,44.1,140,6174.0,10.300000000000011
1,299.7,309.1,1473,39.4,125,4925.0,9.400000000000034
1,299.1,310.6,1326,49.7,78,3876.6000000000004,11.5
2,302.3,311.8,1443,43.4,175,7595.0,9.5
2,300.1,309.6,1625,38.0,46,1748.0,9.5
1,298.2,307.6,1368,51.8,5,259.0,9.400000000000034
0,301.4,310.5,1421,43.8,182,7971.599999999999,9.100000000000023
2,297.2,308.5,1487,46.9,173,8113.7,11.300000000000011
1,299.2,310.6,1534,39.7,83,3295.1000000000004,11.400000000000034
1,301.4,310.7,1590,36.3,43,1560.8999999999999,9.300000000000011
2,302.3,311.3,1339,50.8,123,6248.4,9.0
2,298.8,308.6,1571,33.7,61,2055.7000000000003,9.800000000000011
1,299.1,310.6,1380,44.7,170,7599.000000000001,11.5
2,300.9,310.4,1576,40.4,92,3716.7999999999997,9.5
2,297.0,307.9,1422,53.0,115,6095.0,10.899999999999977
1,302.4,310.7,1362,54.8,155,8494.0,8.300000000000011
2,300.2,309.8,1394,47.4,21,995.4,9.600000000000023
1,304.1,313.2,1366,46.6,35,1631.0,9.099999999999966
2,300.7,310.5,1594,31.0,196,6076.0,9.800000000000011
1,303.8,312.6,1565,36.0,179,6444.0,8.800000000000011
1,298.1,308.8,1432,43.4,68,2951.2,10.699999999999989
1,302.0,310.9,1564,39.0,15,585.0,8.899999999999977
1,300.9,310.7,1740,25.3,164,4149.2,9.800000000000011
2,301.5,310.5,1612,29.8,148,4410.400000000001,9.0
2,301.9,310.9,1419,47.7,20,954.0,9.0
1,298.4,308.9,1501,50.0,203,10150.0,10.5
1,301.8,311.0,1322,53.0,166,8798.0,9.199999999999989
1,296.8,308.0,1371,54.5,86,4687.0,11.199999999999989
1,297.4,308.3,1472,45.5,2,91.0,10.900000000000034
1,302.4,311.2,1448,50.5,53,2676.5,8.800000000000011
1,298.6,309.9,1356,59.5,34,2023.0,11.299999999999955
2,300.2,310.3,1593,36.1,36,1299.6000000000001,10.100000000000023
2,300.8,310.8,1461,41.3,53,2188.8999999999996,10.0
1,299.2,308.4,1711,28.9,197,5693.299999999999,9.199999999999989
1,302.2,310.7,1567,36.4,100,3640.0,8.5
1,301.4,310.6,2137,18.0,99,1782.0,9.200000000000045
0,300.7,310.2,1479,52.3,9,470.7,9.5
1,300.5,310.8,1509,33.0,153,5049.0,10.300000000000011
1,299.4,308.7,1512,37.2,126,4687.200000000001,9.300000000000011
1,301.6,310.9,1538,40.4,13,525.1999999999999,9.299999999999955
1,302.4,311.8,1476,46.6,110,5126.0,9.400000000000034
0,302.2,310.8,1397,47.6,11,523.6,8.600000000000023
2,300.4,309.7,1547,38.0,181,6878.0,9.300000000000011
0,298.4,308.9,1577,37.1,0,0.0,10.5
0,299.2,309.1,1410,47.1,9,423.90000000000003,9.900000000000034
1,300.8,310.3,1383,46.6,19,885.4,9.5
0,300.4,309.6,1571,33.6,126,4233.6,9.200000000000045
1,297.6,308.3,1523,39.5,137,5411.5,10.699999999999989
1,298.8,309.7,1374,58.6,123,7207.8,10.899999999999977
1,300.9,309.6,1384,42.4,131,5554.4,8.700000000000045
0,302.3,310.2,1506,33.8,43,1453.3999999999999,7.899999999999977
1,301.9,310.6,1573,36.6,15,549.0,8.700000000000045
0,300.2,311.5,1426,44.3,73,3233.8999999999996,11.300000000000011
1,298.4,308.0,1571,37.4,50,1870.0,9.600000000000023
2,297.5,308.8,1471,52.3,152,7949.599999999999,11.300000000000011
1,299.7,309.2,1401,54.1,118,6383.8,9.5
1,298.2,308.7,1605,29.4,47,1381.8,10.5
1,301.8,310.7,1680,32.4,76,2462.4,8.899999999999977
1,299.6,309.1,1407,50.6,85,4301.0,9.5
1,299.1,310.6,1818,24.1,173,4169.3,11.5
2,303.4,312.7,1594,32.8,79,2591.2,9.300000000000011
1,303.4,312.3,1663,33.9,78,2644.2,8.900000000000034
1,303.5,311.8,1927,21.9,195,4270.5,8.300000000000011
1,303.0,312.3,1480,41.4,125,5175.0,9.300000000000011
1,300.7,309.6,1733,24.8,85,2108.0,8.900000000000034
1,297.7,309.1,1435,38.8,165,6401.999999999999,11.400000000000034
2,301.2,310.1,1666,34.9,37,1291.3,8.900000000000034
2,299.3,308.5,1422,45.4,37,1679.8,9.199999999999989
1,298.1,309.3,1443,45.3,70,3171.0,11.199999999999989
1,300.9,310.7,1392,44.2,97,4287.400000000001,9.800000000000011
1,298.8,308.5,1527,36.2,3,108.60000000000001,9.699999999999989
2,302.3,311.0,1521,34.8,72,2505.6,8.699999999999989
1,300.7,309.9,1775,26.6,149,3963.4,9.199999999999989
2,301.8,310.9,1299,60.4,48,2899.2,9.099999999999966
1,301.0,311.4,1481,37.5,193,7237.5,10.399999999999977
2,297.5,308.6,1347,57.0,132,7524.0,11.100000000000023
2,298.8,310.2,1527,31.2,102,3182.4,11.399999999999977
2,298.4,309.1,1525,39.3,86,3379.7999999999997,10.700000000000045
0,302.7,312.1,1478,36.0,191,6876.0,9.400000000000034
2,300.8,310.7,1483,40.8,28,1142.3999999999999,9.899999999999977
1,300.5,309.7,1384,48.6,141,6852.6,9.199999999999989
2,301.9,310.9,1441,43.7,0,0.0,9.0
1,301.5,310.9,1469,44.7,164,7330.8,9.399999999999977
1,298.9,308.6,2069,18.7,27,504.9,9.700000000000045
1,301.0,312.2,1372,47.0,59,2773.0,11.199999999999989
1,297.6,308.4,1626,32.4,130,4212.0,10.799999999999955
1,300.3,309.6,1326,52.4,57,2986.7999999999997,9.300000000000011
2,300.3,311.4,1371,50.2,109,5471.8,11.099999999999966
2,298.1,307.8,1636,36.7,51,1871.7,9.699999999999989
2,300.7,309.5,1445,46.4,24,1113.6,8.800000000000011
1,297.5,308.6,1546,33.8,139,4698.2,11.100000000000023
1,301.4,311.1,1469,36.9,133,4907.7,9.700000000000045
1,300.5,311.4,1611,32.7,44,1438.8000000000002,10.899999999999977
1,301.0,310.0,1480,43.5,21,913.5,9.0
2,300.3,310.0,1537,37.5,6,225.0,9.699999999999989
1,301.5,310.4,1629,34.1,151,5149.1,8.899999999999977
2,303.6,311.8,1432,42.5,150,6375.0,8.199999999999989
2,303.6,312.4,1504,49.5,109,5395.5,8.799999999999955
1,299.5,309.2,1690,29.2,108,3153.6,9.699999999999989
1,302.8,311.1,1721,30.0,87,2610.0,8.300000000000011
1,301.2,311.0,1670,33.0,200,6600.0,9.800000000000011
1,299.1,310.1,1894,20.1,106,2130.6000000000004,11.0
1,298.5,308.3,1334,49.8,186,9262.8,9.800000000000011
2,301.8,311.1,1395,44.6,171,7626.6,9.300000000000011
1,302.7,310.9,1395,48.3,80,3864.0,8.199999999999989
1,301.9,310.8,1567,39.3,9,353.7,8.900000000000034
1,301.6,310.6,1478,36.6,218,7978.8,9.0
2,303.9,313.2,1624,39.8,107,4258.599999999999,9.300000000000011
1,298.5,309.2,1983,20.2,114,2302.7999999999997,10.699999999999989
1,301.5,310.5,1372,44.0,203,8932.0,9.0
1,300.1,309.7,1351,58.2,155,9021.0,9.599999999999966
2,302.5,310.5,1507,40.2,201,8080.200000000001,8.0
2,300.8,309.7,1258,54.9,168,9223.199999999999,8.899999999999977
1,299.6,309.0,1525,42.8,160,6848.0,9.399999999999977
1,297.1,307.8,1428,43.7,179,7822.3,10.699999999999989
1,296.8,307.4,1549,48.3,105,5071.5,10.599999999999966
1,298.9,310.6,1363,52.6,190,9994.0,11.700000000000045
1,296.9,308.4,1390,41.8,184,7691.2,11.5
2,300.5,309.9,1343,63.7,124,7898.8,9.399999999999977
0,300.8,311.1,1698,24.8,156,3868.8,10.300000000000011
1,303.8,312.9,1367,49.9,192,9580.8,9.099999999999966
1,298.4,308.2,1528,36.2,196,7095.200000000001,9.800000000000011
2,298.9,310.1,1549,40.2,65,2613.0,11.200000000000045
0,301.6,310.9,1419,50.2,51,2560.2000000000003,9.299999999999955
1,298.8,309.7,1424,49.6,129,6398.400000000001,10.899999999999977
1,298.9,310.2,1491,45.1,101,4555.1,11.300000000000011
1,301.4,310.5,1647,33.3,85,2830.4999999999995,9.100000000000023
1,300.1,310.6,1374,45.4,119,5402.599999999999,10.5
2,303.6,312.8,1825,25.2,29,730.8,9.199999999999989
1,301.5,310.9,1400,50.8,2,101.6,9.399999999999977
1,295.8,306.5,1358,49.2,63,3099.6000000000004,10.699999999999989
2,302.9,312.2,1292,54.4,136,7398.4,9.300000000000011
2,301.9,309.6,1551,34.6,211,7300.6,7.7000000000000455
0,300.9,310.8,1477,38.4,31,1190.3999999999999,9.900000000000034
0,300.6,310.7,1501,45.3,175,7927.499999999999,10.099999999999966
0,302.2,311.6,1594,36.8,82,3017.6,9.400000000000034
2,298.9,310.1,1655,31.5,172,5418.0,11.200000000000045
2,297.4,308.3,1405,51.7,108,5583.6,10.900000000000034
1,300.8,310.9,1311,55.8,118,6584.4,10.099999999999966
1,299.2,308.4,1841,22.8,40,912.0,9.199999999999989
0,297.5,308.6,1481,38.8,14,543.1999999999999,11.100000000000023
1,301.2,311.6,1461,52.9,208,11003.199999999999,10.400000000000034
0,301.0,310.1,1756,30.7,2,61.4,9.100000000000023
2,301.2,310.7,1543,32.9,40,1316.0,9.5
1,298.2,308.9,1683,31.7,74,2345.7999999999997,10.699999999999989
2,300.7,311.5,1569,36.4,20,728.0,10.800000000000011
2,300.4,309.7,1539,37.7,156,5881.200000000001,9.300000000000011
1,301.9,311.0,1455,46.0,29,1334.0,9.100000000000023
1,299.4,309.1,1304,50.5,153,7726.5,9.700000000000045
1,303.6,312.8,1701,30.8,12,369.6,9.199999999999989
1,303.2,311.4,1351,53.8,8,430.4,8.199999999999989
1,299.0,308.7,1507,37.5,134,5025.0,9.699999999999989
1,297.5,308.6,1514,36.9,134,4944.599999999999,11.100000000000023
1,299.4,308.6,1746,26.8,107,2867.6,9.200000000000045
2,297.8,307.4,1902,24.3,129,3134.7000000000003,9.599999999999966
1,298.9,308.3,1432,48.9,38,1858.2,9.400000000000034
0,298.8,310.1,1483,45.4,192,8716.8,11.300000000000011
2,299.7,311.0,1448,49.8,80,3984.0,11.300000000000011
1,299.5,310.8,1447,41.0,93,3813.0,11.300000000000011
1,298.7,310.2,1363,45.5,28,1274.0,11.5
1,296.7,307.6,1516,37.4,146,5460.4,10.900000000000034
2,300.5,309.7,1347,54.3,136,7384.799999999999,9.199999999999989
1,301.1,311.0,1677,29.1,188,5470.8,9.899999999999977
1,301.7,310.9,1405,46.4,207,9604.8,9.199999999999989
1,302.0,311.0,1550,35.2,184,6476.8,9.0
0,296.3,307.1,1774,25.9,154,3988.6,10.800000000000011
1,299.0,310.4,1606,31.1,134,4167.400000000001,11.399999999999977
1,298.0,309.2,1378,49.7,94,4671.8,11.199999999999989
1,303.5,313.0,1322,59.5,71,4224.5,9.5
0,298.6,309.4,1439,47.1,149,7017.900000000001,10.799999999999955
1,296.9,307.5,2721,9.3,18,167.4,10.600000000000023
2,299.0,309.0,1419,45.2,27,1220.4,10.0
1,303.8,312.8,1428,53.3,152,8101.599999999999,9.0
1,302.2,311.4,1510,44.9,33,1481.7,9.199999999999989
1,304.0,313.2,1481,42.6,213,9073.800000000001,9.199999999999989
1,300.8,312.5,1423,47.3,123,5817.9,11.699999999999989
1,297.8,307.4,1355,45.8,60,2748.0,9.599999999999966
2,300.5,311.9,1676,35.2,97,3414.4,11.399999999999977
1,298.6,309.5,1547,44.8,36,1612.8,10.899999999999977
1,303.7,312.4,1525,43.9,188,8253.199999999999,8.699999999999989
1,301.8,309.5,1525,39.6,227,8989.2,7.699999999999989
1,299.1,310.3,1727,28.7,43,1234.1,11.199999999999989
1,298.9,310.6,1406,43.8,12,525.5999999999999,11.700000000000045
1,296.8,308.2,1643,34.7,191,6627.700000000001,11.399999999999977
1,299.2,308.5,1442,46.5,11,511.5,9.300000000000011
1,300.0,311.4,1374,41.9,96,4022.3999999999996,11.399999999999977
2,297.6,308.5,1431,52.6,26,1367.6000000000001,10.899999999999977
2,296.7,307.8,1375,51.4,108,5551.2,11.100000000000023
1,298.7,309.8,1469,38.4,62,2380.7999999999997,11.100000000000023
1,304.4,313.7,1509,35.0,205,7175.0,9.300000000000011
2,298.5,309.5,1366,61.9,130,8047.0,11.0
2,299.0,310.3,1494,46.6,144,6710.400000000001,11.300000000000011
2,300.2,309.0,1642,31.2,37,1154.3999999999999,8.800000000000011
0,303.8,313.2,1379,50.2,178,8935.6,9.399999999999977
2,302.5,310.3,1447,39.2,172,6742.400000000001,7.800000000000011
1,301.0,311.6,1470,43.4,133,5772.2,10.600000000000023
1,295.6,306.0,1363,50.0,14,700.0,10.399999999999977
2,299.0,310.1,1487,47.5,123,5842.5,11.100000000000023
1,302.5,311.9,1354,49.4,117,5779.8,9.399999999999977
1,298.4,309.4,1392,50.1,117,5861.7,11.0
2,298.0,308.7,2101,17.4,198,3445.2,10.699999999999989
1,300.0,309.1,1631,28.3,110,3113.0,9.100000000000023
1,300.1,311.4,1467,35.7,45,1606.5000000000002,11.299999999999955
1,298.2,308.7,1436,49.1,26,1276.6000000000001,10.5
1,299.8,309.7,1483,39.6,87,3445.2000000000003,9.899999999999977
1,301.1,312.3,1534,39.0,129,5031.0,11.199999999999989
1,301.8,310.6,1295,62.3,91,5669.3,8.800000000000011
1,302.7,311.7,1480,45.2,8,361.6,9.0
2,299.8,309.1,1496,44.4,155,6882.0,9.300000000000011
1,298.4,308.2,1282,60.7,216,13111.2,9.800000000000011
2,296.0,306.7,2044,22.3,48,1070.4,10.699999999999989
1,303.0,312.5,1626,30.5,87,2653.5,9.5
1,298.8,308.9,1852,25.0,57,1425.0,10.099999999999966
1,299.2,308.4,1877,23.9,4,95.6,9.199999999999989
1,299.9,310.4,1470,50.0,148,7400.0,10.5
1,298.3,308.2,1472,44.3,71,3145.2999999999997,9.899999999999977
2,296.3,307.1,1534,33.8,151,5103.799999999999,10.800000000000011
2,302.0,310.5,1573,32.1,143,4590.3,8.5
1,300.4,311.1,1589,35.5,191,6780.5,10.700000000000045
2,298.9,308.5,1534,42.9,121,5190.9,9.600000000000023
2,302.2,311.3,1577,29.8,112,3337.6,9.100000000000023
1,302.5,311.6,1419,43.7,39,1704.3000000000002,9.100000000000023
2,297.2,308.1,1340,61.3,207,12689.099999999999,10.900000000000034
0,303.8,312.5,1525,38.0,209,7942.0,8.699999999999989
1,302.0,310.8,2143,17.3,227,3927.1000000000004,8.800000000000011
2,300.7,311.7,1504,36.9,229,8450.1,11.0
1,303.2,311.2,1404,50.9,31,1577.8999999999999,8.0
1,298.0,307.8,1266,60.5,81,4900.5,9.800000000000011
1,301.8,310.6,1372,54.7,95,5196.5,8.800000000000011
1,297.4,308.4,1392,49.7,174,8647.800000000001,11.0
1,298.4,309.3,1504,39.3,192,7545.599999999999,10.900000000000034
1,298.8,310.2,1461,46.7,105,4903.5,11.399999999999977
1,299.8,311.1,1452,47.3,188,8892.4,11.300000000000011
0,298.6,309.5,1584,31.8,27,858.6,10.899999999999977
1,300.7,310.6,1720,30.3,96,2908.8,9.900000000000034
2,300.4,311.6,1359,55.4,160,8864.0,11.200000000000045
1,299.2,310.4,1570,37.3,37,1380.1,11.199999999999989
1,303.9,313.0,1403,48.3,10,483.0,9.100000000000023
0,300.9,310.5,1512,41.2,49,2018.8000000000002,9.600000000000023
1,303.7,312.2,1487,34.0,94,3196.0,8.5
1,302.4,312.0,1562,37.9,10,379.0,9.600000000000023
1,301.5,310.8,1350,58.5,13,760.5,9.300000000000011
1,299.9,309.2,1436,52.0,107,5564.0,9.300000000000011
1,302.5,310.3,1539,39.0,119,4641.0,7.800000000000011
1,303.7,313.1,1496,47.4,48,2275.2,9.400000000000034
1,300.2,310.3,1331,52.1,30,1563.0,10.100000000000023
2,297.4,308.3,1335,57.9,113,6542.7,10.900000000000034
1,299.8,309.2,1591,37.5,109,4087.5,9.399999999999977
1,297.5,308.9,1554,34.8,204,7099.2,11.399999999999977
1,304.1,313.2,1452,48.0,126,6048.0,9.099999999999966
2,298.8,309.7,1439,45.8,81,3709.7999999999997,10.899999999999977
1,302.4,312.0,1508,36.9,5,184.5,9.600000000000023
1,298.9,310.1,1341,54.5,51,2779.5,11.200000000000045
2,300.6,311.7,1389,52.1,210,10941.0,11.099999999999966
1,301.6,310.0,1869,22.9,18,412.2,8.399999999999977
1,300.7,311.1,1324,52.2,85,4437.0,10.400000000000034
2,300.9,312.1,1617,31.0,148,4588.0,11.200000000000045
0,297.9,308.5,2129,18.7,126,2356.2,10.600000000000023
1,297.4,309.4,1401,45.9,49,2249.1,12.0
1,295.6,306.1,1383,48.7,147,7158.900000000001,10.5
1,297.6,308.6,1522,37.0,106,3922.0,11.0
2,298.0,307.6,1844,23.8,44,1047.2,9.600000000000023
1,300.1,309.2,1533,37.0,101,3737.0,9.099999999999966
1,300.7,310.8,1772,27.3,69,1883.7,10.100000000000023
1,296.8,307.8,1394,47.7,155,7393.5,11.0
1,301.0,310.5,1379,57.3,204,11689.199999999999,9.5
0,300.7,311.9,1389,46.5,186,8649.0,11.199999999999989
1,300.6,309.4,1425,40.3,103,4150.9,8.799999999999955
0,304.1,313.3,1397,49.6,34,1686.4,9.199999999999989
1,301.4,310.3,1639,32.7,171,5591.700000000001,8.900000000000034
1,302.0,310.6,1583,35.2,171,6019.200000000001,8.600000000000023
1,303.5,312.5,1418,42.2,170,7174.000000000001,9.0
1,296.7,307.9,1743,27.9,55,1534.5,11.199999999999989
2,295.5,305.9,1380,52.4,202,10584.8,10.399999999999977
0,300.4,309.9,1513,38.7,76,2941.2000000000003,9.5
1,303.6,313.0,1617,30.9,122,3769.7999999999997,9.399999999999977
0,301.4,310.1,1623,32.3,39,1259.6999999999998,8.700000000000045
2,297.6,309.6,1330,53.1,7,371.7,12.0
1,303.5,313.1,1897,23.6,75,1770.0,9.600000000000023
2,302.4,311.4,1475,45.2,46,2079.2000000000003,9.0
2,302.8,310.8,1451,44.7,32,1430.4,8.0
2,300.7,309.7,1397,51.3,155,7951.5,9.0
2,300.7,309.5,1633,31.3,90,2817.0,8.800000000000011
2,297.8,309.0,1675,30.0,110,3300.0,11.199999999999989
1,299.3,310.3,1396,47.4,14,663.6,11.0
0,299.4,309.1,1547,40.9,50,2045.0,9.700000000000045
2,298.1,307.7,1445,48.0,73,3504.0,9.599999999999966
1,296.7,307.6,1540,38.6,53,2045.8000000000002,10.900000000000034
1,301.9,309.7,1424,42.8,140,5992.0,7.800000000000011
1,299.0,310.3,1501,43.0,91,3913.0,11.300000000000011
1,303.7,312.5,1632,36.6,186,6807.6,8.800000000000011
1,303.5,311.6,2183,17.0,110,1870.0,8.100000000000023
1,297.8,308.9,1518,40.4,2,80.8,11.099999999999966
1,300.3,309.8,1450,55.0,135,7425.0,9.5
2,301.1,311.1,2089,19.8,162,3207.6,10.0
0,300.2,309.6,1442,49.2,61,3001.2000000000003,9.400000000000034
1,302.3,311.6,1488,41.8,75,3135.0,9.300000000000011
2,300.1,311.2,1452,42.4,190,8056.0,11.099999999999966
1,302.6,312.3,1660,30.3,36,1090.8,9.699999999999989
1,299.3,310.8,1426,42.4,0,0.0,11.5
1,302.7,310.5,1511,37.7,60,2262.0,7.800000000000011
1,302.8,311.1,1563,32.2,78,2511.6000000000004,8.300000000000011
1,301.4,310.5,1432,54.3,81,4398.3,9.100000000000023
1,301.4,310.7,1657,28.7,108,3099.6,9.300000000000011
2,302.2,310.5,1507,40.4,111,4484.4,8.300000000000011
1,298.0,309.2,1665,36.6,22,805.2,11.199999999999989
1,298.8,309.7,1953,20.6,25,515.0,10.899999999999977
2,298.6,309.7,1422,49.7,139,6908.3,11.099999999999966
0,298.2,307.9,1462,45.5,171,7780.5,9.699999999999989
2,304.1,313.2,1510,46.9,152,7128.8,9.099999999999966
1,300.2,309.8,1398,54.8,39,2137.2,9.600000000000023
1,302.4,310.2,1633,28.0,164,4592.0,7.800000000000011
1,301.3,310.4,1538,38.4,195,7488.0,9.099999999999966
2,302.2,311.2,1360,52.8,176,9292.8,9.0
1,300.9,310.6,1552,34.9,95,3315.5,9.700000000000045
1,301.3,310.6,1576,30.4,92,2796.7999999999997,9.300000000000011
1,299.7,309.5,1352,49.7,184,9144.800000000001,9.800000000000011
1,298.4,308.9,1391,48.4,100,4840.0,10.5
1,302.6,311.9,1354,48.0,67,3216.0,9.299999999999955
0,300.3,311.7,1432,47.7,61,2909.7000000000003,11.399999999999977
1,298.3,309.0,1339,58.8,35,2058.0,10.699999999999989
2,298.3,309.0,1526,36.9,20,738.0,10.699999999999989
0,299.0,309.0,1436,43.9,20,878.0,10.0
1,303.7,312.8,1627,31.7,40,1268.0,9.100000000000023
2,301.7,310.9,1644,32.5,201,6532.5,9.199999999999989
0,297.7,309.7,1570,35.8,160,5728.0,12.0
1,298.5,308.0,1624,29.8,160,4768.0,9.5
2,300.9,312.6,1555,40.6,109,4425.400000000001,11.700000000000045
1,298.1,307.7,1289,48.3,42,2028.6,9.599999999999966
1,299.3,308.6,1520,33.7,76,2561.2000000000003,9.300000000000011
1,298.9,310.1,1356,47.8,116,5544.799999999999,11.200000000000045
2,299.9,310.4,1367,53.3,201,10713.3,10.5
2,299.0,308.2,1358,42.7,50,2135.0,9.199999999999989
1,299.9,309.4,1363,60.9,57,3471.2999999999997,9.5
1,301.7,310.6,1447,56.9,47,2674.2999999999997,8.900000000000034
1,301.8,310.7,1551,37.7,64,2412.8,8.899999999999977
1,304.2,313.4,1482,41.4,32,1324.8,9.199999999999989
0,299.9,310.5,1549,42.8,208,8902.4,10.600000000000023
1,302.3,311.7,1701,27.5,145,3987.5,9.399999999999977
1,300.3,309.6,1537,37.1,187,6937.7,9.300000000000011
0,299.2,308.6,1462,55.0,163,8965.0,9.400000000000034
0,296.6,307.7,1386,62.3,100,6230.0,11.099999999999966
1,302.2,311.6,1383,44.3,72,3189.6,9.400000000000034
1,300.1,311.2,1489,39.1,188,7350.8,11.099999999999966
0,302.4,312.0,1477,39.7,18,714.6,9.600000000000023
2,299.8,309.4,1423,42.9,124,5319.599999999999,9.599999999999966
1,300.7,311.0,1969,20.7,109,2256.2999999999997,10.300000000000011
1,297.4,308.7,1584,38.2,154,5882.8,11.300000000000011
0,298.4,309.3,1694,30.9,111,3429.8999999999996,10.900000000000034
1,298.6,309.4,1316,51.4,52,2672.7999999999997,10.799999999999955
1,300.5,311.6,1497,40.5,180,7290.0,11.100000000000023
0,302.5,311.3,1393,47.5,130,6175.0,8.800000000000011
1,301.0,310.6,1588,33.7,114,3841.8,9.600000000000023
1,300.3,309.6,1404,44.6,87,3880.2000000000003,9.300000000000011
0,298.0,308.8,1411,53.8,73,3927.3999999999996,10.800000000000011
1,297.1,307.9,1342,49.1,179,8788.9,10.799999999999955
0,302.3,310.6,1525,48.7,114,5551.8,8.300000000000011
1,298.8,309.9,1428,42.4,132,5596.8,11.099999999999966
2,297.2,308.6,1284,51.3,32,1641.6,11.400000000000034
0,302.2,310.7,1413,48.9,114,5574.599999999999,8.5
1,300.3,311.6,1607,33.5,109,3651.5,11.300000000000011
0,300.3,311.6,1801,23.6,97,2289.2000000000003,11.300000000000011
0,300.1,311.4,1485,40.4,75,3030.0,11.299999999999955
2,300.7,310.9,1369,51.2,63,3225.6000000000004,10.199999999999989
1,302.7,310.6,1690,26.7,4,106.8,7.900000000000034
2,302.3,311.7,1483,40.5,8,324.0,9.399999999999977
1,302.3,311.3,1457,44.5,83,3693.5,9.0
1,299.3,309.0,1415,47.6,156,7425.6,9.699999999999989
1,299.8,309.7,1707,29.1,94,2735.4,9.899999999999977
2,302.2,311.2,1544,43.6,63,2746.8,9.0
2,302.5,310.3,1411,49.5,110,5445.0,7.800000000000011
1,296.5,307.6,1541,38.5,98,3773.0,11.100000000000023
1,297.7,308.7,1449,40.2,95,3819.0000000000005,11.0
0,299.0,309.9,1884,25.6,100,2560.0,10.899999999999977
2,299.7,309.1,1508,41.2,152,6262.400000000001,9.400000000000034
2,295.6,306.1,1490,42.7,171,7301.700000000001,10.5
1,301.5,310.9,1365,46.5,172,7998.0,9.399999999999977
1,298.0,307.6,1683,32.8,122,4001.5999999999995,9.600000000000023
2,300.1,309.7,1420,48.4,36,1742.3999999999999,9.599999999999966
0,300.1,309.4,1329,55.2,143,7893.6,9.299999999999955
0,300.8,311.2,2237,17.0,95,1615.0,10.399999999999977
1,298.4,309.2,1345,52.7,196,10329.2,10.800000000000011
1,297.9,307.8,1459,46.9,85,3986.5,9.900000000000034
1,300.5,309.8,1663,29.1,145,4219.5,9.300000000000011
0,300.7,310.8,1346,52.0,193,10036.0,10.100000000000023
1,299.3,308.4,1406,47.4,3,142.2,9.099999999999966
0,298.7,309.6,1654,34.3,136,4664.799999999999,10.900000000000034
1,304.1,313.6,1556,37.4,129,4824.599999999999,9.5
1,296.2,307.3,1475,37.0,44,1628.0,11.100000000000023
1,297.4,308.8,1529,41.3,165,6814.499999999999,11.400000000000034
1,300.2,309.6,1359,51.5,66,3399.0,9.400000000000034
1,297.6,308.4,1517,34.2,66,2257.2000000000003,10.799999999999955
1,297.5,308.5,1722,30.4,178,5411.2,11.0
1,303.5,311.5,1535,33.3,120,3995.9999999999995,8.0
1,295.5,306.0,1546,35.9,169,6067.099999999999,10.5
1,298.7,308.5,1469,39.9,67,2673.2999999999997,9.800000000000011
1,301.6,310.9,1385,50.7,195,9886.5,9.299999999999955
1,300.6,309.9,1428,48.8,109,5319.2,9.299999999999955
1,300.5,309.8,1379,54.2,207,11219.400000000001,9.300000000000011
0,297.4,308.8,1324,53.5,169,9041.5,11.400000000000034
1,300.6,310.7,1750,30.6,171,5232.6,10.099999999999966
2,295.5,306.0,1326,50.8,18,914.4,10.5
1,299.6,309.2,1540,36.7,221,8110.700000000001,9.599999999999966
1,300.9,310.7,1479,43.3,201,8703.3,9.800000000000011
0,300.3,309.7,1452,41.5,139,5768.5,9.399999999999977
1,300.9,310.9,1370,52.5,107,5617.5,10.0
0,302.9,312.5,1357,55.0,12,660.0,9.600000000000023
0,298.8,308.9,1466,44.1,184,8114.400000000001,10.099999999999966
2,301.8,311.1,1663,31.6,199,6288.400000000001,9.300000000000011
2,301.3,310.6,1499,36.1,163,5884.3,9.300000000000011
1,301.4,310.1,1937,21.8,205,4469.0,8.700000000000045
1,299.1,310.2,1598,33.4,20,668.0,11.099999999999966
1,301.9,311.2,1369,49.8,66,3286.7999999999997,9.300000000000011
1,301.2,312.3,1528,38.4,85,3264.0,11.100000000000023
1,298.3,308.8,1767,27.3,168,4586.400000000001,10.5
1,298.0,308.2,1489,40.4,11,444.4,10.199999999999989
1,302.3,311.4,1333,66.7,205,13673.5,9.099999999999966
2,300.5,312.0,1867,23.0,103,2369.0,11.5
2,298.5,308.3,1381,50.5,22,1111.0,9.800000000000011
1,297.4,308.3,1347,45.8,43,1969.3999999999999,10.900000000000034
2,299.3,310.5,1404,47.5,12,570.0,11.199999999999989
1,299.2,309.0,1408,47.2,0,0.0,9.800000000000011
2,301.5,311.0,1504,42.6,109,4643.400000000001,9.5
1,300.2,309.5,1436,48.8,135,6588.0,9.300000000000011
2,298.4,309.4,1666,24.3,68,1652.4,11.0
0,301.6,310.4,1330,49.5,30,1485.0,8.799999999999955
2,301.2,310.7,1615,34.9,95,3315.5,9.5
1,298.2,309.0,1418,44.2,87,3845.4,10.800000000000011
1,300.9,310.7,1658,28.5,18,513.0,9.800000000000011
1,300.8,310.6,1360,48.8,91,4440.8,9.800000000000011
2,302.3,311.4,1484,39.5,22,869.0,9.099999999999966
1,301.7,310.6,1303,59.7,42,2507.4,8.900000000000034
1,302.2,310.8,2203,16.6,47,780.2,8.600000000000023
1,298.2,309.0,1651,31.5,197,6205.5,10.800000000000011
1,303.0,311.3,1793,29.3,157,4600.1,8.300000000000011
0,297.1,308.4,1359,46.6,176,8201.6,11.299999999999955
1,298.3,308.6,1584,29.3,162,4746.6,10.300000000000011
1,298.0,308.5,1429,37.7,220,8294.0,10.5
1,300.1,309.2,1326,55.9,55,3074.5,9.099999999999966
2,300.1,309.6,1584,36.7,165,6055.500000000001,9.5
0,298.8,310.2,1663,30.4,209,6353.599999999999,11.399999999999977
2,298.8,308.6,1598,35.1,52,1825.2,9.800000000000011
2,298.5,309.5,1501,40.2,114,4582.8,11.0
2,297.3,308.4,1449,44.4,34,1509.6,11.099999999999966
1,298.6,309.4,1698,33.2,147,4880.400000000001,10.799999999999955
1,298.0,307.8,1386,57.3,147,8423.1,9.800000000000011
1,297.2,308.4,1833,25.2,117,2948.4,11.199999999999989
1,300.8,311.7,1479,39.4,18,709.1999999999999,10.899999999999977
1,299.1,308.2,1348,56.1,110,6171.0,9.099999999999966
1,300.2,309.5,1539,35.3,80,2824.0,9.300000000000011
1,298.3,308.4,1408,43.1,177,7628.7,10.099999999999966
2,299.0,309.7,1489,40.7,212,8628.400000000001,10.699999999999989
1,301.5,310.6,1381,50.7,206,10444.2,9.100000000000023
2,301.7,310.7,1442,41.1,89,3657.9,9.0
1,300.0,309.5,1869,22.7,49,1112.3,9.5
1,301.5,310.8,1417,49.7,5,248.5,9.300000000000011
1,301.4,311.0,1634,32.6,155,5053.0,9.600000000000023
1,299.4,309.1,1957,22.1,55,1215.5,9.700000000000045
2,302.2,310.8,1422,47.0,3,141.0,8.600000000000023
1,300.3,311.8,1360,48.0,119,5712.0,11.5
1,300.2,311.6,1540,37.7,71,2676.7000000000003,11.400000000000034
2,300.7,310.6,1407,42.4,218,9243.199999999999,9.900000000000034
2,300.8,310.9,1514,38.7,66,2554.2000000000003,10.099999999999966
1,301.5,310.7,1424,51.1,22,1124.2,9.199999999999989
2,299.6,309.4,1642,30.3,80,2424.0,9.799999999999955
1,297.6,308.7,1460,46.7,150,7005.0,11.099999999999966
1,301.4,310.9,1414,38.8,162,6285.599999999999,9.5
1,301.3,310.8,1428,55.2,88,4857.6,9.5
1,301.3,310.4,1414,51.4,199,10228.6,9.099999999999966
0,301.8,310.5,1478,38.6,141,5442.6,8.699999999999989
1,303.0,312.7,1361,48.8,120,5856.0,9.699999999999989
2,297.6,308.6,1509,39.7,166,6590.200000000001,11.0
2,300.3,311.2,1783,25.6,139,3558.4,10.899999999999977
1,298.1,307.7,1650,34.1,138,4705.8,9.599999999999966
1,297.2,308.0,1474,43.7,162,7079.400000000001,10.800000000000011
2,302.6,312.0,1363,45.7,91,4158.7,9.399999999999977
1,300.2,310.1,1392,47.9,201,9627.9,9.900000000000034
1,299.5,309.4,1563,41.5,183,7594.5,9.899999999999977
2,300.1,311.4,1524,40.6,98,3978.8,11.299999999999955
1,301.1,310.7,1436,45.3,8,362.4,9.599999999999966
1,301.1,312.3,1464,35.3,65,2294.5,11.199999999999989
2,297.6,308.6,1444,48.2,46,2217.2000000000003,11.0
1,300.3,309.2,1587,31.4,43,1350.2,8.899999999999977
1,298.8,308.6,1431,45.7,97,4432.900000000001,9.800000000000011
1,301.4,311.3,1674,33.3,46,1531.8,9.900000000000034
1,297.7,309.6,1480,47.9,18,862.1999999999999,11.900000000000034
1,301.5,310.5,1535,39.0,204,7956.0,9.0
1,300.7,311.8,1603,34.1,17,579.7,11.100000000000023
1,301.1,310.5,1324,52.4,171,8960.4,9.399999999999977
0,298.1,307.6,1542,37.1,84,3116.4,9.5
1,299.5,310.7,1438,45.7,106,4844.200000000001,11.199999999999989
0,299.2,308.8,1440,39.1,188,7350.8,9.600000000000023
0,301.1,311.6,1417,53.4,0,0.0,10.5
1,297.6,308.5,1452,42.6,116,4941.6,10.899999999999977
1,298.8,309.1,1378,54.4,165,8976.0,10.300000000000011
1,297.1,307.9,1492,39.4,171,6737.4,10.799999999999955
2,299.4,309.1,1417,47.3,59,2790.7,9.700000000000045
1,299.0,309.0,1544,31.8,25,795.0,10.0
1,299.2,308.4,1667,29.0,199,5771.0,9.199999999999989
1,298.3,309.0,1408,45.4,98,4449.2,10.699999999999989
1,299.9,309.2,1333,50.8,61,3098.7999999999997,9.300000000000011
1,300.1,309.4,1568,39.7,42,1667.4,9.299999999999955
1,298.4,309.0,1474,52.7,95,5006.5,10.600000000000023
2,298.0,309.2,1438,42.9,101,4332.9,11.199999999999989
1,304.1,313.4,1399,43.7,111,4850.700000000001,9.299999999999955
1,298.0,309.1,1822,23.5,122,2867.0,11.100000000000023
1,301.8,310.6,1650,31.9,126,4019.3999999999996,8.800000000000011
0,297.1,308.2,1790,30.3,128,3878.4,11.099999999999966
1,299.8,309.1,1578,42.1,191,8041.1,9.300000000000011
1,300.0,311.4,1590,33.6,5,168.0,11.399999999999977
1,300.5,310.6,1368,49.6,10,496.0,10.100000000000023
2,298.3,308.9,1646,25.4,46,1168.3999999999999,10.599999999999966
2,302.3,311.4,1418,41.3,62,2560.6,9.099999999999966
1,297.9,307.8,1538,38.5,123,4735.5,9.900000000000034
1,298.2,308.7,1991,20.5,36,738.0,10.5
2,297.2,308.1,1554,41.3,147,6071.099999999999,10.900000000000034
1,297.4,308.4,1603,34.6,65,2249.0,11.0
1,296.8,308.3,1506,45.9,182,8353.8,11.5
1,298.2,308.3,1475,49.9,47,2345.2999999999997,10.100000000000023
1,298.0,308.7,1629,34.3,191,6551.299999999999,10.699999999999989
0,299.6,309.1,1630,32.3,194,6266.2,9.5
2,295.7,306.3,1462,44.3,37,1639.1,10.600000000000023
0,299.8,310.2,1537,36.6,191,6990.6,10.399999999999977
1,301.0,310.9,1809,25.7,192,4934.4,9.899999999999977
1,300.5,310.0,1413,44.5,152,6764.0,9.5
2,302.1,311.0,1351,60.3,207,12482.099999999999,8.899999999999977
2,298.7,310.1,1368,56.8,72,4089.6,11.400000000000034
2,300.7,309.8,1490,38.8,173,6712.4,9.100000000000023
1,300.7,311.7,1460,46.1,15,691.5,11.0
0,297.7,307.3,1514,38.6,19,733.4,9.600000000000023
1,303.3,311.2,1763,27.3,27,737.1,7.899999999999977
1,300.6,310.2,1555,41.9,19,796.1,9.599999999999966
1,297.8,308.9,1282,58.1,108,6274.8,11.099999999999966
1,296.7,307.8,1505,39.4,236,9298.4,11.100000000000023
1,301.6,310.9,1532,43.6,15,654.0,9.299999999999955
1,302.6,311.0,1284,68.0,114,7752.0,8.399999999999977
2,296.3,307.2,1319,68.3,24,1639.1999999999998,10.899999999999977
1,298.5,308.0,1384,59.5,27,1606.5,9.5
2,303.0,312.3,1674,29.5,109,3215.5,9.300000000000011
2,302.6,310.5,1965,20.2,40,808.0,7.899999999999977
1,302.5,312.0,1383,51.3,190,9747.0,9.5
2,301.7,310.8,1671,31.6,137,4329.2,9.100000000000023
1,297.8,307.8,1412,48.3,27,1304.1,10.0
1,302.4,311.1,1448,44.8,195,8736.0,8.700000000000045
2,297.2,308.5,1425,45.8,109,4992.2,11.300000000000011
1,296.9,308.3,1555,38.2,175,6685.000000000001,11.400000000000034
1,297.3,308.5,1545,34.3,74,2538.2,11.199999999999989
2,297.9,308.9,1547,44.0,72,3168.0,11.0
2,297.9,308.8,1469,49.0,51,2499.0,10.900000000000034
1,300.4,309.2,1752,29.0,52,1508.0,8.800000000000011
1,300.3,311.6,1515,44.9,69,3098.1,11.300000000000011
2,301.2,310.7,1394,42.8,168,7190.4,9.5
2,303.0,312.3,1483,38.8,114,4423.2,9.300000000000011
2,302.4,310.9,1469,41.6,124,5158.400000000001,8.5
1,298.8,309.1,1439,39.2,104,4076.8,10.300000000000011
2,301.5,310.6,1573,37.4,37,1383.8,9.100000000000023
2,297.2,307.9,1687,30.4,82,2492.7999999999997,10.699999999999989
1,299.1,308.2,1493,34.9,119,4153.099999999999,9.099999999999966
2,297.7,309.7,1680,30.2,168,5073.599999999999,12.0
1,298.9,310.2,1696,30.2,214,6462.8,11.300000000000011
1,299.3,309.1,1795,24.7,187,4618.9,9.800000000000011
1,301.4,310.4,1543,40.9,190,7771.0,9.0
2,295.7,306.2,1423,42.5,121,5142.5,10.5
1,300.3,311.4,1526,38.5,101,3888.5,11.099999999999966
0,297.7,308.5,1720,29.9,210,6279.0,10.800000000000011
1,303.0,311.2,1641,32.6,63,2053.8,8.199999999999989
2,298.0,307.6,1581,43.4,113,4904.2,9.600000000000023
1,298.7,309.0,1691,30.1,154,4635.400000000001,10.300000000000011
1,300.2,309.8,1418,49.3,16,788.8,9.600000000000023
1,299.5,309.2,1393,47.3,20,946.0,9.699999999999989
2,300.7,310.1,1367,52.6,167,8784.2,9.400000000000034
1,301.1,311.1,1387,53.1,188,9982.800000000001,10.0
2,298.4,310.2,1725,32.0,80,2560.0,11.800000000000011
2,301.5,310.4,1593,36.8,50,1839.9999999999998,8.899999999999977
1,300.5,311.9,1887,21.7,56,1215.2,11.399999999999977
1,295.7,306.5,1737,26.2,97,2541.4,10.800000000000011
2,300.1,311.3,1650,33.8,38,1284.3999999999999,11.199999999999989
2,302.6,311.1,1520,43.0,88,3784.0,8.5
1,300.4,309.4,1412,51.6,153,7894.8,9.0
2,297.7,308.2,1720,25.6,174,4454.400000000001,10.5
1,300.2,311.6,1671,28.8,149,4291.2,11.400000000000034
0,302.9,311.0,1452,58.3,123,7170.9,8.100000000000023
2,300.3,311.8,1592,32.1,11,353.1,11.5
1,302.3,311.8,1565,37.8,59,2230.2,9.5
0,298.9,308.6,1623,31.0,180,5580.0,9.700000000000045
0,301.8,310.8,1470,37.6,204,7670.400000000001,9.0
2,297.4,308.4,1789,25.0,210,5250.0,11.0
2,298.1,308.3,1680,33.7,185,6234.500000000001,10.199999999999989
1,301.5,310.5,2297,15.8,191,3017.8,9.0
2,298.0,307.6,1459,44.4,163,7237.2,9.600000000000023
1,302.5,311.0,1548,38.4,188,7219.2,8.5
2,300.7,310.8,1506,44.0,97,4268.0,10.100000000000023
2,297.4,308.6,1528,29.1,163,4743.3,11.200000000000045
2,303.9,313.1,1483,47.2,71,3351.2000000000003,9.200000000000045
0,302.3,310.9,1366,48.4,130,6292.0,8.599999999999966
0,303.8,312.5,1655,28.0,170,4760.0,8.699999999999989
1,297.6,309.4,1491,40.2,231,9286.2,11.799999999999955
1,297.3,308.3,1411,43.2,63,2721.6000000000004,11.0
2,299.6,310.1,1646,29.6,73,2160.8,10.5
2,299.8,311.3,1517,41.2,105,4326.0,11.5
0,301.3,310.4,1538,38.4,65,2496.0,9.099999999999966
2,299.7,310.3,1429,47.7,35,1669.5,10.600000000000023
0,303.0,312.5,1698,30.0,89,2670.0,9.5
1,302.3,311.6,1398,49.1,119,5842.900000000001,9.300000000000011
0,300.9,310.7,1403,40.6,207,8404.2,9.800000000000011
1,303.7,312.6,1621,38.8,182,7061.599999999999,8.900000000000034
1,301.9,310.9,1379,54.8,99,5425.2,9.0
1,300.6,309.4,1556,36.0,98,3528.0,8.799999999999955
2,300.7,310.6,1349,54.5,19,1035.5,9.900000000000034
2,303.0,311.1,1490,43.0,108,4644.0,8.100000000000023
1,303.9,313.2,1393,46.5,9,418.5,9.300000000000011
1,300.0,310.1,1465,40.9,60,2454.0,10.100000000000023
1,298.1,308.7,1683,29.1,161,4685.1,10.599999999999966
1,298.3,308.3,1444,43.8,176,7708.799999999999,10.0
1,301.0,312.2,1601,33.0,109,3597.0,11.199999999999989
1,300.9,311.0,1382,51.2,136,6963.200000000001,10.100000000000023
0,297.3,308.2,1653,31.4,9,282.59999999999997,10.899999999999977
1,299.4,310.9,1751,27.8,10,278.0,11.5
1,298.0,308.5,1664,28.3,196,5546.8,10.5
0,303.4,311.9,1534,33.2,210,6972.000000000001,8.5
1,299.2,310.1,1534,37.7,10,377.0,10.900000000000034
1,297.2,307.9,1989,20.3,186,3775.8,10.699999999999989
1,302.2,311.5,1548,32.4,81,2624.4,9.300000000000011
2,300.1,308.9,1548,38.4,31,1190.3999999999999,8.799999999999955
1,298.5,309.6,1421,53.6,122,6539.2,11.100000000000023
1,299.3,308.9,1376,60.3,163,9828.9,9.599999999999966
1,298.3,308.0,1578,37.8,101,3817.7999999999997,9.699999999999989
0,298.8,308.6,1449,49.4,150,7410.0,9.800000000000011
2,302.0,311.2,1625,30.7,189,5802.3,9.199999999999989
1,301.4,310.5,1489,43.5,98,4263.0,9.100000000000023
1,300.5,310.7,1606,33.5,121,4053.5,10.199999999999989
2,300.0,311.4,1384,46.1,7,322.7,11.399999999999977
2,297.6,308.6,1390,53.4,175,9345.0,11.0
1,300.6,309.5,1867,23.0,242,5566.0,8.899999999999977
1,299.2,308.9,1430,39.1,117,4574.7,9.699999999999989
1,296.8,307.9,1372,49.0,140,6860.0,11.099999999999966
1,302.5,312.2,1574,38.7,30,1161.0,9.699999999999989
1,299.6,310.2,1333,51.2,40,2048.0,10.599999999999966
1,298.2,309.0,1643,34.1,91,3103.1,10.800000000000011
1,302.6,311.6,1576,34.7,182,6315.400000000001,9.0
1,299.6,309.2,1425,45.9,133,6104.7,9.599999999999966
2,300.8,311.9,1356,44.3,214,9480.199999999999,11.099999999999966
2,297.3,308.8,1469,44.1,150,6615.0,11.5
2,297.4,308.3,1444,44.0,18,792.0,10.900000000000034
2,297.6,308.7,1408,51.5,4,206.0,11.099999999999966
1,302.7,310.4,1489,42.7,33,1409.1000000000001,7.699999999999989
1,297.5,309.2,1715,28.0,30,840.0,11.699999999999989
2,303.0,312.6,1392,42.9,94,4032.6,9.600000000000023
0,302.2,310.9,1522,35.9,61,2189.9,8.699999999999989
1,298.0,308.3,1662,32.7,0,0.0,10.300000000000011
2,300.4,309.8,1430,43.4,198,8593.199999999999,9.400000000000034
0,299.2,308.5,1342,47.5,147,6982.5,9.300000000000011
2,300.2,311.6,1415,55.8,82,4575.599999999999,11.400000000000034
2,300.1,311.3,1748,26.6,42,1117.2,11.199999999999989
1,302.3,312.0,1354,52.2,165,8613.0,9.699999999999989
1,302.2,311.5,1588,30.6,39,1193.4,9.300000000000011
1,295.9,306.6,1412,41.0,109,4469.0,10.700000000000045
1,301.9,310.6,1462,38.8,22,853.5999999999999,8.700000000000045
2,302.0,310.8,1445,46.3,17,787.0999999999999,8.800000000000011
2,302.5,310.2,1751,30.5,90,2745.0,7.699999999999989
0,298.9,308.5,1415,54.0,6,324.0,9.600000000000023
1,298.5,308.4,1733,26.0,8,208.0,9.899999999999977
1,297.3,308.2,1490,41.0,16,656.0,10.899999999999977
1,301.4,310.7,1706,27.9,170,4743.0,9.300000000000011
1,297.7,309.1,1562,36.8,172,6329.599999999999,11.400000000000034
1,304.1,313.1,1550,30.9,9,278.09999999999997,9.0
1,300.1,309.0,1314,58.2,114,6634.8,8.899999999999977
1,300.1,309.4,1559,39.7,24,952.8000000000001,9.299999999999955
2,303.4,311.5,1560,36.4,114,4149.599999999999,8.100000000000023
1,302.6,311.0,1369,60.0,93,5580.0,8.399999999999977
2,300.0,309.9,1651,28.1,114,3203.4,9.899999999999977
1,300.5,309.8,1441,48.8,200,9760.0,9.300000000000011
1,297.6,308.4,1460,40.3,195,7858.499999999999,10.799999999999955
1,300.4,311.8,1636,32.3,7,226.09999999999997,11.400000000000034
1,301.6,310.5,1397,49.4,104,5137.599999999999,8.899999999999977
1,300.0,309.4,2010,20.0,55,1100.0,9.399999999999977
1,302.2,311.7,1488,44.6,178,7938.8,9.5
2,300.4,311.2,1366,56.1,177,9929.7,10.800000000000011
1,300.4,312.0,1631,34.9,115,4013.5,11.600000000000023
0,297.5,309.4,1368,45.3,129,5843.7,11.899999999999977
1,300.2,311.7,1603,30.5,176,5368.0,11.5
1,296.8,307.8,1480,39.4,122,4806.8,11.0
1,299.5,310.8,1571,38.2,74,2826.8,11.300000000000011
2,302.2,311.5,1449,44.5,113,5028.5,9.300000000000011
2,299.0,310.2,1657,32.3,64,2067.2,11.199999999999989
2,301.4,311.0,1486,36.5,91,3321.5,9.600000000000023
2,299.5,310.7,1364,49.5,0,0.0,11.199999999999989
1,302.9,312.4,1424,49.5,155,7672.5,9.5
1,301.1,311.0,1378,51.1,190,9709.0,9.899999999999977
2,300.5,309.8,1416,48.5,110,5335.0,9.300000000000011
1,302.2,311.4,1754,26.9,33,887.6999999999999,9.199999999999989
1,297.8,308.3,1498,47.3,160,7568.0,10.5
1,298.9,310.0,1633,31.2,76,2371.2,11.100000000000023
1,297.4,308.6,1820,24.6,79,1943.4,11.200000000000045
2,299.7,310.9,1620,37.2,203,7551.6,11.199999999999989
2,297.5,309.2,1530,40.0,206,8240.0,11.699999999999989
1,302.2,311.1,1394,53.7,140,7518.0,8.900000000000034
1,301.1,310.5,1529,38.7,91,3521.7000000000003,9.399999999999977
1,300.5,310.6,1950,20.3,208,4222.400000000001,10.100000000000023
1,302.3,311.8,1605,35.2,152,5350.400000000001,9.5
2,298.3,309.2,1783,28.3,130,3679.0,10.899999999999977
2,299.2,310.5,1548,33.5,35,1172.5,11.300000000000011
2,298.4,308.7,1421,60.7,119,7223.3,10.300000000000011
1,302.4,311.0,1317,59.4,179,10632.6,8.600000000000023
2,300.7,309.4,1589,35.0,52,1820.0,8.699999999999989
1,301.0,310.5,1601,33.2,77,2556.4,9.5
2,299.0,310.3,1827,28.0,178,4984.0,11.300000000000011
1,302.4,310.2,1346,62.4,106,6614.4,7.800000000000011
2,301.0,311.6,1301,55.0,9,495.0,10.600000000000023
2,297.4,308.9,1348,59.1,201,11879.1,11.5
1,298.0,307.8,1414,51.7,140,7238.0,9.800000000000011
1,301.3,310.4,1346,46.7,90,4203.0,9.099999999999966
2,304.1,313.4,1518,42.4,105,4452.0,9.299999999999955
1,300.7,310.2,1348,54.8,50,2740.0,9.5
2,297.3,308.3,1697,27.4,121,3315.3999999999996,11.0
1,296.8,307.6,1547,36.5,179,6533.5,10.800000000000011
1,299.1,309.4,1439,44.2,82,3624.4,10.299999999999955
2,301.1,310.9,1396,45.1,12,541.2,9.799999999999955
2,303.3,311.8,1441,44.9,61,2738.9,8.5
0,300.2,311.0,1777,27.5,151,4152.5,10.800000000000011
1,300.0,311.4,1383,49.6,101,5009.6,11.399999999999977
1,299.0,310.4,1504,34.3,48,1646.3999999999999,11.399999999999977
0,298.8,309.8,1563,38.8,65,2522.0,11.0
1,298.3,308.9,1695,30.7,174,5341.8,10.599999999999966
2,301.4,310.7,1617,34.3,101,3464.2999999999997,9.300000000000011
2,302.5,312.0,1826,25.3,203,5135.900000000001,9.5
1,296.1,307.2,1615,30.8,18,554.4,11.099999999999966
2,300.6,312.0,1490,39.8,94,3741.2,11.399999999999977
2,303.5,313.0,1492,46.1,89,4102.900000000001,9.5
1,301.3,311.3,1434,49.8,16,796.8,10.0
0,304.0,313.2,1271,68.6,161,11044.599999999999,9.199999999999989
0,298.0,307.5,1683,27.8,26,722.8000000000001,9.5
1,298.0,308.9,1607,37.7,49,1847.3000000000002,10.899999999999977
1,299.9,310.3,1638,29.1,152,4423.2,10.400000000000034
1,297.5,308.9,1466,43.0,15,645.0,11.399999999999977
1,298.6,309.8,1842,20.1,142,2854.2000000000003,11.199999999999989
1,300.9,310.5,1570,40.1,79,3167.9,9.600000000000023
2,300.5,311.8,1636,34.4,2,68.8,11.300000000000011
1,302.5,310.4,1415,48.2,117,5639.400000000001,7.899999999999977
1,299.0,310.2,1682,28.8,49,1411.2,11.199999999999989
1,297.2,307.9,1337,58.1,184,10690.4,10.699999999999989
1,302.7,310.6,1564,34.3,0,0.0,7.900000000000034
1,298.4,308.2,1471,47.0,214,10058.0,9.800000000000011
0,297.2,307.9,1450,37.2,151,5617.200000000001,10.699999999999989
1,301.3,310.4,1440,41.5,197,8175.5,9.099999999999966
2,299.0,308.3,1377,47.2,35,1652.0,9.300000000000011
1,303.0,311.2,1409,41.9,98,4106.2,8.199999999999989
1,298.8,309.1,1362,45.4,113,5130.2,10.300000000000011
1,299.3,309.1,1399,52.1,27,1406.7,9.800000000000011
1,301.2,310.7,1676,32.4,98,3175.2,9.5
2,298.8,309.7,1448,44.8,31,1388.8,10.899999999999977
1,299.5,309.9,1402,51.7,58,2998.6000000000004,10.399999999999977
1,302.3,311.7,1611,38.6,143,5519.8,9.399999999999977
1,297.9,309.0,1629,29.0,26,754.0,11.100000000000023
2,302.2,311.3,1931,21.9,101,2211.8999999999996,9.100000000000023
2,301.5,310.7,1359,47.1,115,5416.5,9.199999999999989
2,297.4,308.3,1774,28.9,166,4797.4,10.900000000000034
2,299.4,310.9,1473,40.1,7,280.7,11.5
1,298.7,309.8,1589,31.8,217,6900.6,11.100000000000023
0,299.7,310.3,1462,40.4,19,767.6,10.600000000000023
1,300.0,309.7,1326,61.9,80,4952.0,9.699999999999989
0,298.1,309.3,1332,51.0,72,3672.0,11.199999999999989
2,303.6,312.3,1915,22.3,116,2586.8,8.699999999999989
2,301.3,310.7,1532,40.7,178,7244.6,9.399999999999977
0,297.6,308.6,1480,39.8,19,756.1999999999999,11.0
1,298.4,309.0,2304,15.1,89,1343.8999999999999,10.600000000000023
1,297.9,307.7,1308,55.2,87,4802.400000000001,9.800000000000011
1,300.3,311.3,1332,60.5,112,6776.0,11.0
1,297.5,308.2,1610,33.6,115,3864.0,10.699999999999989
2,298.1,308.7,1362,49.6,158,7836.8,10.599999999999966
2,301.5,310.7,1871,21.3,152,3237.6,9.199999999999989
2,297.4,308.6,1452,41.2,197,8116.400000000001,11.200000000000045
1,300.5,310.7,1488,39.4,159,6264.599999999999,10.199999999999989
1,297.1,308.2,1399,42.6,194,8264.4,11.099999999999966
1,301.7,311.0,1503,44.8,134,6003.2,9.300000000000011
0,302.7,312.1,1603,32.5,148,4810.0,9.400000000000034
1,303.6,312.9,1381,57.8,27,1560.6,9.299999999999955
1,300.7,311.1,1440,43.0,148,6364.0,10.400000000000034
2,301.8,310.7,1420,52.0,88,4576.0,8.899999999999977
1,299.4,309.1,1670,35.9,68,2441.2,9.700000000000045
2,300.0,311.4,1864,23.3,2,46.6,11.399999999999977
1,303.8,312.8,1416,58.7,156,9157.2,9.0
0,298.6,309.8,1279,55.9,152,8496.8,11.199999999999989
1,299.3,308.7,1484,40.5,213,8626.5,9.399999999999977
1,297.8,307.5,1388,40.0,159,6360.0,9.699999999999989
2,299.7,311.2,1560,43.9,126,5531.4,11.5
1,299.7,309.3,1546,37.2,4,148.8,9.600000000000023
1,297.9,307.7,1567,34.7,74,2567.8,9.800000000000011
2,297.2,308.3,1794,27.5,38,1045.0,11.100000000000023
1,297.0,307.9,1479,39.2,151,5919.200000000001,10.899999999999977
1,301.6,310.1,1326,48.2,77,3711.4,8.5
2,301.1,311.1,1384,42.5,185,7862.5,10.0
1,300.0,311.4,1487,41.2,22,906.4000000000001,11.399999999999977
1,301.6,310.9,1623,34.1,56,1909.6000000000001,9.299999999999955
0,296.8,307.8,1627,30.5,117,3568.5,11.0
1,300.1,309.0,1404,54.8,29,1589.1999999999998,8.899999999999977
1,302.3,310.1,1653,29.7,34,1009.8,7.800000000000011
1,297.4,308.3,1431,43.0,113,4859.0,10.900000000000034
1,301.3,310.6,1529,41.8,176,7356.799999999999,9.300000000000011
1,299.2,308.5,1490,43.2,158,6825.6,9.300000000000011
2,300.4,309.7,1488,42.2,133,5612.6,9.300000000000011
2,297.9,308.8,1602,32.1,59,1893.9,10.900000000000034
2,300.1,311.4,1390,52.1,94,4897.400000000001,11.299999999999955
0,297.6,309.0,1885,25.2,24,604.8,11.399999999999977
1,297.7,308.9,1742,26.3,24,631.2,11.199999999999989
1,297.8,307.3,1859,24.0,178,4272.0,9.5
1,300.0,311.5,1812,28.3,94,2660.2000000000003,11.5
2,298.4,308.2,1584,41.0,191,7831.0,9.800000000000011
1,303.8,312.8,1646,35.8,143,5119.4,9.0
1,300.7,311.0,1496,38.3,99,3791.7,10.300000000000011
1,295.6,306.2,1424,42.5,58,2465.0,10.599999999999966
1,298.8,308.7,1635,35.2,47,1654.4,9.899999999999977
1,301.6,309.9,1397,43.7,102,4457.400000000001,8.299999999999955
2,298.8,308.5,1711,28.5,140,3990.0,9.699999999999989
1,300.4,310.4,1486,46.3,48,2222.3999999999996,10.0
1,303.2,311.5,1513,37.9,0,0.0,8.300000000000011
2,301.4,310.4,1553,44.7,173,7733.1,9.0
1,301.0,310.9,1822,21.6,168,3628.8,9.899999999999977
2,297.3,308.5,1524,49.3,176,8676.8,11.199999999999989
1,297.4,308.5,1462,42.8,68,2910.3999999999996,11.100000000000023
0,302.3,311.8,1804,25.0,43,1075.0,9.5
1,299.4,309.0,1613,32.2,178,5731.6,9.600000000000023
1,303.4,312.8,1360,50.8,94,4775.2,9.400000000000034
1,297.2,308.5,1574,35.8,95,3400.9999999999995,11.300000000000011
2,298.3,309.5,1560,36.9,131,4833.9,11.199999999999989
2,302.4,311.8,1453,42.1,105,4420.5,9.400000000000034
1,300.5,310.8,1728,26.3,125,3287.5,10.300000000000011
1,303.3,311.3,1393,47.4,18,853.1999999999999,8.0
1,303.5,313.0,1465,41.0,56,2296.0,9.5
1,300.6,310.2,1622,34.1,3,102.30000000000001,9.599999999999966
1,298.3,307.9,1435,39.9,143,5705.7,9.599999999999966
1,301.9,310.5,1892,21.8,177,3858.6,8.600000000000023
1,304.3,313.3,1775,24.9,39,971.0999999999999,9.0
2,301.1,310.5,1646,30.7,76,2333.2,9.399999999999977
0,296.7,308.1,1528,46.3,203,9398.9,11.400000000000034
2,302.3,311.7,1453,42.5,56,2380.0,9.399999999999977
1,298.7,308.5,1375,46.4,48,2227.2,9.800000000000011
1,302.1,311.2,1417,48.0,13,624.0,9.099999999999966
0,297.4,308.4,1487,46.2,150,6930.0,11.0
1,303.6,311.9,1473,50.1,84,4208.400000000001,8.299999999999955
1,299.4,310.6,1418,53.1,10,531.0,11.200000000000045
1,303.6,312.0,1827,23.3,103,2399.9,8.399999999999977
0,298.3,309.0,1823,25.9,181,4687.9,10.699999999999989
1,298.1,307.8,1606,33.0,130,4290.0,9.699999999999989
1,302.3,311.2,1386,53.5,59,3156.5,8.899999999999977
1,302.4,310.1,1418,52.3,141,7374.299999999999,7.7000000000000455
1,302.0,309.9,1308,57.6,197,11347.2,7.899999999999977
1,302.2,310.8,1350,56.6,76,4301.6,8.600000000000023
2,297.4,308.6,1643,31.0,89,2759.0,11.200000000000045
0,298.9,310.1,1458,44.3,156,6910.799999999999,11.200000000000045
1,301.8,310.8,1576,38.6,38,1466.8,9.0
1,298.8,308.6,1593,35.5,175,6212.5,9.800000000000011
1,300.6,311.9,1463,38.2,41,1566.2,11.299999999999955
1,299.0,310.3,1929,24.4,180,4392.0,11.300000000000011
2,300.6,310.7,1339,52.9,0,0.0,10.099999999999966
1,302.2,311.0,1832,23.2,70,1624.0,8.800000000000011
1,303.4,312.8,1376,53.4,98,5233.2,9.400000000000034
1,300.4,311.5,1704,29.7,103,3059.1,11.100000000000023
2,302.6,311.6,1518,39.0,184,7176.0,9.0
2,303.4,312.7,1357,55.3,31,1714.3,9.300000000000011
1,300.6,310.1,1297,50.0,130,6500.0,9.5
2,297.2,308.3,1578,37.8,3,113.39999999999999,11.100000000000023
2,300.8,310.7,1371,44.7,205,9163.5,9.899999999999977
2,302.2,311.1,1434,58.6,102,5977.2,8.900000000000034
1,301.9,311.0,1289,54.9,128,7027.2,9.100000000000023
2,301.1,310.9,1552,37.9,126,4775.4,9.799999999999955
1,303.7,312.4,1316,59.3,137,8124.099999999999,8.699999999999989
2,303.5,312.7,1420,49.1,42,2062.2000000000003,9.199999999999989
2,300.6,310.2,1233,52.3,23,1202.8999999999999,9.599999999999966
1,300.2,310.3,1202,59.5,40,2380.0,10.100000000000023
1,296.9,308.0,1521,34.5,84,2898.0,11.100000000000023
1,298.0,308.0,1524,37.0,49,1813.0,10.0
1,297.4,308.3,1723,28.8,33,950.4,10.900000000000034
2,302.4,311.8,1539,39.9,101,4029.8999999999996,9.400000000000034
2,303.5,312.9,1883,23.3,100,2330.0,9.399999999999977
1,298.9,308.9,1450,47.5,9,427.5,10.0
2,300.2,309.5,1434,51.5,189,9733.5,9.300000000000011
1,299.2,308.8,1605,31.1,181,5629.1,9.600000000000023
1,302.5,310.8,1577,36.9,158,5830.2,8.300000000000011
1,301.9,310.4,1518,34.1,155,5285.5,8.5
0,300.4,311.5,1662,29.0,137,3973.0,11.100000000000023
1,304.1,313.1,1556,36.3,86,3121.7999999999997,9.0
1,300.3,311.8,2004,19.6,12,235.20000000000002,11.5
1,303.7,312.4,1535,38.6,107,4130.2,8.699999999999989
2,298.1,309.2,1460,45.8,80,3664.0,11.099999999999966
1,301.9,311.2,1657,29.1,23,669.3000000000001,9.300000000000011
0,302.2,311.4,1625,35.4,70,2478.0,9.199999999999989
1,303.9,313.2,1499,37.4,7,261.8,9.300000000000011
1,297.8,307.3,1438,44.5,3,133.5,9.5
0,301.1,312.2,1491,42.6,52,2215.2000000000003,11.099999999999966
1,298.9,308.9,1422,47.6,15,714.0,10.0
1,298.8,308.7,1490,33.6,71,2385.6,9.899999999999977
1,299.2,310.3,1463,38.9,160,6224.0,11.100000000000023
2,298.1,307.8,1316,57.2,191,10925.2,9.699999999999989
0,299.2,310.6,1434,48.4,153,7405.2,11.400000000000034
2,301.6,310.7,2012,20.7,178,3684.6,9.099999999999966
1,297.5,308.6,1260,53.6,137,7343.2,11.100000000000023
1,299.9,309.2,1658,34.8,16,556.8,9.300000000000011
1,298.5,308.3,1811,24.7,27,666.9,9.800000000000011
2,297.5,308.1,1469,44.8,5,224.0,10.600000000000023
1,300.4,309.6,1523,38.5,124,4774.0,9.200000000000045
2,301.0,311.0,1508,46.9,113,5299.7,10.0
2,302.2,311.1,1640,32.8,77,2525.6,8.900000000000034
2,298.4,309.3,1390,53.6,5,268.0,10.900000000000034
2,301.4,310.6,1464,37.4,74,2767.6,9.200000000000045
0,303.5,312.0,1397,52.9,80,4232.0,8.5
1,300.2,310.1,1440,51.1,41,2095.1,9.900000000000034
1,298.1,307.7,1664,27.6,145,4002.0,9.599999999999966
1,299.0,310.1,2033,19.3,15,289.5,11.100000000000023
1,302.3,311.0,1657,31.1,3,93.30000000000001,8.699999999999989
1,303.5,312.6,1496,39.0,21,819.0,9.100000000000023
1,299.7,309.2,1346,57.4,138,7921.2,9.5
1,298.3,308.3,1452,45.5,63,2866.5,10.0
2,298.2,308.4,1510,39.9,134,5346.599999999999,10.199999999999989
0,298.8,309.9,1466,44.6,66,2943.6,11.099999999999966
2,300.6,310.6,1427,52.8,75,3960.0,10.0
1,299.1,308.9,1680,27.2,110,2992.0,9.799999999999955
1,301.3,310.3,1419,55.7,125,6962.5,9.0
1,297.5,309.4,1809,24.3,110,2673.0,11.899999999999977
2,301.7,310.5,1625,35.9,121,4343.9,8.800000000000011
2,298.7,309.7,1362,50.5,34,1717.0,11.0
0,303.5,311.6,1466,47.0,80,3760.0,8.100000000000023
2,300.8,310.8,1549,35.5,79,2804.5,10.0
1,297.8,308.8,1421,49.6,101,5009.6,11.0
1,298.5,309.0,1458,44.8,217,9721.599999999999,10.5
2,299.1,310.2,1456,48.4,101,4888.4,11.099999999999966
1,300.4,311.8,1689,30.8,196,6036.8,11.400000000000034
1,302.1,311.3,1758,24.4,200,4880.0,9.199999999999989
0,304.0,313.0,1701,30.4,171,5198.4,9.0
2,300.8,310.9,1678,28.1,63,1770.3000000000002,10.099999999999966
0,301.0,310.6,1366,50.6,106,5363.6,9.600000000000023
1,299.4,309.3,1596,31.8,40,1272.0,9.900000000000034
1,300.7,312.1,1498,44.0,155,6820.0,11.400000000000034
2,300.8,312.0,1450,45.0,183,8235.0,11.199999999999989
1,296.7,307.8,1646,34.6,238,8234.800000000001,11.100000000000023
1,299.6,310.9,1229,65.2,209,13626.800000000001,11.299999999999955
0,298.9,310.6,1615,33.0,221,7293.0,11.700000000000045
1,302.0,310.4,1611,35.6,117,4165.2,8.399999999999977
1,300.9,310.8,1482,37.0,5,185.0,9.900000000000034
2,300.5,309.8,1473,42.3,121,5118.299999999999,9.300000000000011
0,298.0,308.7,1503,36.3,5,181.5,10.699999999999989
1,298.0,308.7,1443,49.3,52,2563.6,10.699999999999989
1,300.2,309.8,1650,29.6,13,384.8,9.600000000000023
1,302.6,311.7,1773,27.1,30,813.0,9.099999999999966
2,297.6,307.1,1526,39.1,39,1524.9,9.5
1,300.3,310.6,1806,24.4,88,2147.2,10.300000000000011
2,301.9,311.5,1492,40.8,150,6120.0,9.600000000000023
1,300.6,310.4,1401,42.6,114,4856.400000000001,9.799999999999955
0,299.1,310.6,1791,28.0,168,4704.0,11.5
2,300.8,311.2,1634,31.9,178,5678.2,10.399999999999977
2,299.2,308.8,1314,52.5,193,10132.5,9.600000000000023
1,298.7,309.8,1530,35.5,0,0.0,11.100000000000023
1,297.5,308.8,1417,49.8,177,8814.6,11.300000000000011
1,299.2,308.5,1445,45.2,222,10034.400000000001,9.300000000000011
1,300.4,311.1,1405,54.1,193,10441.300000000001,10.700000000000045
2,297.5,308.3,1521,38.2,74,2826.8,10.800000000000011
1,302.2,311.5,1489,38.3,35,1340.5,9.300000000000011
1,300.3,310.3,1483,51.6,50,2580.0,10.0
2,300.2,309.4,1752,27.8,208,5782.400000000001,9.199999999999989
2,303.4,312.7,1576,49.9,28,1397.2,9.300000000000011
1,300.3,311.7,1365,53.3,113,6022.9,11.399999999999977
1,304.2,313.4,1490,44.0,41,1804.0,9.199999999999989
1,298.9,310.3,1364,54.0,95,5130.0,11.400000000000034
1,300.9,310.6,1598,35.4,186,6584.4,9.700000000000045
1,298.8,308.4,1401,47.3,10,473.0,9.599999999999966
1,300.1,309.7,1601,35.8,160,5728.0,9.599999999999966
2,299.3,308.4,1438,42.3,0,0.0,9.099999999999966
1,298.8,309.9,1486,40.3,126,5077.799999999999,11.099999999999966
1,301.5,310.7,1466,47.3,77,3642.1,9.199999999999989
1,302.5,311.9,1265,59.8,119,7116.2,9.399999999999977
2,301.8,310.7,1465,35.8,82,2935.6,8.899999999999977
1,300.9,310.7,1412,57.5,16,920.0,9.800000000000011
1,300.3,310.4,1493,37.5,219,8212.5,10.099999999999966
1,300.7,311.1,2478,13.4,170,2278.0,10.400000000000034
2,297.0,308.2,1702,30.7,124,3806.7999999999997,11.199999999999989
2,301.8,311.5,1416,49.0,136,6664.0,9.699999999999989
1,303.0,311.1,1525,40.7,179,7285.3,8.100000000000023
1,303.1,311.3,1336,52.6,172,9047.2,8.199999999999989
1,297.9,307.6,1504,42.4,180,7632.0,9.700000000000045
2,303.0,312.7,1426,46.8,99,4633.2,9.699999999999989
1,297.1,308.0,1467,42.8,169,7233.2,10.899999999999977
1,302.1,311.2,1447,50.3,11,553.3,9.099999999999966
1,300.8,311.7,1397,43.5,227,9874.5,10.899999999999977
2,300.6,309.6,1365,50.0,70,3500.0,9.0
0,298.1,307.7,1376,56.2,113,6350.6,9.599999999999966
2,298.2,309.1,1411,45.8,157,7190.599999999999,10.900000000000034
2,301.1,311.2,1591,35.0,208,7280.0,10.099999999999966
2,301.4,310.7,1470,46.5,101,4696.5,9.300000000000011
1,299.5,310.8,1356,54.9,72,3952.7999999999997,11.300000000000011
1,302.6,310.2,1923,21.5,18,387.0,7.599999999999966
2,300.1,309.7,1348,57.3,48,2750.3999999999996,9.599999999999966
1,298.6,310.0,1517,39.0,4,156.0,11.399999999999977
1,299.8,309.4,1480,40.9,2,81.8,9.599999999999966
1,301.0,310.6,1641,33.4,12,400.79999999999995,9.600000000000023
2,299.1,308.5,1587,35.6,2,71.2,9.399999999999977
2,303.3,311.5,1569,36.6,47,1720.2,8.199999999999989
1,302.2,310.6,1386,50.0,132,6600.0,8.400000000000034
2,300.3,309.9,1611,29.0,177,5133.0,9.599999999999966
2,302.6,311.0,1589,39.0,122,4758.0,8.399999999999977
2,298.7,309.6,1455,46.8,162,7581.599999999999,10.900000000000034
1,300.7,310.3,1592,36.0,14,504.0,9.600000000000023
0,300.6,309.8,1913,22.5,157,3532.5,9.199999999999989
2,298.5,307.9,1640,33.1,146,4832.6,9.399999999999977
2,297.5,308.4,1369,54.8,145,7946.0,10.899999999999977
1,300.5,309.7,1841,24.6,143,3517.8,9.199999999999989
1,299.8,311.1,1603,35.1,179,6282.900000000001,11.300000000000011
1,299.7,309.3,1420,44.1,60,2646.0,9.600000000000023
2,299.2,308.4,1381,42.5,54,2295.0,9.199999999999989
1,301.7,310.1,2695,12.6,10,126.0,8.400000000000034
1,301.6,310.1,1694,26.3,14,368.2,8.5
1,297.0,308.3,1399,59.0,135,7965.0,11.300000000000011
2,297.1,308.2,1529,37.9,183,6935.7,11.099999999999966
1,298.2,309.0,1491,38.3,121,4634.299999999999,10.800000000000011
0,297.6,309.0,1735,26.4,41,1082.3999999999999,11.399999999999977
2,301.7,310.6,1492,42.2,85,3587.0000000000005,8.900000000000034
1,302.3,311.8,1574,42.8,215,9202.0,9.5
1,301.0,310.8,1549,41.4,121,5009.4,9.800000000000011
0,302.0,310.5,1459,43.2,148,6393.6,8.5
0,300.6,309.4,1463,49.2,235,11562.0,8.799999999999955
1,299.0,310.1,1362,59.5,46,2737.0,11.100000000000023
1,297.8,309.2,1683,30.9,163,5036.7,11.399999999999977
0,300.6,310.0,1419,42.4,90,3816.0,9.399999999999977
1,297.4,309.0,1568,33.7,175,5897.500000000001,11.600000000000023
2,298.4,308.5,1636,35.7,107,3819.9,10.100000000000023
1,300.7,311.8,1336,58.4,189,11037.6,11.100000000000023
1,300.3,310.2,1471,45.2,48,2169.6000000000004,9.899999999999977
0,296.1,306.9,1541,32.6,33,1075.8,10.799999999999955
2,300.5,311.4,1312,51.4,60,3084.0,10.899999999999977
1,303.4,311.7,1793,25.8,161,4153.8,8.300000000000011
1,298.3,309.9,1507,41.6,112,4659.2,11.599999999999966
1,301.5,310.5,1636,28.7,106,3042.2,9.0
2,301.1,311.2,1407,53.0,165,8745.0,10.099999999999966
2,298.3,307.8,1485,42.0,13,546.0,9.5
2,300.3,309.5,1448,42.4,145,6148.0,9.199999999999989
2,298.8,308.8,1441,40.5,63,2551.5,10.0
2,299.3,309.0,1496,43.4,67,2907.7999999999997,9.699999999999989
1,298.1,307.7,1414,48.7,159,7743.3,9.599999999999966
1,297.7,307.7,1581,34.9,31,1081.8999999999999,10.0
1,297.3,308.5,1456,54.2,179,9701.800000000001,11.199999999999989
1,297.3,308.6,1385,55.2,156,8611.2,11.300000000000011
1,302.5,310.2,1547,36.9,103,3800.7,7.699999999999989
1,297.3,308.1,1762,26.1,154,4019.4,10.800000000000011
1,299.6,309.1,1574,39.2,83,3253.6000000000004,9.5
1,301.1,312.4,1430,37.9,124,4699.599999999999,11.299999999999955
0,299.7,311.1,1353,47.1,143,6735.3,11.400000000000034
1,299.1,308.4,1426,47.9,67,3209.2999999999997,9.299999999999955
0,300.1,311.6,1589,37.9,37,1402.3,11.5
1,302.7,310.7,1369,47.5,11,522.5,8.0
1,300.6,309.7,1593,32.4,76,2462.4,9.099999999999966
1,297.4,308.5,1495,37.8,211,7975.799999999999,11.100000000000023
0,296.4,307.5,1556,38.0,62,2356.0,11.100000000000023
1,298.8,309.7,1450,43.1,63,2715.3,10.899999999999977
1,303.7,312.9,1502,40.5,0,0.0,9.199999999999989
1,299.9,309.0,1553,40.0,88,3520.0,9.100000000000023
2,302.6,312.1,1445,42.0,181,7602.0,9.5
2,302.3,311.8,1463,35.7,197,7032.900000000001,9.5
1,302.3,311.0,1446,37.6,75,2820.0,8.699999999999989
1,299.3,309.0,1734,30.6,154,4712.400000000001,9.699999999999989
1,303.7,313.0,1457,44.1,40,1764.0,9.300000000000011
0,300.4,311.4,1445,52.4,105,5502.0,11.0
1,297.4,307.9,1606,33.4,176,5878.4,10.5
1,298.1,308.7,1642,30.3,3,90.9,10.599999999999966
2,297.8,307.9,1802,25.8,43,1109.4,10.099999999999966
1,301.0,309.9,1507,41.8,19,794.1999999999999,8.899999999999977
1,299.0,310.4,1452,46.2,168,7761.6,11.399999999999977
1,301.2,311.2,1635,29.6,211,6245.6,10.0
2,299.5,309.2,1495,41.6,17,707.2,9.699999999999989
1,298.3,308.5,1538,32.2,173,5570.6,10.199999999999989
1,297.9,309.0,1528,37.5,54,2025.0,11.100000000000023
2,298.7,309.6,1738,27.3,79,2156.7000000000003,10.900000000000034
2,299.0,308.4,1535,47.5,163,7742.5,9.399999999999977
2,300.7,310.2,1373,44.1,28,1234.8,9.5
1,298.7,310.2,1525,43.7,34,1485.8000000000002,11.5
1,297.9,308.5,1472,45.1,70,3157.0,10.600000000000023
2,303.0,311.2,1387,41.4,100,4140.0,8.199999999999989
1,297.4,308.5,2100,16.9,176,2974.3999999999996,11.100000000000023
1,300.9,312.1,1462,46.0,166,7636.0,11.200000000000045
1,301.9,310.4,1370,51.7,153,7910.1,8.5
2,300.0,309.1,1463,45.7,11,502.70000000000005,9.100000000000023
2,299.9,310.1,1362,56.3,179,10077.699999999999,10.200000000000045
1,300.5,309.8,1507,42.5,117,4972.5,9.300000000000011
1,299.6,310.2,1512,44.0,79,3476.0,10.599999999999966
1,302.3,310.1,1487,46.0,184,8464.0,7.800000000000011
1,300.3,309.6,1568,39.6,85,3366.0,9.300000000000011
0,299.0,310.2,1744,31.5,0,0.0,11.199999999999989
1,300.8,310.6,1384,52.9,165,8728.5,9.800000000000011
1,299.3,310.9,1669,32.4,5,162.0,11.599999999999966
1,299.2,310.3,1352,48.9,238,11638.199999999999,11.100000000000023
1,302.9,312.4,1698,33.8,202,6827.599999999999,9.5
1,301.7,310.5,2465,13.7,149,2041.3,8.800000000000011
1,299.0,308.7,1892,22.8,96,2188.8,9.699999999999989
1,297.2,308.6,1437,52.4,37,1938.8,11.400000000000034
1,298.1,307.9,1578,35.6,55,1958.0,9.799999999999955
1,297.2,308.6,1864,23.6,103,2430.8,11.400000000000034
1,299.0,310.1,1463,37.4,56,2094.4,11.100000000000023
1,300.9,310.9,1749,26.4,40,1056.0,10.0
1,299.7,311.1,1603,31.4,141,4427.4,11.400000000000034
1,299.2,308.5,1378,53.4,100,5340.0,9.300000000000011
0,302.6,311.0,1438,51.0,106,5406.0,8.399999999999977
2,300.5,309.8,1370,55.9,143,7993.7,9.300000000000011
2,301.5,310.5,1308,60.5,139,8409.5,9.0
1,300.8,309.7,1997,20.7,5,103.5,8.899999999999977
1,295.7,306.2,1397,52.0,101,5252.0,10.5
2,298.0,307.5,1427,43.6,101,4403.6,9.5
1,299.0,308.4,1356,52.6,188,9888.800000000001,9.399999999999977
1,301.2,311.1,1550,39.7,20,794.0,9.900000000000034
0,299.3,308.8,1397,45.4,191,8671.4,9.5
1,299.5,310.9,1496,38.5,162,6237.0,11.399999999999977
2,297.1,308.4,1880,23.5,155,3642.5,11.299999999999955
0,300.1,309.3,1448,45.8,163,7465.4,9.199999999999989
1,302.2,311.0,1555,34.2,185,6327.000000000001,8.800000000000011
0,301.9,311.0,1336,63.6,111,7059.6,9.100000000000023
1,296.8,307.6,1588,37.6,126,4737.6,10.800000000000011
0,299.0,310.0,1458,44.9,221,9922.9,11.0
1,301.3,310.0,1344,54.8,186,10192.8,8.699999999999989
1,303.6,312.5,1710,31.4,180,5652.0,8.899999999999977
2,298.5,309.7,1354,60.8,96,5836.799999999999,11.199999999999989
1,299.9,311.0,1747,27.6,177,4885.2,11.100000000000023
1,300.8,311.9,1414,41.1,171,7028.1,11.099999999999966
0,299.2,310.7,1636,29.4,23,676.1999999999999,11.5
1,298.7,309.7,1293,59.1,125,7387.5,11.0
2,297.4,308.2,1401,51.9,117,6072.3,10.800000000000011
2,297.8,309.2,1295,61.2,12,734.4000000000001,11.399999999999977
2,299.8,309.4,1439,47.4,57,2701.7999999999997,9.599999999999966
1,300.2,311.6,1827,27.0,22,594.0,11.400000000000034
1,297.8,307.8,1563,34.3,53,1817.8999999999999,10.0
2,300.7,311.0,1334,53.9,150,8085.0,10.300000000000011
0,298.2,308.4,1398,51.8,76,3936.7999999999997,10.199999999999989
2,299.7,310.4,1410,44.5,105,4672.5,10.699999999999989
0,298.3,308.1,2636,12.8,84,1075.2,9.800000000000011
1,297.8,309.0,1403,64.2,0,0.0,11.199999999999989
1,299.6,310.9,1853,26.3,166,4365.8,11.299999999999955
0,302.2,311.1,1426,50.6,101,5110.6,8.900000000000034
1,301.7,311.3,1421,45.9,85,3901.5,9.600000000000023
1,301.5,310.9,1580,32.3,11,355.29999999999995,9.399999999999977
0,299.3,308.8,1636,35.5,180,6390.0,9.5
0,300.7,310.5,1476,43.1,134,5775.400000000001,9.800000000000011
1,300.6,309.6,1290,57.4,119,6830.599999999999,9.0
0,303.1,312.8,1435,41.9,115,4818.5,9.699999999999989
1,298.7,309.8,1539,33.4,2,66.8,11.100000000000023
2,302.2,311.2,1627,33.2,74,2456.8,9.0
1,297.1,308.4,1583,31.9,2,63.8,11.299999999999955
1,299.8,311.2,1369,46.2,146,6745.200000000001,11.399999999999977
1,301.4,310.8,1490,38.0,168,6384.0,9.400000000000034
1,300.0,311.0,1637,33.6,181,6081.6,11.0
1,298.9,309.9,1365,46.5,75,3487.5,11.0
2,300.6,310.0,1397,55.2,90,4968.0,9.399999999999977
1,301.6,310.7,1638,33.8,196,6624.799999999999,9.099999999999966
2,300.6,310.2,1532,38.7,16,619.2,9.599999999999966
1,302.7,311.0,1694,29.8,150,4470.0,8.300000000000011
0,303.6,312.6,1436,42.0,110,4620.0,9.0
1,300.5,311.8,1524,38.9,214,8324.6,11.300000000000011
2,297.1,308.4,1432,53.4,199,10626.6,11.299999999999955
0,299.9,309.5,1547,38.5,148,5698.0,9.600000000000023
0,300.7,312.3,1670,27.3,81,2211.3,11.600000000000023
2,300.7,309.7,1435,44.7,76,3397.2000000000003,9.0
1,301.4,310.7,1616,36.5,121,4416.5,9.300000000000011
1,301.9,310.3,1398,44.0,65,2860.0,8.400000000000034
2,299.2,308.4,1538,38.0,98,3724.0,9.199999999999989
2,303.6,312.8,1400,43.2,23,993.6,9.199999999999989
1,300.3,309.9,1601,31.7,180,5706.0,9.599999999999966
1,299.8,310.8,1409,51.9,154,7992.599999999999,11.0
1,302.7,312.1,1597,39.8,153,6089.4,9.400000000000034
1,301.4,311.1,1952,22.7,131,2973.7,9.700000000000045
2,296.7,307.6,1547,34.7,150,5205.0,10.900000000000034
2,302.6,310.2,1631,31.0,100,3100.0,7.599999999999966
2,302.4,311.1,1480,45.7,200,9140.0,8.700000000000045
1,299.5,310.0,1481,43.1,90,3879.0,10.5
1,301.3,311.1,1413,42.0,221,9282.0,9.800000000000011
1,298.8,308.7,1445,48.5,70,3395.0,9.899999999999977
1,297.4,308.5,1643,33.8,132,4461.599999999999,11.100000000000023
2,297.8,308.5,1466,44.7,88,3933.6000000000004,10.699999999999989
2,304.3,313.5,1525,42.0,2,84.0,9.199999999999989
2,299.9,309.3,1389,52.8,0,0.0,9.400000000000034
1,302.4,311.0,1610,33.1,161,5329.1,8.600000000000023
1,296.6,307.7,1556,37.7,110,4147.0,11.099999999999966
2,300.4,309.3,1467,40.3,166,6689.799999999999,8.900000000000034
1,300.3,311.4,1471,37.0,114,4218.0,11.099999999999966
1,297.9,308.8,1681,31.7,94,2979.7999999999997,10.900000000000034
1,302.6,312.4,1628,33.0,15,495.0,9.799999999999955
1,301.2,310.5,1546,40.0,55,2200.0,9.300000000000011
2,298.7,310.1,1693,31.9,51,1626.8999999999999,11.400000000000034
1,299.3,309.1,1496,37.2,149,5542.8,9.800000000000011
1,301.3,310.6,1387,53.6,94,5038.400000000001,9.300000000000011
2,301.7,310.9,1300,62.7,36,2257.2000000000003,9.199999999999989
1,303.6,312.9,1450,45.3,29,1313.6999999999998,9.299999999999955
1,302.8,312.1,1441,52.1,79,4115.900000000001,9.300000000000011
2,297.5,308.2,2448,13.8,29,400.20000000000005,10.699999999999989
2,300.7,310.7,1377,46.7,36,1681.2,10.0
1,298.4,308.0,1380,47.6,130,6188.0,9.600000000000023
0,299.4,308.6,1542,41.8,166,6938.799999999999,9.200000000000045
1,297.7,309.7,1498,41.0,176,7216.0,12.0
1,296.9,308.1,1422,48.7,215,10470.5,11.200000000000045
1,301.2,311.0,1544,39.3,217,8528.099999999999,9.800000000000011
2,303.6,312.0,1435,37.9,98,3714.2,8.399999999999977
0,300.4,311.8,2496,13.5,5,67.5,11.400000000000034
1,297.4,309.3,1759,24.8,81,2008.8,11.900000000000034
2,298.3,310.1,1389,49.6,75,3720.0,11.800000000000011
1,301.3,310.6,1458,48.0,104,4992.0,9.300000000000011
1,302.4,311.9,1541,37.9,192,7276.799999999999,9.5
1,300.0,311.4,1476,39.0,92,3588.0,11.399999999999977
0,301.7,311.0,2016,19.3,180,3474.0,9.300000000000011
1,299.1,310.4,1505,46.1,176,8113.6,11.299999999999955
2,296.8,307.5,1443,39.2,13,509.6,10.699999999999989
1,300.4,310.8,1520,37.6,151,5677.6,10.400000000000034
2,300.5,309.3,1578,30.5,34,1037.0,8.800000000000011
2,303.5,312.3,1543,33.3,71,2364.2999999999997,8.800000000000011
0,299.3,310.4,1393,44.9,162,7273.8,11.099999999999966
0,302.3,311.5,1526,38.2,47,1795.4,9.199999999999989
1,299.7,309.2,1631,35.1,177,6212.7,9.5
1,298.5,309.5,1579,38.6,126,4863.6,11.0
1,301.4,310.0,1776,25.6,30,768.0,8.600000000000023
1,300.7,309.7,1507,52.4,163,8541.199999999999,9.0
1,301.9,310.9,1567,39.0,214,8346.0,9.0
2,301.0,310.4,1517,46.1,145,6684.5,9.399999999999977
0,297.2,308.5,1653,33.3,207,6893.099999999999,11.300000000000011
2,303.4,312.0,1748,28.4,200,5680.0,8.600000000000023
1,301.1,310.1,1457,39.6,215,8514.0,9.0
1,303.3,312.7,1262,63.8,100,6380.0,9.399999999999977
1,300.0,309.4,1395,44.5,181,8054.5,9.399999999999977
2,299.5,309.2,1590,35.9,22,789.8,9.699999999999989
2,300.5,311.8,1591,42.0,182,7644.0,11.300000000000011
1,297.2,308.3,1796,23.8,61,1451.8,11.100000000000023
2,301.1,311.3,1654,30.7,28,859.6,10.199999999999989
1,302.4,312.0,1621,32.5,169,5492.5,9.600000000000023
1,300.4,311.6,1815,23.5,49,1151.5,11.200000000000045
1,297.1,307.8,1454,50.6,94,4756.400000000001,10.699999999999989
2,300.5,309.9,1735,27.0,107,2889.0,9.399999999999977
2,298.8,308.5,1577,33.2,0,0.0,9.699999999999989
1,300.0,309.6,1514,44.6,98,4370.8,9.600000000000023
1,298.0,309.2,1458,39.8,87,3462.6,11.199999999999989
0,298.0,309.1,1557,36.4,65,2366.0,11.100000000000023
0,299.0,310.0,1569,34.3,132,4527.599999999999,11.0
1,298.2,308.1,1379,62.3,149,9282.699999999999,9.900000000000034
2,299.9,309.2,1353,49.8,182,9063.6,9.300000000000011
1,303.3,311.5,1601,35.2,10,352.0,8.199999999999989
2,300.8,310.5,1511,35.8,54,1933.1999999999998,9.699999999999989
1,300.9,311.1,1471,39.3,91,3576.2999999999997,10.200000000000045
1,302.7,310.7,1433,43.7,13,568.1,8.0
2,302.5,312.0,1642,29.1,46,1338.6000000000001,9.5
1,302.8,312.1,1418,51.4,54,2775.6,9.300000000000011
0,300.1,309.3,1520,38.2,158,6035.6,9.199999999999989
1,298.2,307.9,1313,67.3,67,4509.099999999999,9.699999999999989
0,300.6,310.6,1830,26.2,78,2043.6,10.0
2,297.4,308.4,1340,52.6,15,789.0,11.0
1,302.5,311.5,1700,29.5,133,3923.5,9.0
1,301.2,312.4,1378,59.0,95,5605.0,11.199999999999989
2,303.7,313.1,2130,18.1,185,3348.5000000000005,9.400000000000034
2,297.0,308.1,1573,34.9,93,3245.7,11.100000000000023
0,298.3,307.9,1420,39.2,176,6899.200000000001,9.599999999999966
1,300.3,311.5,1667,28.8,56,1612.8,11.199999999999989
1,303.0,311.1,1980,20.2,137,2767.4,8.100000000000023
1,298.4,308.3,1318,59.1,22,1300.2,9.900000000000034
1,303.4,311.7,1673,32.2,166,5345.200000000001,8.300000000000011
2,298.6,308.4,1778,28.2,161,4540.2,9.799999999999955
1,298.4,308.1,1395,44.0,92,4048.0,9.700000000000045
1,298.6,309.4,1525,37.8,54,2041.1999999999998,10.799999999999955
2,297.0,307.9,1882,24.2,97,2347.4,10.899999999999977
1,300.0,309.1,1791,28.2,108,3045.6,9.100000000000023
2,302.2,311.2,1377,43.0,91,3913.0,9.0
1,297.4,308.9,1708,28.8,174,5011.2,11.5
1,302.6,311.0,1506,37.2,95,3534.0000000000005,8.399999999999977
2,300.7,311.6,1348,62.5,36,2250.0,10.900000000000034
1,298.9,308.9,1830,24.9,35,871.5,10.0
1,298.8,308.9,1379,46.7,204,9526.800000000001,10.099999999999966
1,300.5,310.0,1521,45.1,86,3878.6,9.5
1,296.7,308.0,1580,32.2,39,1255.8000000000002,11.300000000000011
1,298.0,308.8,1581,36.1,73,2635.3,10.800000000000011
2,296.1,307.1,1350,53.3,22,1172.6,11.0
0,299.6,309.1,1588,41.3,0,0.0,9.5
0,297.3,308.8,1419,42.4,139,5893.599999999999,11.5
1,298.9,309.8,1390,49.9,21,1047.8999999999999,10.900000000000034
0,300.6,310.6,1419,39.6,3,118.80000000000001,10.0
1,301.8,310.5,1548,34.1,93,3171.3,8.699999999999989
1,298.5,308.9,1781,27.8,113,3141.4,10.399999999999977
0,300.7,310.8,1518,40.1,142,5694.2,10.100000000000023
2,301.3,311.1,1438,43.0,137,5891.0,9.800000000000011
1,300.8,311.1,1480,41.1,176,7233.6,10.300000000000011
1,303.8,313.0,1365,59.9,205,12279.5,9.199999999999989
1,298.6,309.8,1561,32.6,201,6552.6,11.199999999999989
1,298.0,308.0,1401,54.7,65,3555.5,10.0
1,300.4,309.6,1319,48.1,26,1250.6000000000001,9.200000000000045
2,302.3,310.8,1721,28.4,215,6106.0,8.5
2,301.1,310.7,2636,12.2,100,1220.0,9.599999999999966
2,300.3,309.5,1665,31.4,32,1004.8,9.199999999999989
1,301.6,311.1,1325,49.2,104,5116.8,9.5
2,298.5,308.7,1615,33.3,41,1365.3,10.199999999999989
1,303.4,311.8,1306,61.0,215,13115.0,8.400000000000034
1,297.2,307.9,1825,24.6,142,3493.2000000000003,10.699999999999989
2,297.0,308.1,1363,45.3,196,8878.8,11.100000000000023
1,301.1,310.4,1312,73.6,49,3606.3999999999996,9.299999999999955
1,298.5,309.6,1861,26.9,130,3497.0,11.100000000000023
1,301.4,310.8,1477,50.4,90,4536.0,9.400000000000034
2,297.6,308.4,1507,46.0,51,2346.0,10.799999999999955
2,302.9,312.4,1421,46.0,206,9476.0,9.5
0,297.9,307.6,1493,36.0,161,5796.0,9.700000000000045
1,301.4,310.9,1440,45.4,177,8035.8,9.5
1,301.0,310.9,1515,37.3,6,223.79999999999998,9.899999999999977
2,301.0,310.9,2047,17.9,178,3186.2,9.899999999999977
1,300.4,311.7,1444,51.2,174,8908.800000000001,11.300000000000011
0,297.7,309.6,1697,32.2,210,6762.000000000001,11.900000000000034
1,300.7,310.9,1723,31.0,73,2263.0,10.199999999999989
2,297.6,309.3,1415,41.3,17,702.0999999999999,11.699999999999989
1,300.6,310.1,1337,45.8,62,2839.6,9.5
1,298.8,308.6,1535,41.2,40,1648.0,9.800000000000011
1,304.2,313.4,1434,42.5,175,7437.5,9.199999999999989
1,298.9,310.2,1304,57.2,183,10467.6,11.300000000000011
1,301.2,311.7,1463,48.3,204,9853.199999999999,10.5
1,297.9,307.6,1515,40.5,118,4779.0,9.700000000000045
1,300.8,310.8,1634,29.2,149,4350.8,10.0
2,301.4,310.7,1459,37.7,40,1508.0,9.300000000000011
1,298.5,309.2,1504,33.7,182,6133.400000000001,10.699999999999989
2,301.0,309.6,1588,32.7,138,4512.6,8.600000000000023
1,301.6,310.8,1535,35.4,148,5239.2,9.199999999999989
1,303.0,311.3,2194,16.5,148,2442.0,8.300000000000011
1,300.9,310.5,2288,16.1,85,1368.5000000000002,9.600000000000023
1,297.0,307.6,1575,37.4,98,3665.2,10.600000000000023
1,300.7,311.9,1485,38.8,9,349.2,11.199999999999989
2,302.7,312.0,1652,31.0,81,2511.0,9.300000000000011
1,300.0,309.6,1496,38.8,27,1047.6,9.600000000000023
1,298.0,307.6,1509,41.6,33,1372.8,9.600000000000023
2,298.6,308.4,1391,42.4,169,7165.599999999999,9.799999999999955
1,301.2,309.9,1515,40.9,21,858.9,8.699999999999989
0,297.3,308.6,1499,37.6,147,5527.2,11.300000000000011
2,300.3,311.7,1723,28.3,193,5461.900000000001,11.399999999999977
2,301.7,310.6,1417,45.2,185,8362.0,8.900000000000034
1,301.7,310.7,1605,33.3,220,7325.999999999999,9.0
1,298.9,310.2,1533,42.8,138,5906.4,11.300000000000011
1,298.5,309.4,1364,44.5,162,7209.0,10.899999999999977
1,300.4,311.6,1200,76.6,3,229.79999999999998,11.200000000000045
2,297.0,307.9,1493,34.7,57,1977.9,10.899999999999977
1,300.4,311.4,1728,31.7,133,4216.099999999999,11.0
1,301.5,310.6,1405,42.3,83,3510.8999999999996,9.100000000000023
2,300.9,310.8,1790,26.2,191,5004.2,9.900000000000034
1,302.3,311.0,1609,31.0,190,5890.0,8.699999999999989
1,299.5,309.2,1499,41.5,175,7262.5,9.699999999999989
1,300.8,310.7,1586,33.4,142,4742.8,9.899999999999977
1,297.6,308.7,1552,42.3,27,1142.1,11.099999999999966
1,298.6,310.1,1533,33.9,24,813.5999999999999,11.5
2,300.6,309.4,1312,45.2,73,3299.6000000000004,8.799999999999955
2,302.5,310.3,1488,41.8,160,6688.0,7.800000000000011
1,300.2,309.8,1526,45.6,175,7980.0,9.600000000000023
1,300.7,309.5,1692,30.3,64,1939.2,8.800000000000011
1,301.1,310.1,1540,36.6,28,1024.8,9.0
1,302.2,311.1,1418,47.0,61,2867.0,8.900000000000034
1,302.0,311.1,1373,55.7,157,8744.9,9.100000000000023
2,303.7,312.9,1532,41.3,32,1321.6,9.199999999999989
1,303.4,311.8,1401,53.0,208,11024.0,8.400000000000034
2,299.0,308.7,1620,35.4,199,7044.599999999999,9.699999999999989
2,300.3,309.2,1364,47.6,45,2142.0,8.899999999999977
2,298.3,307.7,1439,43.8,111,4861.799999999999,9.399999999999977
0,302.0,310.6,1346,54.7,196,10721.2,8.600000000000023
1,301.8,310.9,1899,24.7,31,765.6999999999999,9.099999999999966
1,299.3,309.0,1422,47.3,25,1182.5,9.699999999999989
1,300.8,310.6,1551,34.5,153,5278.5,9.800000000000011
1,299.7,311.1,1690,30.6,148,4528.8,11.400000000000034
1,301.0,312.2,1776,28.8,138,3974.4,11.199999999999989
2,301.3,310.8,1372,54.2,49,2655.8,9.5
1,298.6,309.4,1447,40.2,173,6954.6,10.799999999999955
1,300.7,309.5,1467,44.3,55,2436.5,8.800000000000011
1,301.6,310.6,1391,49.4,164,8101.599999999999,9.0
2,303.9,313.4,1464,49.1,171,8396.1,9.5
2,298.7,310.1,1506,50.7,53,2687.1000000000004,11.400000000000034
0,295.9,306.5,1594,33.2,55,1826.0000000000002,10.600000000000023
0,297.4,308.7,1429,37.6,118,4436.8,11.300000000000011
2,299.0,310.3,1582,33.3,177,5894.099999999999,11.300000000000011
1,301.6,310.9,1643,34.1,44,1500.4,9.299999999999955
2,298.7,309.9,2083,18.2,205,3731.0,11.199999999999989
1,301.4,310.6,1381,46.1,70,3227.0,9.200000000000045
0,300.0,309.0,1622,31.8,103,3275.4,9.0
0,297.5,308.7,1416,39.2,74,2900.8,11.199999999999989
1,299.1,308.5,1539,46.8,190,8892.0,9.399999999999977
1,302.3,311.2,1903,22.9,55,1259.5,8.899999999999977
1,297.6,308.7,1622,37.9,79,2994.1,11.099999999999966
1,298.8,309.7,1529,44.0,136,5984.0,10.899999999999977
1,298.0,308.4,1472,42.0,15,630.0,10.399999999999977
2,300.3,311.6,1304,62.8,118,7410.4,11.300000000000011
2,303.4,311.6,1446,50.0,163,8150.0,8.200000000000045
1,302.4,311.2,1450,47.9,154,7376.599999999999,8.800000000000011
1,297.5,308.4,1511,42.8,209,8945.199999999999,10.899999999999977
1,297.4,308.5,1399,61.5,61,3751.5,11.100000000000023
1,301.0,310.8,1558,34.9,196,6840.4,9.800000000000011
1,298.6,309.6,1353,62.5,9,562.5,11.0
2,303.5,312.8,1375,45.7,89,4067.3,9.300000000000011
1,297.5,308.7,1429,44.3,201,8904.3,11.199999999999989
1,298.3,308.5,1575,41.2,105,4326.0,10.199999999999989
2,296.1,307.1,1485,36.0,169,6084.0,11.0
2,298.1,308.8,1434,41.8,93,3887.3999999999996,10.699999999999989
1,298.0,308.2,1442,44.1,204,8996.4,10.199999999999989
1,300.5,311.0,2074,18.9,9,170.1,10.5
1,298.9,309.6,1583,39.8,202,8039.599999999999,10.700000000000045
1,298.8,309.5,1645,32.8,157,5149.599999999999,10.699999999999989
0,301.2,310.5,1505,43.6,78,3400.8,9.300000000000011
0,299.8,309.7,1368,47.4,148,7015.2,9.899999999999977
2,299.1,310.2,1711,28.1,17,477.70000000000005,11.099999999999966
2,298.9,309.9,1501,37.1,70,2597.0,11.0
1,297.8,308.4,1685,28.4,179,5083.599999999999,10.599999999999966
1,298.4,308.1,1367,57.8,92,5317.599999999999,9.700000000000045
2,299.8,311.1,1452,44.3,167,7398.099999999999,11.300000000000011
1,304.0,313.3,1294,54.6,102,5569.2,9.300000000000011
1,298.3,309.1,1472,40.1,31,1243.1000000000001,10.800000000000011
1,297.5,308.4,1489,39.5,96,3792.0,10.899999999999977
2,301.1,310.6,1310,48.8,103,5026.4,9.5
1,301.0,312.1,1377,49.9,48,2395.2,11.100000000000023
1,299.5,310.0,1412,48.9,56,2738.4,10.5
2,297.1,308.4,1583,38.2,150,5730.0,11.299999999999955
1,301.0,312.0,1447,36.8,31,1140.8,11.0
1,301.9,310.8,1540,37.6,83,3120.8,8.900000000000034
1,298.0,308.2,1365,52.9,218,11532.199999999999,10.199999999999989
1,298.2,308.1,1532,42.5,154,6545.0,9.900000000000034
2,300.1,309.6,1376,52.1,147,7658.7,9.5
1,299.1,308.8,1329,53.6,207,11095.2,9.699999999999989
2,299.0,309.0,1575,35.3,47,1659.1,10.0
1,301.5,310.6,1579,28.0,220,6160.0,9.100000000000023
1,300.7,310.8,1534,41.3,69,2849.7,10.100000000000023
1,296.3,307.2,1646,35.0,192,6720.0,10.899999999999977
1,301.5,310.9,1451,40.6,0,0.0,9.399999999999977
1,299.0,310.3,1584,34.4,83,2855.2,11.300000000000011
1,298.3,307.9,1507,41.2,149,6138.8,9.599999999999966
0,303.3,311.3,1502,39.5,38,1501.0,8.0
1,299.6,311.0,1708,31.0,122,3782.0,11.399999999999977
1,299.5,309.3,1477,40.4,138,5575.2,9.800000000000011
1,300.2,310.3,1445,50.9,34,1730.6,10.100000000000023
1,301.9,310.9,1616,34.5,46,1587.0,9.0
1,297.4,308.1,1749,25.9,8,207.2,10.700000000000045
1,297.7,308.4,1510,38.6,72,2779.2000000000003,10.699999999999989
2,300.7,309.6,1421,49.8,165,8217.0,8.900000000000034
1,297.7,309.7,1591,37.7,196,7389.200000000001,12.0
1,297.5,308.6,1621,28.9,0,0.0,11.100000000000023
2,297.4,308.7,1425,50.3,152,7645.599999999999,11.300000000000011
1,298.9,310.1,1473,42.6,164,6986.400000000001,11.200000000000045
1,301.4,310.7,1675,30.7,92,2824.4,9.300000000000011
1,302.5,311.9,1520,44.9,94,4220.599999999999,9.399999999999977
1,300.8,310.6,1666,36.2,144,5212.8,9.800000000000011
2,299.5,310.8,1507,40.2,156,6271.200000000001,11.300000000000011
1,300.7,311.8,1478,41.9,207,8673.3,11.100000000000023
2,299.0,308.7,1500,40.2,30,1206.0,9.699999999999989
0,297.6,308.2,2071,18.5,144,2664.0,10.599999999999966
1,301.7,311.0,1700,28.7,19,545.3,9.300000000000011
1,298.2,307.9,1551,34.1,190,6479.0,9.699999999999989
1,303.3,311.8,1315,62.0,42,2604.0,8.5
2,301.1,311.0,1413,46.6,30,1398.0,9.899999999999977
1,301.2,310.9,1597,37.9,164,6215.599999999999,9.699999999999989
0,300.9,310.7,1656,30.7,200,6140.0,9.800000000000011
1,297.4,309.4,1620,35.4,51,1805.3999999999999,12.0
1,300.0,310.0,1486,41.8,69,2884.2,10.0
2,298.9,310.0,1487,36.6,129,4721.400000000001,11.100000000000023
2,303.7,312.4,1642,32.3,206,6653.799999999999,8.699999999999989
0,298.8,309.8,1437,48.2,164,7904.8,11.0
1,300.5,311.0,1759,28.3,13,367.90000000000003,10.5
1,301.2,310.9,1416,53.3,66,3517.7999999999997,9.699999999999989
1,300.3,309.2,1462,51.4,48,2467.2,8.899999999999977
1,297.3,308.6,1586,37.7,155,5843.5,11.300000000000011
1,298.5,310.0,1492,41.2,19,782.8000000000001,11.5
1,299.1,309.0,1450,43.0,40,1720.0,9.899999999999977
2,302.2,311.2,1471,41.9,166,6955.4,9.0
2,301.4,310.7,1375,42.0,168,7056.0,9.300000000000011
2,298.3,308.9,1363,46.1,5,230.5,10.599999999999966
1,298.6,309.2,2035,19.6,40,784.0,10.599999999999966
1,302.6,311.9,1397,46.9,82,3845.7999999999997,9.299999999999955
0,297.7,309.7,1440,51.1,191,9760.1,12.0
1,298.0,308.3,1544,34.7,213,7391.1,10.300000000000011
2,298.2,307.9,1529,36.6,105,3843.0,9.699999999999989
1,302.7,312.2,1369,51.8,174,9013.199999999999,9.5
0,301.1,311.0,1339,52.8,194,10243.199999999999,9.899999999999977
2,301.9,309.7,1533,35.9,204,7323.599999999999,7.800000000000011
1,303.6,312.4,1418,46.0,128,5888.0,8.799999999999955
1,302.8,312.5,1462,43.4,68,2951.2,9.699999999999989
1,303.8,312.9,1819,23.7,16,379.2,9.099999999999966
1,302.0,310.8,1902,23.4,188,4399.2,8.800000000000011
2,298.8,309.6,1693,33.3,170,5660.999999999999,10.800000000000011
2,300.8,312.6,1588,35.6,114,4058.4,11.800000000000011
1,298.4,308.7,1588,35.0,99,3465.0,10.300000000000011
1,299.3,309.1,1493,38.0,151,5738.0,9.800000000000011
1,300.7,311.2,1457,51.4,61,3135.4,10.5
2,298.4,309.2,1414,46.4,128,5939.2,10.800000000000011
2,299.4,308.7,1289,60.5,104,6292.0,9.300000000000011
2,298.6,309.5,1568,36.7,182,6679.400000000001,10.899999999999977
1,302.1,310.6,1459,47.6,93,4426.8,8.5
1,299.9,309.2,1761,25.6,115,2944.0,9.300000000000011
1,299.3,310.4,1629,32.6,177,5770.2,11.099999999999966
1,298.6,309.6,1611,35.7,23,821.1,11.0
2,297.5,308.7,1546,38.0,123,4674.0,11.199999999999989
2,301.7,309.9,1533,40.9,106,4335.4,8.199999999999989
2,300.8,311.9,1761,29.0,113,3277.0,11.099999999999966
0,299.0,310.2,1637,38.0,68,2584.0,11.199999999999989
1,301.5,310.1,1541,42.2,52,2194.4,8.600000000000023
1,300.4,309.9,1567,36.5,72,2628.0,9.5
2,297.2,308.7,1398,38.1,88,3352.8,11.5
2,301.6,310.8,1343,49.5,140,6930.0,9.199999999999989
0,302.7,311.5,1556,35.0,164,5740.0,8.800000000000011
1,303.5,312.1,1326,55.7,114,6349.8,8.600000000000023
2,300.6,309.7,1428,42.6,23,979.8000000000001,9.099999999999966
1,300.4,309.6,1379,54.5,122,6649.0,9.200000000000045
1,298.0,308.8,1610,33.7,212,7144.400000000001,10.800000000000011
1,300.3,311.7,1682,27.8,178,4948.400000000001,11.399999999999977
1,301.6,310.7,1494,39.5,24,948.0,9.099999999999966
1,299.5,310.0,1349,52.7,92,4848.400000000001,10.5
2,300.3,309.6,1509,46.6,95,4427.0,9.300000000000011
2,299.6,309.4,1283,62.1,83,5154.3,9.799999999999955
1,298.9,310.2,1705,32.5,63,2047.5,11.300000000000011
1,301.4,310.4,1639,28.9,94,2716.6,9.0
1,302.6,312.0,1674,32.2,70,2254.0,9.399999999999977
2,300.5,312.0,1382,54.1,27,1460.7,11.5
2,300.8,311.0,1580,36.6,109,3989.4,10.199999999999989
1,296.8,307.8,1573,36.4,126,4586.4,11.0
1,298.2,308.3,2216,16.8,139,2335.2000000000003,10.100000000000023
1,297.0,307.6,1513,42.4,124,5257.599999999999,10.600000000000023
1,302.3,311.7,1544,43.2,128,5529.6,9.399999999999977
1,298.3,310.0,1507,44.7,73,3263.1000000000004,11.699999999999989
1,302.5,310.4,1967,20.3,50,1015.0,7.899999999999977
2,300.9,310.5,1444,43.2,27,1166.4,9.600000000000023
1,297.3,308.1,1642,36.9,206,7601.4,10.800000000000011
2,301.4,310.9,1557,39.3,174,6838.2,9.5
1,302.5,310.2,1563,34.8,150,5220.0,7.699999999999989
1,303.4,311.9,1434,44.6,78,3478.8,8.5
2,299.3,308.5,1305,60.6,44,2666.4,9.199999999999989
0,301.0,310.9,1916,22.0,42,924.0,9.899999999999977
1,300.0,309.6,1526,46.4,150,6960.0,9.600000000000023
1,296.8,307.9,1448,48.8,31,1512.8,11.099999999999966
1,298.3,308.5,1416,52.7,151,7957.700000000001,10.199999999999989
2,298.5,308.7,1347,48.5,33,1600.5,10.199999999999989
2,301.0,309.7,1288,58.4,162,9460.8,8.699999999999989
1,299.9,309.2,1624,34.6,105,3633.0,9.300000000000011
1,301.8,310.8,1546,43.4,29,1258.6,9.0
1,301.5,310.9,2760,8.0,15,120.0,9.399999999999977
2,298.5,309.3,1465,42.4,173,7335.2,10.800000000000011
1,298.6,309.6,1715,28.4,90,2556.0,11.0
1,300.4,311.4,1936,23.9,131,3130.8999999999996,11.0
2,300.5,310.0,1580,37.0,181,6697.0,9.5
1,302.6,312.2,1520,43.0,208,8944.0,9.599999999999966
1,296.5,307.3,1566,37.2,164,6100.8,10.800000000000011
1,302.6,311.0,1520,42.8,148,6334.4,8.399999999999977
1,302.2,311.5,1744,31.2,172,5366.4,9.300000000000011
1,298.4,307.9,1446,45.3,23,1041.8999999999999,9.5
2,297.5,308.0,1429,45.8,148,6778.4,10.5
1,300.6,310.1,1485,49.9,19,948.1,9.5
1,302.0,310.1,1409,50.4,172,8668.8,8.100000000000023
2,300.2,309.9,1569,31.2,176,5491.2,9.699999999999989
2,300.5,312.0,1263,60.8,146,8876.8,11.5
1,300.5,309.8,1367,54.0,129,6966.0,9.300000000000011
1,299.8,309.1,1668,30.3,200,6060.0,9.300000000000011
2,297.6,308.4,1391,51.9,218,11314.199999999999,10.799999999999955
1,297.4,308.4,1426,50.4,70,3528.0,11.0
0,298.0,308.0,1520,39.6,51,2019.6000000000001,10.0
0,297.1,308.2,1527,42.2,199,8397.800000000001,11.099999999999966
1,299.9,311.3,1522,45.7,153,6992.1,11.400000000000034
1,301.8,311.0,1651,32.5,195,6337.5,9.199999999999989
1,300.7,309.8,1406,48.4,151,7308.4,9.100000000000023
1,297.7,307.2,1392,43.0,197,8471.0,9.5
1,300.5,310.4,1702,33.1,71,2350.1,9.899999999999977
0,303.4,312.3,1522,42.1,62,2610.2000000000003,8.900000000000034
1,299.8,309.2,1760,25.9,63,1631.6999999999998,9.399999999999977
2,300.7,310.3,1659,29.8,6,178.8,9.600000000000023
1,300.7,311.8,1420,47.0,119,5593.0,11.100000000000023
1,302.4,311.3,1503,38.2,120,4584.0,8.900000000000034
2,298.1,308.0,2129,18.4,45,827.9999999999999,9.899999999999977
1,300.2,311.6,1322,50.9,215,10943.5,11.400000000000034
2,299.4,309.1,1440,50.0,134,6700.0,9.700000000000045
2,297.9,309.1,1488,37.3,30,1119.0,11.200000000000045
0,300.8,310.5,1559,40.1,220,8822.0,9.699999999999989
2,298.3,308.8,1391,50.4,13,655.1999999999999,10.5
1,298.2,308.0,1538,38.2,59,2253.8,9.800000000000011
1,297.2,307.9,1326,75.4,172,12968.800000000001,10.699999999999989
1,301.2,310.7,1951,21.3,44,937.2,9.5
2,303.3,311.8,1536,40.6,205,8323.0,8.5
0,303.6,312.7,1403,46.2,57,2633.4,9.099999999999966
2,297.1,308.1,1506,37.7,210,7917.000000000001,11.0
1,297.6,309.3,1543,34.3,8,274.4,11.699999999999989
1,303.7,312.4,1348,51.0,152,7752.0,8.699999999999989
1,298.7,309.0,1565,35.1,152,5335.2,10.300000000000011
0,297.9,308.4,1637,34.5,191,6589.5,10.5
1,298.2,307.7,1459,44.5,89,3960.5,9.5
1,299.7,309.2,1411,46.1,173,7975.3,9.5
1,299.1,310.6,1796,26.0,90,2340.0,11.5
0,302.2,311.8,1330,62.4,31,1934.3999999999999,9.600000000000023
2,298.2,308.8,1626,40.4,20,808.0,10.600000000000023
1,300.5,310.5,1409,60.9,73,4445.7,10.0
1,300.0,309.2,1610,32.1,150,4815.0,9.199999999999989
0,299.2,310.1,1542,36.1,5,180.5,10.900000000000034
1,301.8,310.6,1522,43.8,70,3066.0,8.800000000000011
1,299.6,310.1,1487,42.9,42,1801.8,10.5
0,301.4,310.7,1536,44.4,96,4262.4,9.300000000000011
1,301.5,310.7,1686,27.9,135,3766.5,9.199999999999989
1,303.1,311.2,1628,35.2,23,809.6,8.099999999999966
1,300.0,311.5,1455,41.7,130,5421.0,11.5
2,297.9,307.7,1527,42.8,125,5350.0,9.800000000000011
0,302.2,311.1,1628,30.6,105,3213.0,8.900000000000034
1,299.4,309.0,1660,28.4,139,3947.6,9.600000000000023
1,302.8,312.4,1392,46.2,70,3234.0,9.599999999999966
1,298.2,307.8,1521,42.9,60,2574.0,9.600000000000023
1,297.7,308.7,1694,29.1,102,2968.2000000000003,11.0
2,302.9,312.3,1809,25.0,180,4500.0,9.400000000000034
2,300.6,310.7,1388,42.9,190,8151.0,10.099999999999966
1,300.8,309.6,1498,45.8,47,2152.6,8.800000000000011
0,297.3,308.6,1376,53.5,112,5992.0,11.300000000000011
1,304.0,313.2,1615,37.8,127,4800.599999999999,9.199999999999989
1,301.9,310.8,1525,43.2,62,2678.4,8.900000000000034
1,298.1,309.0,1592,33.9,85,2881.5,10.899999999999977
1,299.9,311.4,1596,28.9,160,4624.0,11.5
2,295.6,306.3,1426,45.5,53,2411.5,10.699999999999989
1,298.8,310.6,1602,39.1,211,8250.1,11.800000000000011
2,298.5,308.8,1553,34.9,18,628.1999999999999,10.300000000000011
1,298.5,308.2,1451,47.5,18,855.0,9.699999999999989
1,302.8,312.3,1473,42.6,232,9883.2,9.5
0,300.4,311.4,1427,50.7,122,6185.400000000001,11.0
1,302.2,311.6,1416,54.1,48,2596.8,9.400000000000034
1,298.2,308.8,1666,31.5,30,945.0,10.600000000000023
2,301.1,310.5,1309,60.7,100,6070.0,9.399999999999977
1,300.5,311.6,1444,49.3,92,4535.599999999999,11.100000000000023
1,298.8,310.0,2098,19.6,148,2900.8,11.199999999999989
0,300.4,311.6,1715,30.8,203,6252.400000000001,11.200000000000045
1,299.1,310.2,1425,52.7,154,8115.8,11.099999999999966
1,303.7,313.1,1355,49.1,188,9230.800000000001,9.400000000000034
2,300.8,311.2,1488,40.1,87,3488.7000000000003,10.399999999999977
1,299.9,311.4,1627,36.7,118,4330.6,11.5
1,301.0,311.0,1402,55.3,98,5419.4,10.0
2,301.3,311.4,1838,23.2,215,4988.0,10.099999999999966
2,297.5,308.9,1280,48.5,19,921.5,11.399999999999977
2,298.8,308.8,1497,46.8,72,3369.6,10.0
1,299.4,309.3,1525,41.5,30,1245.0,9.900000000000034
1,300.9,310.4,1788,27.8,90,2502.0,9.5
2,299.6,309.0,1736,26.1,146,3810.6000000000004,9.399999999999977
0,300.0,309.4,1498,38.5,37,1424.5,9.399999999999977
1,298.8,310.2,1814,26.8,204,5467.2,11.399999999999977
1,298.6,309.4,1440,48.2,136,6555.200000000001,10.799999999999955
1,299.8,309.5,1590,28.5,23,655.5,9.699999999999989
0,300.4,309.5,1547,50.7,131,6641.700000000001,9.100000000000023
2,298.5,309.4,1521,37.5,94,3525.0,10.899999999999977
1,298.4,309.5,2153,15.3,98,1499.4,11.100000000000023
1,303.7,312.7,1989,22.4,166,3718.3999999999996,9.0
0,302.3,311.4,1443,44.1,51,2249.1,9.099999999999966
2,304.2,313.4,1411,54.8,44,2411.2,9.199999999999989
1,302.3,311.9,1434,51.9,173,8978.699999999999,9.599999999999966
1,300.4,311.4,1424,44.6,127,5664.2,11.0
1,298.2,307.8,1429,46.9,117,5487.3,9.600000000000023
2,297.3,308.4,1665,28.9,17,491.29999999999995,11.099999999999966
1,303.4,312.3,1680,30.6,67,2050.2000000000003,8.900000000000034
1,298.5,309.8,1468,40.9,157,6421.3,11.300000000000011
2,300.9,310.2,1533,38.1,137,5219.7,9.300000000000011
2,298.7,309.1,1423,49.5,200,9900.0,10.400000000000034
0,300.9,311.3,1295,58.9,77,4535.3,10.400000000000034
2,297.5,308.6,1472,44.9,198,8890.199999999999,11.100000000000023
1,299.4,310.5,1372,46.3,173,8009.9,11.100000000000023
2,298.8,309.9,1741,27.7,50,1385.0,11.099999999999966
1,303.8,312.9,1573,34.6,14,484.40000000000003,9.099999999999966
2,300.9,312.0,1447,41.4,193,7990.2,11.100000000000023
1,302.3,311.0,1561,37.2,180,6696.000000000001,8.699999999999989
2,301.0,310.6,1698,27.3,14,382.2,9.600000000000023
1,298.9,310.3,1436,39.0,32,1248.0,11.400000000000034
1,300.1,310.5,1532,36.0,109,3924.0,10.399999999999977
1,299.6,310.2,1627,36.6,17,622.2,10.599999999999966
1,302.5,310.2,1329,50.6,148,7488.8,7.699999999999989
1,300.5,311.3,1475,46.3,49,2268.7,10.800000000000011
1,300.5,310.5,1646,34.5,63,2173.5,10.0
1,299.0,310.0,1509,38.0,168,6384.0,11.0
1,301.8,311.2,1334,52.3,68,3556.3999999999996,9.399999999999977
1,297.4,308.6,1678,32.3,180,5813.999999999999,11.200000000000045
2,297.6,308.5,1466,39.7,34,1349.8000000000002,10.899999999999977
1,299.6,309.0,1413,48.5,153,7420.5,9.399999999999977
1,297.9,308.6,2262,15.7,125,1962.5,10.700000000000045
1,303.1,312.8,1465,44.1,109,4806.900000000001,9.699999999999989
1,303.4,312.2,1656,32.7,195,6376.500000000001,8.800000000000011
2,303.4,311.5,1817,24.7,125,3087.5,8.100000000000023
1,301.0,311.7,1670,31.3,150,4695.0,10.699999999999989
1,298.9,309.8,1616,36.5,110,4015.0,10.900000000000034
2,298.1,308.8,2206,16.3,195,3178.5,10.699999999999989
1,302.2,311.5,1346,52.4,157,8226.8,9.300000000000011
1,298.2,308.4,1355,49.4,209,10324.6,10.199999999999989
0,300.9,309.5,1469,43.4,126,5468.4,8.600000000000023
1,298.8,308.1,1472,53.5,28,1498.0,9.300000000000011
2,304.1,313.2,2028,18.9,45,850.4999999999999,9.099999999999966
1,301.0,310.5,1408,47.0,202,9494.0,9.5
1,295.6,306.3,1636,32.7,56,1831.2000000000003,10.699999999999989
1,297.2,307.9,1580,35.8,140,5012.0,10.699999999999989
1,302.4,310.1,1556,32.9,132,4342.8,7.7000000000000455
0,298.7,309.8,1422,40.7,85,3459.5000000000005,11.100000000000023
1,301.0,311.0,1804,25.8,174,4489.2,10.0
1,302.7,310.7,1977,20.0,21,420.0,8.0
1,300.0,309.5,1925,21.9,9,197.1,9.5
0,298.8,309.2,1425,53.9,135,7276.5,10.399999999999977
2,298.1,308.2,1736,26.8,27,723.6,10.099999999999966
1,299.2,309.0,1515,48.9,228,11149.199999999999,9.800000000000011
1,301.2,311.0,1596,37.2,219,8146.8,9.800000000000011
1,302.4,311.7,1495,36.8,215,7911.999999999999,9.300000000000011
0,301.0,310.0,1212,67.9,30,2037.0000000000002,9.0
1,300.0,310.2,1675,29.7,64,1900.8,10.199999999999989
2,300.2,310.3,1478,38.1,45,1714.5,10.100000000000023
1,298.2,308.2,1436,50.2,43,2158.6,10.0
1,300.3,309.5,1474,38.7,35,1354.5,9.199999999999989
1,300.2,310.1,1649,30.5,43,1311.5,9.900000000000034
2,299.3,308.9,1767,24.8,196,4860.8,9.599999999999966
1,300.3,311.5,1548,32.2,25,805.0000000000001,11.199999999999989
1,300.6,310.4,2007,19.8,116,2296.8,9.799999999999955
1,302.4,311.7,1721,26.9,112,3012.7999999999997,9.300000000000011
2,300.7,310.0,1641,34.6,178,6158.8,9.300000000000011
1,301.6,311.1,1680,29.2,111,3241.2,9.5
2,300.3,310.0,1409,43.2,9,388.8,9.699999999999989
1,301.5,310.8,1593,34.5,162,5589.0,9.300000000000011
1,297.9,308.5,1519,34.3,61,2092.2999999999997,10.600000000000023
2,300.7,310.7,1343,51.6,211,10887.6,10.0
1,303.4,311.9,1771,31.6,202,6383.200000000001,8.5
1,298.3,308.0,2886,3.8,57,216.6,9.699999999999989
1,299.5,310.0,1379,50.4,85,4284.0,10.5
2,303.8,312.9,1594,35.2,69,2428.8,9.099999999999966
1,296.8,307.5,1474,42.4,107,4536.8,10.699999999999989
1,298.4,309.5,1357,50.1,125,6262.5,11.100000000000023
1,300.9,310.6,1538,36.7,3,110.10000000000001,9.700000000000045
2,303.3,312.7,1642,33.6,104,3494.4,9.399999999999977
1,296.9,307.8,1425,49.1,163,8003.3,10.900000000000034
0,298.8,309.9,1439,45.2,40,1808.0,11.099999999999966
2,299.7,310.5,1492,39.3,131,5148.299999999999,10.800000000000011
1,301.0,311.4,1478,39.5,75,2962.5,10.399999999999977
1,302.9,312.2,1571,40.6,139,5643.400000000001,9.300000000000011
2,300.7,311.0,1378,41.2,93,3831.6000000000004,10.300000000000011
2,299.1,308.8,1491,41.0,209,8569.0,9.699999999999989
0,303.6,311.7,1476,40.1,85,3408.5,8.099999999999966
1,298.6,310.0,1334,48.0,42,2016.0,11.399999999999977
2,301.9,311.0,1432,41.5,51,2116.5,9.100000000000023
2,297.7,308.8,1388,45.6,190,8664.0,11.100000000000023
1,303.5,313.0,1606,34.0,126,4284.0,9.5
1,297.0,307.7,1731,28.5,186,5301.0,10.699999999999989
1,301.1,310.7,1376,49.1,0,0.0,9.599999999999966
1,300.9,312.4,1364,52.5,125,6562.5,11.5
0,297.4,309.3,1365,52.4,76,3982.4,11.900000000000034
0,298.8,310.1,1704,30.7,150,4605.0,11.300000000000011
2,299.2,308.9,1573,37.4,212,7928.799999999999,9.699999999999989
0,299.1,310.6,1332,48.0,148,7104.0,11.5
0,300.5,311.6,1506,36.2,10,362.0,11.100000000000023
1,297.4,308.4,1525,38.7,62,2399.4,11.0
1,301.1,311.3,1622,35.6,34,1210.4,10.199999999999989
1,301.4,310.6,1481,37.6,77,2895.2000000000003,9.200000000000045
2,297.2,308.5,1611,31.6,197,6225.200000000001,11.300000000000011
2,299.5,309.2,1497,40.9,169,6912.099999999999,9.699999999999989
1,301.7,310.7,1318,55.0,194,10670.0,9.0
0,298.2,307.9,1491,39.7,181,7185.700000000001,9.699999999999989
2,298.1,308.7,1547,38.9,0,0.0,10.599999999999966
1,299.1,310.5,1471,38.4,146,5606.4,11.399999999999977
1,299.7,309.2,1326,64.8,71,4600.8,9.5
1,300.3,311.8,1548,33.0,16,528.0,11.5
1,301.5,310.6,1962,20.2,124,2504.7999999999997,9.100000000000023
2,302.2,311.3,1375,47.0,98,4606.0,9.100000000000023
1,302.0,310.0,1832,22.9,178,4076.2,8.0
2,298.7,310.2,1598,33.3,36,1198.8,11.5
1,298.4,308.6,1569,34.4,160,5504.0,10.200000000000045
2,301.4,310.7,1692,32.3,5,161.5,9.300000000000011
1,301.4,310.4,1301,51.2,112,5734.400000000001,9.0
1,297.7,308.8,1515,40.1,82,3288.2000000000003,11.100000000000023
1,297.8,307.5,1391,48.6,109,5297.400000000001,9.699999999999989
1,302.6,310.8,1486,36.4,160,5824.0,8.199999999999989
2,300.2,311.6,1608,35.0,212,7420.0,11.400000000000034
1,300.4,309.6,1553,43.9,75,3292.5,9.200000000000045
1,299.4,309.2,1569,40.8,73,2978.3999999999996,9.800000000000011
1,302.4,311.2,1404,52.0,57,2964.0,8.800000000000011
1,297.9,307.7,1537,37.7,15,565.5,9.800000000000011
2,301.4,310.3,1610,29.1,166,4830.6,8.900000000000034
2,301.0,310.8,1533,39.3,194,7624.2,9.800000000000011
2,298.6,309.6,1344,59.4,200,11880.0,11.0
0,301.3,311.0,1341,59.3,134,7946.2,9.699999999999989
1,300.5,311.6,1730,30.2,106,3201.2,11.100000000000023
1,298.6,309.9,1556,38.6,36,1389.6000000000001,11.299999999999955
1,301.7,310.2,1686,28.9,59,1705.1,8.5
0,301.9,310.8,1455,42.7,85,3629.5000000000005,8.900000000000034
2,300.9,310.9,1727,30.1,102,3070.2000000000003,10.0
1,299.6,310.8,1393,49.9,78,3892.2,11.199999999999989
2,298.8,310.0,1529,38.5,77,2964.5,11.199999999999989
2,302.7,311.8,1728,30.0,12,360.0,9.100000000000023
1,302.3,311.2,1549,40.6,66,2679.6,8.899999999999977
1,298.8,309.1,1489,49.1,128,6284.8,10.300000000000011
1,297.9,307.7,1492,43.7,59,2578.3,9.800000000000011
1,301.2,310.0,1618,37.6,32,1203.2,8.800000000000011
2,298.2,309.4,1693,34.4,73,2511.2,11.199999999999989
0,299.7,309.2,1468,49.6,132,6547.2,9.5
0,297.5,308.4,1587,36.1,98,3537.8,10.899999999999977
1,298.3,308.8,1645,30.4,33,1003.1999999999999,10.5
2,297.4,308.6,1604,32.8,85,2787.9999999999995,11.200000000000045
2,300.3,311.7,1447,36.8,0,0.0,11.399999999999977
1,297.6,309.0,1487,45.4,64,2905.6,11.399999999999977
1,302.8,310.6,1671,30.5,201,6130.5,7.800000000000011
1,299.2,308.5,1387,51.1,98,5007.8,9.300000000000011
1,297.7,307.6,1844,21.9,61,1335.8999999999999,9.900000000000034
1,300.3,309.2,1807,26.4,169,4461.599999999999,8.899999999999977
1,300.6,310.9,1344,46.7,133,6211.1,10.299999999999955
1,301.7,309.8,1491,39.3,114,4480.2,8.100000000000023
0,296.6,307.4,1333,50.2,177,8885.4,10.799999999999955
1,297.6,308.3,1742,27.7,13,360.09999999999997,10.699999999999989
2,302.4,310.1,1520,36.6,97,3550.2000000000003,7.7000000000000455
0,302.2,310.0,1468,43.6,38,1656.8,7.800000000000011
2,296.3,307.4,1335,50.5,48,2424.0,11.099999999999966
2,300.4,309.6,1614,30.3,161,4878.3,9.200000000000045
2,297.7,307.2,1405,43.7,2,87.4,9.5
1,300.8,311.4,1316,57.6,43,2476.8,10.599999999999966
1,302.7,310.4,1542,35.7,38,1356.6000000000001,7.699999999999989
1,298.1,307.6,1498,42.9,171,7335.9,9.5
1,300.8,311.7,1578,31.4,219,6876.599999999999,10.899999999999977
2,300.5,309.7,1389,43.3,9,389.7,9.199999999999989
1,297.5,308.7,1761,26.2,164,4296.8,11.199999999999989
1,297.0,307.9,1296,69.1,153,10572.3,10.899999999999977
1,300.1,311.4,1418,47.7,73,3482.1000000000004,11.299999999999955
1,301.3,310.1,1355,53.6,193,10344.800000000001,8.800000000000011
2,299.6,310.1,1357,48.7,96,4675.200000000001,10.5
2,303.0,311.1,1526,37.3,176,6564.799999999999,8.100000000000023
1,299.0,308.7,1396,48.6,0,0.0,9.699999999999989
1,302.7,312.1,1728,24.4,146,3562.3999999999996,9.400000000000034
1,301.4,311.3,1397,42.3,48,2030.3999999999999,9.900000000000034
2,299.3,308.7,1420,50.3,208,10462.4,9.399999999999977
2,301.2,310.9,1359,50.8,118,5994.4,9.699999999999989
2,298.9,310.0,1561,45.3,58,2627.3999999999996,11.100000000000023
2,298.5,308.0,1519,37.3,29,1081.6999999999998,9.5
1,300.7,310.5,1536,47.4,192,9100.8,9.800000000000011
1,301.4,310.8,1740,29.2,110,3212.0,9.400000000000034
1,298.4,309.4,1461,46.3,121,5602.299999999999,11.0
2,303.5,312.9,1530,34.5,110,3795.0,9.399999999999977
1,300.9,310.5,1599,40.5,57,2308.5,9.600000000000023
1,298.2,308.0,1499,44.1,166,7320.6,9.800000000000011
1,300.6,311.6,1455,48.0,203,9744.0,11.0
1,300.5,311.5,1708,31.2,57,1778.3999999999999,11.0
1,303.2,312.6,1601,35.3,148,5224.4,9.400000000000034
1,300.3,310.4,1672,29.2,39,1138.8,10.099999999999966
2,299.7,309.2,1412,45.3,205,9286.5,9.5
2,300.5,311.9,1730,27.5,209,5747.5,11.399999999999977
1,298.6,308.2,1705,26.3,177,4655.1,9.599999999999966
2,297.5,309.4,1482,39.3,112,4401.599999999999,11.899999999999977
0,301.2,310.7,1747,27.3,35,955.5,9.5
0,301.6,310.5,1786,27.1,35,948.5,8.899999999999977
1,299.7,311.2,1835,23.7,183,4337.099999999999,11.5
1,297.0,307.8,1396,50.0,96,4800.0,10.800000000000011
1,300.0,310.2,1760,26.9,193,5191.7,10.199999999999989
1,300.8,311.7,1655,32.2,12,386.40000000000003,10.899999999999977
1,302.0,310.5,1263,60.6,90,5454.0,8.5
0,297.0,308.1,1517,41.4,222,9190.8,11.100000000000023
2,299.2,308.6,1631,35.4,64,2265.6,9.400000000000034
1,301.7,310.2,1311,57.4,40,2296.0,8.5
1,299.0,308.8,1405,55.2,103,5685.6,9.800000000000011
1,301.1,311.2,1555,35.3,172,6071.599999999999,10.099999999999966
2,301.5,310.7,1454,39.4,17,669.8,9.199999999999989
1,301.8,310.3,1765,27.3,29,791.7,8.5
1,297.7,308.9,1715,27.2,193,5249.599999999999,11.199999999999989
1,298.1,307.7,1705,29.1,109,3171.9,9.599999999999966
1,300.9,310.4,2021,18.8,30,564.0,9.5
0,302.8,311.0,1436,43.5,47,2044.5,8.199999999999989
1,297.8,308.3,1435,50.1,189,9468.9,10.5
2,301.0,310.4,1665,30.9,177,5469.3,9.399999999999977
2,299.0,310.3,1689,29.7,101,2999.7,11.300000000000011
1,301.0,310.9,1813,28.5,197,5614.5,9.899999999999977
2,300.9,309.4,1724,25.6,119,3046.4,8.5
2,302.9,311.0,1402,40.7,52,2116.4,8.100000000000023
1,299.9,311.3,1429,58.2,103,5994.6,11.400000000000034
1,297.9,307.9,1426,43.6,89,3880.4,10.0
2,299.7,309.6,1477,42.7,163,6960.1,9.900000000000034
1,297.4,308.1,1474,39.4,20,788.0,10.700000000000045
1,301.6,311.0,1431,42.6,158,6730.8,9.399999999999977
0,299.8,310.6,1423,44.6,116,5173.6,10.800000000000011
2,303.5,312.4,1606,30.1,98,2949.8,8.899999999999977
2,297.8,309.4,1226,58.7,129,7572.3,11.599999999999966
1,302.6,310.5,1450,43.2,68,2937.6000000000004,7.899999999999977
2,302.6,310.2,2676,10.8,84,907.2,7.599999999999966
1,301.3,310.9,1566,33.1,82,2714.2000000000003,9.599999999999966
2,302.3,311.5,1674,30.0,12,360.0,9.199999999999989
1,303.4,312.6,1462,37.5,118,4425.0,9.200000000000045
2,298.9,310.5,1525,38.5,27,1039.5,11.600000000000023
2,300.3,310.2,1442,39.5,4,158.0,9.899999999999977
1,298.5,310.0,1435,42.5,25,1062.5,11.5
2,303.7,313.0,1303,54.4,2,108.8,9.300000000000011
1,302.0,310.5,1635,39.8,99,3940.2,8.5
1,300.9,312.0,1493,38.7,217,8397.900000000001,11.100000000000023
1,300.8,312.1,1505,41.3,173,7144.9,11.300000000000011
2,298.7,309.5,1500,38.8,116,4500.799999999999,10.800000000000011
2,304.0,313.1,1450,42.8,101,4322.799999999999,9.100000000000023
2,297.6,309.0,1427,45.6,179,8162.400000000001,11.399999999999977
1,301.5,310.8,1512,38.9,9,350.09999999999997,9.300000000000011
2,301.2,310.9,1424,45.2,68,3073.6000000000004,9.699999999999989
1,298.8,310.5,1464,46.4,207,9604.8,11.699999999999989
1,297.2,308.0,1705,26.0,200,5200.0,10.800000000000011
1,299.2,308.9,1342,50.8,195,9906.0,9.699999999999989
1,300.4,309.3,1525,39.6,202,7999.200000000001,8.900000000000034
2,300.8,310.3,1270,61.0,54,3294.0,9.5
1,300.7,309.6,1810,26.0,195,5070.0,8.900000000000034
1,299.6,310.7,1922,23.3,205,4776.5,11.099999999999966
1,300.4,309.6,1386,56.9,170,9673.0,9.200000000000045
2,299.5,309.4,1387,56.2,32,1798.4,9.899999999999977
1,297.5,308.4,1604,38.1,106,4038.6000000000004,10.899999999999977
2,298.6,309.9,1517,34.0,215,7310.0,11.299999999999955
2,301.8,311.0,1393,49.5,168,8316.0,9.199999999999989
2,298.9,308.2,1328,49.2,11,541.2,9.300000000000011
1,303.7,312.8,1543,38.3,61,2336.2999999999997,9.100000000000023
1,303.9,313.0,1408,47.5,76,3610.0,9.100000000000023
2,302.5,310.4,1580,35.6,176,6265.6,7.899999999999977
1,299.8,309.3,1386,49.4,116,5730.4,9.5
2,303.3,311.8,1583,33.3,72,2397.6,8.5
1,302.3,311.2,1297,62.5,109,6812.5,8.899999999999977
1,300.1,309.4,1858,23.6,26,613.6,9.299999999999955
1,302.3,311.6,1665,34.3,139,4767.7,9.300000000000011
1,298.0,307.8,1453,37.7,119,4486.3,9.800000000000011
1,298.0,308.9,1508,37.1,92,3413.2000000000003,10.899999999999977
1,297.1,308.5,1323,44.4,207,9190.8,11.399999999999977
1,301.5,310.9,1600,39.0,160,6240.0,9.399999999999977
1,299.8,310.0,1361,53.8,167,8984.6,10.199999999999989
2,303.3,312.5,1674,32.7,76,2485.2000000000003,9.199999999999989
1,298.5,308.0,1404,48.1,32,1539.2,9.5
1,298.1,308.9,2136,15.9,78,1240.2,10.799999999999955
1,300.3,310.3,1362,60.3,206,12421.8,10.0
1,301.0,310.4,1476,43.6,173,7542.8,9.399999999999977
1,302.8,312.3,1366,49.1,221,10851.1,9.5
2,298.6,309.1,1487,43.2,206,8899.2,10.5
1,297.1,308.4,1304,53.5,153,8185.5,11.299999999999955
1,300.5,310.5,1515,36.6,54,1976.4,10.0
2,298.5,309.2,1449,46.4,83,3851.2,10.699999999999989
1,302.9,311.2,1634,36.9,71,2619.9,8.300000000000011
1,303.1,312.4,1407,41.2,107,4408.400000000001,9.299999999999955
1,303.4,312.7,1589,34.0,116,3944.0,9.300000000000011
1,297.8,307.8,1573,37.9,33,1250.7,10.0
1,297.5,308.7,1454,45.0,19,855.0,11.199999999999989
1,300.8,310.2,1514,40.0,155,6200.0,9.399999999999977
1,297.7,309.0,1874,24.4,28,683.1999999999999,11.300000000000011
1,303.2,312.4,1663,33.7,71,2392.7000000000003,9.199999999999989
1,297.7,309.2,1365,58.6,170,9962.0,11.5
1,297.1,308.1,1754,30.3,206,6241.8,11.0
1,301.1,311.6,1488,43.4,5,217.0,10.5
1,298.1,308.3,1331,63.0,13,819.0,10.199999999999989
2,296.9,307.8,1544,40.3,150,6045.0,10.900000000000034
2,299.1,310.6,1397,49.5,165,8167.5,11.5
1,301.0,311.5,1559,31.8,195,6201.0,10.5
1,297.4,308.6,1439,51.9,188,9757.199999999999,11.200000000000045
2,302.1,311.5,1635,31.6,23,726.8000000000001,9.399999999999977
1,300.0,310.2,1486,36.4,66,2402.4,10.199999999999989
1,298.0,307.7,1435,45.6,184,8390.4,9.699999999999989
1,302.3,310.7,1402,50.9,157,7991.3,8.399999999999977
0,301.4,311.1,1445,41.4,144,5961.599999999999,9.700000000000045
2,300.0,311.3,1629,32.1,55,1765.5,11.300000000000011
2,300.6,310.6,1403,50.4,64,3225.6,10.0
2,297.6,308.5,1552,40.9,90,3681.0,10.899999999999977
1,297.4,309.0,1324,56.9,173,9843.699999999999,11.600000000000023
2,302.5,311.4,1636,35.0,157,5495.0,8.899999999999977
2,300.0,310.2,1393,51.2,190,9728.0,10.199999999999989
2,301.7,310.8,1594,32.4,204,6609.599999999999,9.100000000000023
2,297.1,308.4,1502,37.3,181,6751.299999999999,11.299999999999955
1,300.5,309.5,1379,55.6,2,111.2,9.0
1,303.7,313.1,1683,28.4,46,1306.3999999999999,9.400000000000034
2,299.7,310.5,1490,41.2,126,5191.200000000001,10.800000000000011
1,298.7,309.9,1651,29.5,42,1239.0,11.199999999999989
2,302.4,311.0,1580,36.5,64,2336.0,8.600000000000023
0,297.8,307.3,1555,35.8,190,6801.999999999999,9.5
1,300.7,311.0,1596,36.9,174,6420.599999999999,10.300000000000011
0,298.8,309.8,1510,44.2,35,1547.0,11.0
1,299.1,310.1,1367,45.6,44,2006.4,11.0
1,297.5,308.5,1375,55.6,128,7116.8,11.0
2,302.5,310.5,1918,21.6,131,2829.6000000000004,8.0
1,297.1,308.4,1693,29.5,100,2950.0,11.299999999999955
2,301.8,310.9,1358,52.3,56,2928.7999999999997,9.099999999999966
1,302.4,310.4,1865,23.9,129,3083.1,8.0
0,304.1,313.2,1590,43.4,52,2256.7999999999997,9.099999999999966
1,299.9,309.5,1451,39.4,18,709.1999999999999,9.600000000000023
2,302.5,311.5,1358,52.7,139,7325.3,9.0
2,298.1,308.9,1335,50.4,110,5544.0,10.799999999999955
0,298.8,310.5,1294,55.8,202,11271.599999999999,11.699999999999989
2,300.5,311.1,1296,61.3,202,12382.599999999999,10.600000000000023
2,302.5,312.0,1436,43.5,184,8004.0,9.5
1,300.6,310.3,1794,24.4,211,5148.4,9.699999999999989
2,303.6,311.9,1617,36.0,95,3420.0,8.299999999999955
1,302.8,311.1,1456,36.1,89,3212.9,8.300000000000011
1,300.5,309.8,1939,21.4,164,3509.6,9.300000000000011
1,299.9,311.3,1535,38.1,160,6096.0,11.400000000000034
0,296.4,307.3,1540,37.4,75,2805.0,10.900000000000034
1,297.3,308.3,1590,35.5,59,2094.5,11.0
0,300.6,309.4,1691,28.0,36,1008.0,8.799999999999955
1,297.6,308.6,1744,28.5,42,1197.0,11.0
0,299.4,309.3,1743,28.2,0,0.0,9.900000000000034
1,300.2,311.7,1493,48.3,167,8066.099999999999,11.5
1,302.6,312.3,1512,34.2,44,1504.8000000000002,9.699999999999989
2,297.5,308.5,1496,42.2,22,928.4000000000001,11.0
1,296.9,307.8,1557,38.1,135,5143.5,10.900000000000034
1,303.2,311.4,1349,51.1,9,459.90000000000003,8.199999999999989
2,301.2,310.0,1625,31.6,173,5466.8,8.800000000000011
2,300.2,309.7,1413,43.0,137,5891.0,9.5
0,300.3,311.6,1339,53.4,123,6568.2,11.300000000000011
0,301.9,311.0,1672,29.9,13,388.7,9.100000000000023
2,297.5,308.3,1622,37.2,103,3831.6000000000004,10.800000000000011
2,302.3,310.7,1559,33.9,119,4034.1,8.399999999999977
1,300.5,309.3,1465,46.0,89,4094.0,8.800000000000011
2,301.8,309.6,1436,49.0,214,10486.0,7.800000000000011
1,301.7,310.6,1513,41.1,64,2630.4,8.900000000000034
2,301.2,309.9,1456,50.8,15,762.0,8.699999999999989
1,298.9,308.7,1438,51.7,64,3308.8,9.800000000000011
2,301.3,310.0,1593,30.8,210,6468.0,8.699999999999989
1,300.9,310.8,1571,39.9,51,2034.8999999999999,9.900000000000034
2,302.2,311.7,1653,31.4,2,62.8,9.5
1,297.4,308.6,1446,48.1,88,4232.8,11.200000000000045
2,297.4,308.6,1657,33.1,156,5163.6,11.200000000000045
1,302.8,310.6,2016,19.9,199,3960.1,7.800000000000011
1,298.8,310.2,1504,41.0,51,2091.0,11.399999999999977
0,298.5,309.4,2011,21.0,59,1239.0,10.899999999999977
1,299.0,308.6,1734,32.4,161,5216.4,9.600000000000023
1,302.6,310.5,1748,28.2,2,56.4,7.899999999999977
1,302.9,312.2,1367,55.1,50,2755.0,9.300000000000011
2,298.1,307.9,1377,55.1,42,2314.2000000000003,9.799999999999955
2,298.1,307.9,1303,53.9,52,2802.7999999999997,9.799999999999955
1,298.4,308.5,1490,37.9,110,4169.0,10.100000000000023
1,303.3,311.4,1510,37.3,36,1342.8,8.099999999999966
0,302.4,311.2,1506,40.8,204,8323.199999999999,8.800000000000011
1,299.0,310.2,1432,42.2,87,3671.4,11.199999999999989
1,295.9,306.7,1547,40.9,107,4376.3,10.800000000000011
0,297.5,309.3,1459,49.7,201,9989.7,11.800000000000011
1,297.3,308.3,1519,37.7,45,1696.5000000000002,11.0
2,301.3,310.4,2093,18.7,190,3553.0,9.099999999999966
1,297.3,308.1,1763,28.4,54,1533.6,10.800000000000011
1,299.1,308.8,1502,38.3,88,3370.3999999999996,9.699999999999989
1,303.3,312.6,1623,34.6,102,3529.2000000000003,9.300000000000011
1,301.5,310.5,1644,34.9,186,6491.4,9.0
1,298.1,307.9,1665,32.0,7,224.0,9.799999999999955
1,298.1,307.8,1761,28.2,76,2143.2,9.699999999999989
0,303.4,312.3,1769,27.9,40,1116.0,8.900000000000034
1,300.3,309.6,1468,44.7,179,8001.3,9.300000000000011
1,297.1,308.4,1488,42.5,146,6205.0,11.299999999999955
1,299.4,308.9,1583,34.1,176,6001.6,9.5
2,302.1,310.6,1421,52.0,95,4940.0,8.5
1,300.6,310.4,1457,47.7,120,5724.0,9.799999999999955
1,299.5,310.8,1283,52.4,112,5868.8,11.300000000000011
1,299.6,310.8,1507,42.4,108,4579.2,11.199999999999989
1,299.4,309.2,1556,35.7,75,2677.5,9.800000000000011
1,300.5,309.7,1560,30.2,139,4197.8,9.199999999999989
0,300.5,310.0,1495,47.4,184,8721.6,9.5
2,300.5,311.6,1577,36.5,4,146.0,11.100000000000023
1,302.5,311.5,1493,35.1,131,4598.1,9.0
2,299.3,309.2,1586,37.9,129,4889.099999999999,9.899999999999977
0,304.0,313.1,1472,45.5,166,7553.0,9.100000000000023
1,303.7,312.2,1619,34.9,92,3210.7999999999997,8.5
2,302.2,310.8,1408,46.8,49,2293.2,8.600000000000023
1,302.6,310.5,1596,32.8,193,6330.4,7.899999999999977
2,304.1,313.3,1480,38.4,72,2764.7999999999997,9.199999999999989
2,297.4,308.4,1675,29.5,59,1740.5,11.0
1,297.9,307.7,1517,44.4,67,2974.7999999999997,9.800000000000011
2,300.3,311.9,1677,30.8,48,1478.4,11.599999999999966
1,300.7,310.7,1442,43.2,49,2116.8,10.0
1,298.0,307.6,1450,48.7,138,6720.6,9.600000000000023
1,296.7,307.9,1690,29.6,119,3522.4,11.199999999999989
1,299.0,308.9,1622,31.9,42,1339.8,9.899999999999977
1,300.0,309.0,1709,32.1,79,2535.9,9.0
1,297.8,308.4,1612,32.1,183,5874.3,10.599999999999966
1,300.2,310.1,1523,42.3,25,1057.5,9.900000000000034
1,302.2,311.4,1609,32.1,41,1316.1000000000001,9.199999999999989
1,297.3,308.3,1396,45.9,64,2937.6,11.0
1,297.9,309.0,1450,46.8,118,5522.4,11.100000000000023
2,301.7,310.7,1627,31.3,78,2441.4,9.0
1,297.4,309.2,1437,40.4,117,4726.8,11.800000000000011
2,300.9,310.7,1420,43.0,133,5719.0,9.800000000000011
1,303.6,311.8,1222,66.8,148,9886.4,8.199999999999989
1,297.6,309.2,1611,33.1,155,5130.5,11.599999999999966
1,297.5,308.6,1671,29.4,136,3998.3999999999996,11.100000000000023
0,301.0,310.4,1512,44.9,86,3861.4,9.399999999999977
2,302.7,312.1,1378,46.9,176,8254.4,9.400000000000034
1,303.8,312.8,1503,40.0,154,6160.0,9.0
2,303.9,313.2,1350,47.2,2,94.4,9.300000000000011
1,302.5,311.1,1499,38.8,135,5238.0,8.600000000000023
0,300.6,311.7,1500,36.7,17,623.9000000000001,11.099999999999966
1,302.0,310.5,1651,30.9,146,4511.4,8.5
1,298.1,308.2,1485,40.7,57,2319.9,10.099999999999966
2,303.3,312.1,1693,30.0,80,2400.0,8.800000000000011
2,302.4,311.1,1366,54.4,0,0.0,8.700000000000045
1,302.9,312.2,1513,37.8,92,3477.6,9.300000000000011
1,300.7,310.4,1234,51.7,160,8272.0,9.699999999999989
0,298.3,308.0,1637,30.8,2,61.6,9.699999999999989
1,302.0,310.4,1448,43.4,167,7247.8,8.399999999999977
1,297.5,308.6,1585,37.6,2,75.2,11.100000000000023
1,300.8,311.7,1490,46.4,217,10068.8,10.899999999999977
1,301.9,310.4,1884,23.4,163,3814.2,8.5
0,303.5,311.5,1629,33.5,73,2445.5,8.0
1,297.4,308.6,1532,38.7,136,5263.200000000001,11.200000000000045
1,298.9,310.1,1587,30.2,162,4892.4,11.200000000000045
2,298.4,308.7,1584,31.7,117,3708.9,10.300000000000011
1,300.0,309.2,1444,43.6,123,5362.8,9.199999999999989
0,297.9,309.2,1577,34.7,5,173.5,11.300000000000011
1,300.4,310.1,1614,33.5,191,6398.5,9.700000000000045
0,300.6,309.4,1555,37.9,24,909.5999999999999,8.799999999999955
2,298.5,309.6,1509,47.3,2,94.6,11.100000000000023
1,298.9,310.0,1452,48.9,185,9046.5,11.100000000000023
2,297.5,308.5,1662,30.3,26,787.8000000000001,11.0
2,301.7,311.0,1311,55.8,39,2176.2,9.300000000000011
2,300.8,311.2,1434,39.1,82,3206.2000000000003,10.399999999999977
0,300.0,309.6,1629,32.3,89,2874.7,9.600000000000023
2,300.5,311.6,1456,51.1,193,9862.300000000001,11.100000000000023
1,298.2,307.8,1388,48.6,76,3693.6,9.600000000000023
1,297.5,308.6,1596,36.0,141,5076.0,11.100000000000023
1,301.1,310.8,1724,27.5,101,2777.5,9.699999999999989
2,300.4,311.8,1553,33.1,209,6917.900000000001,11.400000000000034
0,300.6,310.5,1454,51.2,58,2969.6000000000004,9.899999999999977
1,298.3,309.9,1463,43.9,116,5092.4,11.599999999999966
2,298.5,308.0,1363,49.2,149,7330.8,9.5
1,301.8,311.0,1771,27.2,162,4406.4,9.199999999999989
1,301.9,311.0,1642,33.1,126,4170.6,9.100000000000023
2,297.6,308.7,1475,46.6,54,2516.4,11.099999999999966
1,301.5,310.9,1318,50.6,11,556.6,9.399999999999977
1,300.4,310.8,1396,49.3,142,7000.599999999999,10.400000000000034
1,300.4,311.2,1673,28.9,171,4941.9,10.800000000000011
1,299.0,310.2,1533,43.5,159,6916.5,11.199999999999989
2,298.7,309.8,1570,42.1,200,8420.0,11.100000000000023
1,303.3,311.3,1592,33.7,14,471.80000000000007,8.0
1,299.7,310.8,1589,36.0,190,6840.0,11.100000000000023
2,303.8,312.6,1527,41.9,159,6662.099999999999,8.800000000000011
1,297.9,307.7,1593,34.9,83,2896.7,9.800000000000011
0,299.2,308.4,1388,53.2,59,3138.8,9.199999999999989
2,302.6,310.5,1420,56.4,57,3214.7999999999997,7.899999999999977
1,302.2,311.6,1545,35.9,152,5456.8,9.400000000000034
1,300.0,309.1,1465,40.6,9,365.40000000000003,9.100000000000023
0,298.7,309.8,1582,33.4,121,4041.3999999999996,11.100000000000023
2,298.8,309.8,1534,37.0,47,1739.0,11.0
2,302.2,311.0,1476,47.4,161,7631.4,8.800000000000011
1,299.1,310.3,1619,31.1,242,7526.200000000001,11.199999999999989
2,298.0,309.0,1393,55.9,79,4416.099999999999,11.0
1,300.9,310.9,1601,34.0,181,6154.0,10.0
1,299.9,309.8,1716,28.2,117,3299.4,9.900000000000034
1,303.5,312.6,1602,34.2,108,3693.6000000000004,9.100000000000023
1,298.5,308.8,1670,29.6,13,384.8,10.300000000000011
2,299.6,308.9,1685,27.8,161,4475.8,9.299999999999955
0,297.9,309.1,1435,44.7,8,357.6,11.200000000000045
1,302.2,311.2,1928,23.1,2,46.2,9.0
1,300.4,311.4,1662,29.3,129,3779.7000000000003,11.0
1,298.9,308.2,1828,23.8,26,618.8000000000001,9.300000000000011
1,299.1,310.4,1657,31.0,129,3999.0,11.299999999999955
1,302.5,310.2,1586,32.2,64,2060.8,7.699999999999989
2,300.0,309.3,2293,16.3,170,2771.0,9.300000000000011
1,297.2,308.7,1501,38.5,86,3311.0,11.5
1,302.6,311.6,1638,29.6,160,4736.0,9.0
2,300.0,311.4,1791,24.1,213,5133.3,11.399999999999977
2,300.4,310.8,1491,35.9,148,5313.2,10.400000000000034
1,298.5,309.6,1585,32.2,89,2865.8,11.100000000000023
2,298.8,309.8,1477,46.7,59,2755.3,11.0
1,300.5,309.5,1795,27.7,117,3240.9,9.0
2,298.0,308.5,1585,33.0,24,792.0,10.5
1,297.2,308.6,1774,23.0,30,690.0,11.400000000000034
1,300.2,311.4,1425,44.2,84,3712.8,11.199999999999989
1,300.8,310.7,1525,39.4,175,6895.0,9.899999999999977
1,302.6,312.1,1439,52.3,35,1830.5,9.5
2,301.7,310.6,1876,22.1,99,2187.9,8.900000000000034
0,300.1,309.6,1463,45.1,113,5096.3,9.5
0,300.7,309.6,1390,48.5,7,339.5,8.900000000000034
1,300.7,312.3,1898,24.0,60,1440.0,11.600000000000023
0,297.8,308.4,1550,38.2,185,7067.000000000001,10.599999999999966
1,301.8,311.0,1606,33.3,4,133.2,9.199999999999989
2,300.6,310.8,1389,48.1,88,4232.8,10.199999999999989
2,297.0,307.9,1414,46.2,165,7623.000000000001,10.899999999999977
2,297.5,308.7,1697,28.1,107,3006.7000000000003,11.199999999999989
1,297.4,308.2,1402,49.7,41,2037.7,10.800000000000011
1,300.7,310.5,1960,21.0,194,4074.0,9.800000000000011
2,303.0,311.2,1614,35.7,207,7389.900000000001,8.199999999999989
2,301.4,310.5,1495,52.5,201,10552.5,9.100000000000023
1,300.1,311.4,1484,43.1,13,560.3000000000001,11.299999999999955
1,302.5,310.3,1446,44.0,146,6424.0,7.800000000000011
2,297.3,309.0,1556,39.5,168,6636.0,11.699999999999989
2,299.7,308.9,1551,35.4,82,2902.7999999999997,9.199999999999989
1,301.3,310.6,1560,36.8,113,4158.4,9.300000000000011
2,301.9,309.6,1439,41.7,201,8381.7,7.7000000000000455
2,302.3,311.3,1625,33.1,137,4534.7,9.0
0,302.7,310.4,1305,55.2,20,1104.0,7.699999999999989
2,300.8,312.4,1811,25.1,136,3413.6000000000004,11.599999999999966
2,298.3,309.1,1404,47.0,15,705.0,10.800000000000011
2,297.7,308.8,1350,57.0,105,5985.0,11.100000000000023
1,300.3,311.8,1413,46.0,182,8372.0,11.5
2,303.3,312.4,1505,38.9,68,2645.2,9.099999999999966
1,298.1,307.9,1698,33.3,40,1332.0,9.799999999999955
1,298.0,309.0,1679,32.4,90,2916.0,11.0
0,300.6,311.7,1427,44.6,87,3880.2000000000003,11.099999999999966
2,302.4,310.5,1500,36.7,164,6018.8,8.100000000000023
1,298.2,308.1,1306,58.3,35,2040.5,9.900000000000034
2,299.6,311.1,1649,33.8,133,4495.4,11.5
1,297.4,309.2,1428,38.8,26,1008.8,11.800000000000011
2,302.3,311.1,1338,53.3,63,3357.8999999999996,8.800000000000011
1,303.8,313.1,1869,25.8,211,5443.8,9.300000000000011
2,303.9,313.3,1567,35.0,168,5880.0,9.400000000000034
1,300.8,310.7,1461,42.8,173,7404.4,9.899999999999977
1,298.8,309.9,1629,31.9,49,1563.1,11.099999999999966
1,300.0,309.5,1506,38.8,87,3375.6,9.5
1,300.1,311.4,1604,35.0,191,6685.0,11.299999999999955
1,301.3,310.6,1451,47.5,42,1995.0,9.300000000000011
2,301.8,310.1,2372,13.9,205,2849.5,8.300000000000011
1,299.0,308.6,1946,22.3,102,2274.6,9.600000000000023
0,298.9,310.1,1366,62.7,161,10094.7,11.200000000000045
1,298.0,309.1,1473,44.3,124,5493.2,11.100000000000023
1,300.4,310.6,1384,48.7,24,1168.8000000000002,10.200000000000045
2,301.3,311.0,1495,40.8,148,6038.4,9.699999999999989
2,297.6,309.3,1464,46.2,218,10071.6,11.699999999999989
0,303.6,312.4,1436,45.6,9,410.40000000000003,8.799999999999955
1,301.4,310.8,1543,36.9,97,3579.2999999999997,9.400000000000034
0,300.1,311.6,1674,29.6,85,2516.0,11.5
1,302.8,312.4,1523,39.7,239,9488.300000000001,9.599999999999966
2,301.6,310.8,1664,32.0,58,1856.0,9.199999999999989
1,298.9,310.1,1510,38.0,52,1976.0,11.200000000000045
1,298.2,309.0,1341,43.8,171,7489.799999999999,10.800000000000011
1,297.9,308.9,1393,40.6,45,1827.0,11.0
1,298.5,309.3,1570,40.1,131,5253.1,10.800000000000011
2,301.5,310.5,1412,44.1,184,8114.400000000001,9.0
1,298.6,309.8,1505,45.7,144,6580.8,11.199999999999989
2,298.4,309.5,1344,45.3,122,5526.599999999999,11.100000000000023
1,297.4,308.1,1348,57.4,66,3788.4,10.700000000000045
2,298.6,309.8,1430,43.1,80,3448.0,11.199999999999989
2,302.5,312.1,1454,47.6,37,1761.2,9.600000000000023
1,300.4,311.3,1639,34.6,24,830.4000000000001,10.900000000000034
1,298.3,307.9,1502,42.0,103,4326.0,9.599999999999966
1,303.3,311.3,1389,53.9,39,2102.1,8.0
1,299.6,309.2,1713,26.5,167,4425.5,9.599999999999966
1,299.7,309.4,1445,42.9,55,2359.5,9.699999999999989
1,297.0,307.7,1502,39.4,126,4964.4,10.699999999999989
1,298.8,308.5,1490,35.0,29,1015.0,9.699999999999989
2,302.7,312.1,1564,32.1,188,6034.8,9.400000000000034
2,299.0,310.0,1486,34.6,91,3148.6,11.0
1,301.5,310.5,1556,39.1,48,1876.8000000000002,9.0
2,299.1,308.6,1491,38.5,166,6391.0,9.5
0,300.7,312.1,1490,43.1,159,6852.900000000001,11.400000000000034
1,297.0,307.9,1436,47.7,191,9110.7,10.899999999999977
1,298.8,309.3,1357,47.1,176,8289.6,10.5
1,297.5,308.2,1327,56.5,189,10678.5,10.699999999999989
2,298.7,309.0,1843,25.8,130,3354.0,10.300000000000011
2,302.3,310.9,1710,30.4,218,6627.2,8.599999999999966
1,302.7,312.4,1433,44.2,17,751.4000000000001,9.699999999999989
1,300.8,312.4,1825,23.8,127,3022.6,11.599999999999966
2,301.9,311.1,1380,51.6,184,9494.4,9.200000000000045
1,300.4,309.7,1740,31.1,113,3514.3,9.300000000000011
1,298.3,308.0,1361,56.9,81,4608.9,9.699999999999989
1,300.7,310.6,1654,34.2,89,3043.8,9.900000000000034
0,299.3,309.0,1425,40.6,123,4993.8,9.699999999999989
2,303.5,312.3,1593,35.2,29,1020.8000000000001,8.800000000000011
1,300.5,309.5,1542,38.5,108,4158.0,9.0
2,297.9,307.7,1364,46.8,89,4165.2,9.800000000000011
2,296.9,307.8,1828,24.6,91,2238.6,10.900000000000034
2,299.8,311.2,1706,29.2,148,4321.599999999999,11.399999999999977
1,297.5,309.2,1426,44.8,24,1075.1999999999998,11.699999999999989
1,298.3,308.0,1242,62.0,98,6076.0,9.699999999999989
1,297.8,307.6,1446,51.4,105,5397.0,9.800000000000011
2,299.6,310.9,1630,29.8,206,6138.8,11.299999999999955
0,303.7,311.9,1332,52.7,66,3478.2000000000003,8.199999999999989
1,300.4,309.5,1711,29.2,215,6278.0,9.100000000000023
2,302.2,310.6,1570,34.6,163,5639.8,8.400000000000034
1,300.7,311.1,2437,13.8,163,2249.4,10.400000000000034
1,297.4,308.2,1419,50.0,52,2600.0,10.800000000000011
2,300.8,311.1,1583,32.1,116,3723.6000000000004,10.300000000000011
2,300.3,311.8,1607,33.7,199,6706.3,11.5
1,298.2,308.7,1407,45.1,49,2209.9,10.5
1,304.0,313.0,1407,42.1,5,210.5,9.0
0,299.2,310.5,1329,48.9,30,1467.0,11.300000000000011
1,301.6,310.7,1429,43.6,176,7673.6,9.099999999999966
1,303.8,312.5,1523,47.0,152,7144.0,8.699999999999989
1,300.8,311.3,1462,41.4,75,3105.0,10.5
1,303.3,312.2,1457,40.7,48,1953.6000000000001,8.899999999999977
1,297.6,308.5,1574,37.1,121,4489.1,10.899999999999977
1,302.4,311.1,1565,42.8,163,6976.4,8.700000000000045
1,298.3,308.5,1539,36.1,168,6064.8,10.199999999999989
1,297.7,309.1,1563,39.3,56,2200.7999999999997,11.400000000000034
1,302.0,310.6,1361,46.7,182,8499.4,8.600000000000023
1,298.5,309.6,1462,45.1,115,5186.5,11.100000000000023
1,301.0,312.3,1445,36.4,105,3822.0,11.300000000000011
2,296.9,307.4,1521,37.9,27,1023.3,10.5
2,297.6,308.8,1683,31.6,79,2496.4,11.199999999999989
1,298.9,310.1,1442,48.0,181,8688.0,11.200000000000045
1,298.6,309.8,1496,37.7,134,5051.8,11.199999999999989
2,301.4,311.2,1434,47.6,52,2475.2000000000003,9.800000000000011
2,302.5,311.9,1414,51.6,205,10578.0,9.399999999999977
1,301.5,310.4,1543,34.0,55,1870.0,8.899999999999977
2,303.8,312.5,2344,15.2,146,2219.2,8.699999999999989
0,300.4,310.1,1484,38.0,198,7524.0,9.700000000000045
1,302.8,312.5,1694,28.4,66,1874.3999999999999,9.699999999999989
1,301.9,311.3,1366,55.6,57,3169.2000000000003,9.400000000000034
2,303.6,311.8,1659,34.7,94,3261.8,8.199999999999989
1,300.6,309.6,1682,30.7,78,2394.6,9.0
2,298.9,309.3,1632,32.5,55,1787.5,10.400000000000034
1,302.4,312.0,1545,36.4,12,436.79999999999995,9.600000000000023
1,297.6,308.9,1449,47.7,209,9969.300000000001,11.299999999999955
0,296.3,307.2,1424,42.0,196,8232.0,10.899999999999977
1,299.4,309.0,1404,47.3,86,4067.7999999999997,9.600000000000023
1,302.2,311.5,1616,34.0,19,646.0,9.300000000000011
2,303.3,311.3,1566,46.1,41,1890.1000000000001,8.0
0,297.8,309.0,1410,48.8,23,1122.3999999999999,11.199999999999989
1,300.1,310.5,1394,44.3,121,5360.299999999999,10.399999999999977
1,296.9,307.8,1571,35.0,102,3570.0,10.900000000000034
2,299.6,309.1,1366,55.2,95,5244.0,9.5
1,300.3,311.7,1333,55.2,18,993.6,11.399999999999977
1,299.8,309.4,1467,46.2,219,10117.800000000001,9.599999999999966
1,299.3,308.8,1603,33.9,203,6881.7,9.5
1,302.4,311.8,1465,40.2,143,5748.6,9.400000000000034
1,300.3,311.7,1545,43.5,160,6960.0,11.399999999999977
2,297.1,307.9,1980,20.3,159,3227.7000000000003,10.799999999999955
2,300.1,310.1,1402,46.6,10,466.0,10.0
1,296.5,307.4,1523,40.7,85,3459.5000000000005,10.899999999999977
1,297.7,308.8,1616,34.2,114,3898.8,11.100000000000023
1,299.6,308.9,1422,53.2,120,6384.0,9.299999999999955
1,298.4,309.3,1549,40.8,139,5671.2,10.900000000000034
2,302.2,311.2,1561,34.9,106,3699.3999999999996,9.0
1,295.5,306.1,1650,32.8,67,2197.6,10.600000000000023
2,298.9,309.9,1357,54.5,121,6594.5,11.0
0,301.2,309.9,1362,50.7,25,1267.5,8.699999999999989
1,297.5,308.8,1603,36.7,184,6752.8,11.300000000000011
2,302.7,312.2,1585,35.5,167,5928.5,9.5
1,299.5,310.8,1374,48.3,154,7438.2,11.300000000000011
1,298.3,308.4,1329,49.2,166,8167.200000000001,10.099999999999966
1,298.8,309.9,1550,38.8,53,2056.3999999999996,11.099999999999966
2,299.6,310.8,1603,35.4,202,7150.799999999999,11.199999999999989
1,301.6,310.9,1492,45.2,155,7006.0,9.299999999999955
1,302.6,310.3,1642,33.2,82,2722.4,7.699999999999989
2,298.5,309.5,1535,39.8,87,3462.6,11.0
1,300.0,309.9,1608,33.4,76,2538.4,9.899999999999977
1,303.5,312.4,1574,32.7,175,5722.500000000001,8.899999999999977
1,301.2,311.4,1757,28.0,6,168.0,10.199999999999989
1,302.3,310.8,1377,47.3,22,1040.6,8.5
1,299.3,310.2,1495,49.2,16,787.2,10.899999999999977
1,297.9,307.7,1353,50.7,13,659.1,9.800000000000011
1,300.0,311.2,1418,47.3,60,2838.0,11.199999999999989
0,300.5,309.5,1635,34.2,62,2120.4,9.0
2,303.4,312.6,2706,9.8,65,637.0,9.200000000000045
1,302.1,310.7,1465,40.7,13,529.1,8.599999999999966
1,302.1,311.5,1727,27.7,50,1385.0,9.399999999999977
1,303.6,312.0,1309,52.9,86,4549.4,8.399999999999977
1,301.1,310.1,1417,46.9,35,1641.5,9.0
2,302.3,310.9,1581,36.1,109,3934.9,8.599999999999966
2,303.1,311.0,1510,47.6,16,761.6,7.899999999999977
2,302.4,311.0,1464,44.2,106,4685.200000000001,8.600000000000023
2,297.7,308.1,1469,48.8,183,8930.4,10.400000000000034
2,299.8,309.6,1331,50.2,98,4919.6,9.800000000000011
1,295.6,306.2,1426,48.6,124,6026.400000000001,10.599999999999966
1,297.3,308.3,1333,55.2,11,607.2,11.0
2,302.6,310.4,1532,36.1,77,2779.7000000000003,7.7999999999999545
1,300.6,312.0,1670,29.4,134,3939.6,11.399999999999977
1,302.5,311.4,1674,27.0,223,6021.0,8.899999999999977
2,303.8,313.2,1732,29.6,147,4351.2,9.399999999999977
1,300.1,309.1,1478,46.9,116,5440.4,9.0
1,298.4,309.3,1716,28.4,66,1874.3999999999999,10.900000000000034
1,303.2,311.2,1439,43.9,30,1317.0,8.0
1,298.9,309.8,1287,61.9,216,13370.4,10.900000000000034
1,298.1,307.8,1432,49.8,198,9860.4,9.699999999999989
2,298.5,309.7,1552,34.0,205,6970.0,11.199999999999989
2,298.1,307.9,1463,47.3,206,9743.8,9.799999999999955
1,302.3,311.7,1793,25.3,200,5060.0,9.399999999999977
1,298.0,307.8,1716,26.6,9,239.4,9.800000000000011
1,298.9,310.0,1515,42.9,170,7293.0,11.100000000000023
1,296.5,307.3,1579,34.5,166,5727.0,10.800000000000011
1,303.2,312.6,1281,57.0,144,8208.0,9.400000000000034
1,298.4,309.5,1376,50.4,202,10180.8,11.100000000000023
1,302.0,310.5,1370,44.4,85,3774.0,8.5
1,302.2,311.5,1481,40.4,93,3757.2,9.300000000000011
1,299.6,310.7,1393,52.1,110,5731.0,11.099999999999966
2,298.9,308.6,1469,34.2,93,3180.6000000000004,9.700000000000045
1,300.5,309.9,1443,48.3,122,5892.599999999999,9.399999999999977
1,300.9,310.4,1454,43.1,43,1853.3,9.5
1,299.1,308.5,1676,31.0,69,2139.0,9.399999999999977
2,300.4,311.7,1511,33.0,200,6600.0,11.300000000000011
1,301.0,312.1,1405,46.1,79,3641.9,11.100000000000023
1,298.9,308.2,1510,43.5,46,2001.0,9.300000000000011
2,297.6,308.4,1398,48.9,63,3080.7,10.799999999999955
1,301.2,311.0,1612,32.9,129,4244.099999999999,9.800000000000011
2,300.6,309.7,1934,22.8,15,342.0,9.099999999999966
1,299.3,310.7,1495,39.2,144,5644.8,11.399999999999977
1,300.9,310.7,1523,35.8,205,7338.999999999999,9.800000000000011
1,302.2,311.9,1596,38.0,156,5928.0,9.699999999999989
1,299.3,310.5,1529,41.3,17,702.0999999999999,11.199999999999989
1,300.0,311.4,1655,29.6,30,888.0,11.399999999999977
2,302.3,311.4,1479,45.6,59,2690.4,9.099999999999966
1,298.8,309.1,1368,50.8,115,5842.0,10.300000000000011
1,298.8,309.9,1351,47.2,73,3445.6000000000004,11.099999999999966
1,300.1,310.0,1511,41.7,186,7756.200000000001,9.899999999999977
1,297.0,307.9,1529,42.2,157,6625.400000000001,10.899999999999977
0,297.7,307.3,1249,62.8,47,2951.6,9.600000000000023
1,297.3,308.1,1615,35.4,217,7681.799999999999,10.800000000000011
1,303.5,312.9,1332,52.9,66,3491.4,9.399999999999977
2,300.2,309.8,1466,45.7,41,1873.7,9.600000000000023
1,297.4,308.6,1680,32.8,200,6559.999999999999,11.200000000000045
2,298.2,307.8,1566,33.8,100,3379.9999999999995,9.600000000000023
2,302.4,310.1,1577,35.8,136,4868.799999999999,7.7000000000000455
2,299.3,308.8,1442,49.0,165,8085.0,9.5
1,304.2,313.3,1464,45.9,48,2203.2,9.100000000000023
1,300.5,311.9,1511,41.8,205,8569.0,11.399999999999977
1,298.5,308.4,1513,33.6,172,5779.2,9.899999999999977
2,299.2,308.3,1364,51.8,104,5387.2,9.100000000000023
1,300.6,309.4,1549,43.4,233,10112.199999999999,8.799999999999955
1,301.1,310.1,1666,27.2,40,1088.0,9.0
1,300.5,310.8,1354,51.8,157,8132.599999999999,10.300000000000011
2,301.9,310.6,1475,47.8,179,8556.199999999999,8.700000000000045
1,299.7,310.2,1633,36.5,24,876.0,10.5
2,297.6,308.8,1357,49.7,104,5168.8,11.199999999999989
0,299.7,310.8,1418,46.6,197,9180.2,11.100000000000023
1,298.8,308.6,1268,55.8,155,8649.0,9.800000000000011
2,303.4,311.5,1483,43.0,117,5031.0,8.100000000000023
1,303.1,311.1,1420,55.8,113,6305.4,8.0
0,295.7,306.2,1458,49.8,151,7519.799999999999,10.5
0,302.5,311.8,2370,14.7,198,2910.6,9.300000000000011
1,298.3,309.4,1570,35.6,138,4912.8,11.099999999999966
2,295.5,306.0,1423,45.3,205,9286.5,10.5
1,298.8,308.6,1599,33.0,101,3333.0,9.800000000000011
1,300.7,311.9,1476,42.0,196,8232.0,11.199999999999989
1,299.1,308.3,1426,40.1,60,2406.0,9.199999999999989
2,302.2,311.2,1663,29.6,115,3404.0,9.0
2,300.7,312.4,1371,61.7,102,6293.400000000001,11.699999999999989
1,298.5,309.6,1419,41.5,105,4357.5,11.100000000000023
2,300.6,310.7,1566,38.2,187,7143.400000000001,10.099999999999966
1,298.6,309.8,2271,16.2,218,3531.6,11.199999999999989
2,303.8,312.5,1448,44.3,195,8638.5,8.699999999999989
2,301.4,310.6,1630,30.3,2,60.6,9.200000000000045
0,302.1,310.1,1615,29.9,176,5262.4,8.0
1,300.3,309.9,1621,34.1,36,1227.6000000000001,9.599999999999966
1,300.7,309.5,1251,59.9,120,7188.0,8.800000000000011
1,298.9,310.1,1466,43.4,50,2170.0,11.200000000000045
2,300.7,310.7,1347,46.5,183,8509.5,10.0
1,302.7,312.1,1688,32.0,155,4960.0,9.400000000000034
1,297.3,308.5,1514,44.5,177,7876.5,11.199999999999989
1,297.8,308.4,1622,38.3,134,5132.2,10.599999999999966
1,297.8,308.8,1579,32.9,70,2303.0,11.0
1,300.7,310.1,1565,40.2,81,3256.2000000000003,9.400000000000034
0,299.5,309.4,1386,44.4,154,6837.599999999999,9.899999999999977
2,303.7,312.7,1612,36.3,200,7259.999999999999,9.0
1,300.1,311.3,1547,40.0,201,8040.0,11.199999999999989
2,301.6,310.7,1457,47.8,7,334.59999999999997,9.099999999999966
2,302.1,310.0,1531,38.0,161,6118.0,7.899999999999977
1,298.5,308.6,1522,36.9,53,1955.6999999999998,10.100000000000023
1,298.7,309.9,1464,38.0,74,2812.0,11.199999999999989
2,300.5,309.7,1685,29.4,140,4116.0,9.199999999999989
2,303.7,312.8,1634,33.8,63,2129.3999999999996,9.100000000000023
0,301.3,310.8,1434,39.5,18,711.0,9.5
1,298.7,309.1,1607,32.7,2,65.4,10.400000000000034
0,303.4,311.8,1693,28.3,175,4952.5,8.400000000000034
2,299.2,308.5,1474,47.2,132,6230.400000000001,9.300000000000011
1,300.3,309.9,1527,41.4,2,82.8,9.599999999999966
1,300.0,311.4,1634,31.9,0,0.0,11.399999999999977
2,298.5,309.3,1615,31.8,23,731.4,10.800000000000011
2,299.0,308.9,1526,41.1,20,822.0,9.899999999999977
2,296.9,308.0,1497,44.8,57,2553.6,11.100000000000023
2,301.9,310.9,1317,51.9,40,2076.0,9.0
1,299.8,309.0,1567,36.1,95,3429.5,9.199999999999989
1,302.8,310.9,1312,52.2,40,2088.0,8.099999999999966
1,300.6,312.0,1406,55.1,136,7493.6,11.399999999999977
1,299.0,309.4,1693,30.1,84,2528.4,10.399999999999977
1,301.3,310.6,1376,47.6,45,2142.0,9.300000000000011
1,301.3,310.4,1501,41.6,192,7987.200000000001,9.099999999999966
1,297.5,309.1,1515,35.1,213,7476.3,11.600000000000023
2,301.6,310.8,1548,34.2,143,4890.6,9.199999999999989
1,301.3,310.3,1560,36.3,129,4682.7,9.0
2,297.0,308.1,1507,43.1,51,2198.1,11.100000000000023
1,302.4,310.4,1456,47.6,127,6045.2,8.0
1,297.0,307.8,1316,61.2,200,12240.0,10.800000000000011
1,300.1,311.5,1549,34.7,189,6558.3,11.399999999999977
1,297.1,308.0,1348,58.0,162,9396.0,10.899999999999977
0,297.6,308.3,1400,44.3,43,1904.8999999999999,10.699999999999989
1,300.7,311.2,1486,46.8,56,2620.7999999999997,10.5
1,298.1,308.7,1671,28.8,41,1180.8,10.599999999999966
1,302.2,311.4,1430,43.1,29,1249.9,9.199999999999989
1,297.8,307.4,1418,41.2,155,6386.0,9.599999999999966
1,297.3,308.4,1491,46.5,29,1348.5,11.099999999999966
2,302.1,311.5,1341,50.8,99,5029.2,9.399999999999977
2,298.9,309.8,1363,50.6,115,5819.0,10.900000000000034
1,300.5,311.7,1409,54.7,104,5688.8,11.199999999999989
1,301.3,310.0,1506,40.8,11,448.79999999999995,8.699999999999989
1,300.9,310.4,1541,39.1,17,664.7,9.5
2,298.7,308.5,1360,52.9,69,3650.1,9.800000000000011
2,300.2,309.4,1329,53.6,186,9969.6,9.199999999999989
1,297.4,308.4,1582,37.2,68,2529.6000000000004,11.0
1,298.7,309.8,1365,50.5,111,5605.5,11.100000000000023
2,297.3,308.3,1459,59.6,207,12337.2,11.0
2,302.8,312.3,1416,42.7,241,10290.7,9.5
1,297.4,309.2,1698,29.4,119,3498.6,11.800000000000011
1,299.8,311.2,1564,40.0,172,6880.0,11.399999999999977
2,302.6,311.4,1757,29.5,151,4454.5,8.799999999999955
0,298.3,309.3,1529,41.7,5,208.5,11.0
2,297.9,307.9,1336,54.4,82,4460.8,10.0
2,302.3,311.3,1444,43.1,115,4956.5,9.0
1,297.8,307.8,1383,56.5,98,5537.0,10.0
2,300.9,310.7,1362,51.6,212,10939.2,9.800000000000011
2,297.8,308.4,1579,36.6,152,5563.2,10.599999999999966
2,299.8,311.0,1948,20.0,185,3700.0,11.199999999999989
1,300.0,309.0,2174,16.9,112,1892.7999999999997,9.0
0,300.2,309.3,1342,48.7,68,3311.6000000000004,9.100000000000023
2,298.1,308.0,1374,48.8,156,7612.799999999999,9.899999999999977
2,298.0,308.6,1376,55.7,214,11919.800000000001,10.600000000000023
1,300.7,311.7,1499,38.4,205,7872.0,11.0
2,299.0,309.0,1804,26.8,17,455.6,10.0
1,302.4,310.4,1666,29.7,125,3712.5,8.0
1,300.9,310.8,1701,30.4,55,1672.0,9.900000000000034
1,298.7,309.9,1621,34.1,130,4433.0,11.199999999999989
1,302.0,309.8,1532,39.4,2,78.8,7.800000000000011
2,297.4,308.5,1465,55.9,153,8552.699999999999,11.100000000000023
1,298.2,308.3,1568,36.0,92,3312.0,10.100000000000023
2,300.6,309.5,1492,34.0,144,4896.0,8.899999999999977
0,295.6,306.0,1396,52.4,0,0.0,10.399999999999977
2,299.7,309.1,1603,38.5,170,6545.0,9.400000000000034
2,299.5,309.0,1701,28.6,98,2802.8,9.5
0,299.8,309.3,1595,32.1,183,5874.3,9.5
0,302.6,310.4,1614,36.0,74,2664.0,7.7999999999999545
1,302.0,310.5,2197,15.8,133,2101.4,8.5
0,299.0,310.1,2053,19.7,137,2698.9,11.100000000000023
1,301.8,310.6,1403,46.8,151,7066.799999999999,8.800000000000011
1,297.3,308.2,1754,29.4,123,3616.2,10.899999999999977
2,297.5,309.2,1804,27.4,215,5891.0,11.699999999999989
1,297.7,308.5,1501,41.4,201,8321.4,10.800000000000011
1,301.9,310.7,1370,50.3,20,1006.0,8.800000000000011
0,295.6,306.1,1623,30.9,210,6489.0,10.5
1,300.7,309.5,1541,37.2,48,1785.6000000000001,8.800000000000011
2,301.5,310.6,1424,47.0,26,1222.0,9.100000000000023
2,301.5,310.6,1403,47.4,34,1611.6,9.100000000000023
1,304.0,313.0,2012,21.1,115,2426.5,9.0
2,302.0,310.5,1639,32.9,94,3092.6,8.5
1,297.6,308.7,1365,50.6,143,7235.8,11.099999999999966
1,299.8,309.5,1739,27.5,128,3520.0,9.699999999999989
1,303.2,311.2,1427,45.6,25,1140.0,8.0
1,301.3,310.0,1665,31.4,0,0.0,8.699999999999989
1,303.1,311.4,1829,24.5,159,3895.5,8.299999999999955
1,298.6,309.3,1677,31.2,180,5616.0,10.699999999999989
0,298.9,308.7,1500,41.6,187,7779.2,9.800000000000011
2,304.1,313.3,1494,39.0,49,1911.0,9.199999999999989
2,303.6,312.1,1967,20.9,2,41.8,8.5
2,299.3,309.1,1703,31.3,120,3756.0,9.800000000000011
1,302.1,311.2,1519,39.3,155,6091.5,9.099999999999966
1,302.0,310.8,1383,50.3,231,11619.3,8.800000000000011
2,302.2,311.2,1347,49.8,94,4681.2,9.0
2,302.0,311.2,1418,49.5,17,841.5,9.199999999999989
2,298.1,308.8,1811,25.4,147,3733.7999999999997,10.699999999999989
1,299.4,309.1,1645,28.6,57,1630.2,9.700000000000045
2,302.4,311.9,1439,36.6,212,7759.200000000001,9.5
1,299.0,310.1,1470,40.3,83,3344.8999999999996,11.100000000000023
1,298.5,309.5,1561,34.8,35,1218.0,11.0
0,301.2,310.6,1457,50.5,114,5757.0,9.400000000000034
1,295.7,306.3,1915,22.4,79,1769.6,10.600000000000023
1,299.1,308.3,1431,52.3,38,1987.3999999999999,9.199999999999989
1,299.1,310.3,1619,35.2,240,8448.0,11.199999999999989
1,300.0,310.5,1517,42.2,186,7849.200000000001,10.5
1,300.5,311.6,1385,54.8,173,9480.4,11.100000000000023
1,298.2,308.4,1379,43.1,65,2801.5,10.199999999999989
2,297.0,308.0,1408,47.9,54,2586.6,11.0
1,304.0,312.9,1363,62.5,200,12500.0,8.899999999999977
1,298.9,310.1,1401,44.4,76,3374.4,11.200000000000045
1,299.7,309.1,1715,27.8,192,5337.6,9.400000000000034
2,300.8,309.7,1519,39.7,16,635.2,8.899999999999977
2,300.0,310.2,1443,58.7,68,3991.6000000000004,10.199999999999989
0,300.4,309.6,1416,43.3,66,2857.7999999999997,9.200000000000045
1,299.7,309.6,1419,45.1,170,7667.0,9.900000000000034
1,298.9,310.3,1583,32.6,230,7498.0,11.400000000000034
2,299.3,308.8,1648,28.4,188,5339.2,9.5
2,302.2,311.5,1863,25.7,85,2184.5,9.300000000000011
1,299.7,310.9,1477,40.4,83,3353.2,11.199999999999989
1,299.2,309.0,1615,33.7,193,6504.1,9.800000000000011
2,297.3,308.1,1709,30.6,196,5997.6,10.800000000000011
2,301.5,310.5,1600,32.8,205,6723.999999999999,9.0
1,300.9,310.0,1671,26.8,199,5333.2,9.100000000000023
1,299.5,309.1,1476,47.8,223,10659.4,9.600000000000023
1,298.1,307.5,1391,57.4,161,9241.4,9.399999999999977
1,301.2,309.9,1687,29.7,30,891.0,8.699999999999989
1,301.1,311.2,1564,37.0,165,6105.0,10.099999999999966
1,299.1,310.5,1739,27.4,72,1972.8,11.399999999999977
1,298.7,308.5,1483,42.5,46,1955.0,9.800000000000011
2,298.8,309.8,1551,36.6,15,549.0,11.0
1,300.7,309.7,1598,33.7,149,5021.3,9.0
2,298.9,309.8,2450,13.9,89,1237.1000000000001,10.900000000000034
1,300.1,309.6,1642,34.5,53,1828.5,9.5
1,300.6,310.6,1514,39.5,87,3436.5,10.0
2,298.9,310.6,1720,25.3,197,4984.1,11.700000000000045
1,299.1,308.9,1467,47.2,218,10289.6,9.799999999999955
0,300.6,309.6,1888,20.5,133,2726.5,9.0
1,300.4,309.8,1314,63.1,146,9212.6,9.400000000000034
1,300.9,312.1,1474,42.4,171,7250.4,11.200000000000045
1,298.9,309.1,1369,44.4,198,8791.199999999999,10.200000000000045
2,298.9,309.0,1924,22.6,193,4361.8,10.100000000000023
1,302.4,311.1,1520,42.2,143,6034.6,8.700000000000045
1,297.9,307.6,1589,37.8,120,4536.0,9.700000000000045
1,300.0,311.2,1629,31.7,62,1965.3999999999999,11.199999999999989
1,299.2,308.5,1340,50.0,144,7200.0,9.300000000000011
1,298.6,309.6,1387,57.6,50,2880.0,11.0
1,304.0,313.0,2354,15.0,117,1755.0,9.0
1,297.9,309.1,1504,43.0,4,172.0,11.200000000000045
1,300.8,310.0,1468,52.7,178,9380.6,9.199999999999989
1,297.6,308.6,1526,42.1,57,2399.7000000000003,11.0
2,297.2,308.3,1429,42.0,6,252.0,11.100000000000023
1,297.9,308.8,1613,31.4,57,1789.8,10.900000000000034
1,303.0,311.3,1365,56.2,146,8205.2,8.300000000000011
1,302.2,311.5,1725,34.0,170,5780.0,9.300000000000011
1,301.5,310.7,1423,44.0,222,9768.0,9.199999999999989
2,301.0,311.5,1530,43.9,165,7243.5,10.5
1,303.0,311.2,1494,37.0,67,2479.0,8.199999999999989
1,299.0,308.6,1378,47.8,163,7791.4,9.600000000000023
1,301.9,310.4,1708,24.8,17,421.6,8.5
1,298.9,308.6,1522,46.4,2,92.8,9.700000000000045
2,298.4,309.2,1597,33.5,116,3886.0,10.800000000000011
1,303.8,312.7,1461,38.2,188,7181.6,8.899999999999977
1,297.7,309.6,1529,35.2,153,5385.6,11.900000000000034
1,303.6,312.7,1418,44.1,118,5203.8,9.099999999999966
2,297.6,308.5,1360,48.6,77,3742.2000000000003,10.899999999999977
2,301.7,310.3,1787,26.7,33,881.1,8.600000000000023
1,297.9,307.6,1430,52.4,178,9327.199999999999,9.700000000000045
2,300.8,310.6,1669,28.4,79,2243.6,9.800000000000011
1,302.2,311.1,1447,52.1,174,9065.4,8.900000000000034
2,300.5,309.9,1994,19.8,189,3742.2000000000003,9.399999999999977
0,298.5,308.7,1450,43.9,28,1229.2,10.199999999999989
2,298.7,309.9,1654,29.1,195,5674.5,11.199999999999989
1,296.8,308.0,1391,54.4,17,924.8,11.199999999999989
1,301.1,310.2,1455,55.3,9,497.7,9.099999999999966
1,301.8,310.5,1593,34.9,139,4851.099999999999,8.699999999999989
0,300.6,310.5,1519,37.0,91,3367.0,9.899999999999977
1,302.0,311.0,1563,36.2,8,289.6,9.0
1,297.8,309.7,1341,49.2,208,10233.6,11.899999999999977
1,298.8,309.8,1509,36.2,57,2063.4,11.0
1,297.5,308.8,1587,34.9,166,5793.4,11.300000000000011
2,297.8,307.4,1488,36.1,57,2057.7000000000003,9.599999999999966
2,298.2,309.0,1446,45.8,80,3664.0,10.800000000000011
1,300.9,310.8,1493,45.8,57,2610.6,9.900000000000034
1,297.3,308.6,1273,59.8,182,10883.6,11.300000000000011
1,300.7,310.5,1448,38.2,218,8327.6,9.800000000000011
1,298.8,310.0,1389,49.6,149,7390.400000000001,11.199999999999989
1,297.4,309.2,1459,37.9,191,7238.9,11.800000000000011
1,298.9,309.0,1410,65.7,191,12548.7,10.100000000000023
1,302.5,311.8,1335,52.7,135,7114.5,9.300000000000011
2,298.2,307.8,1583,36.6,185,6771.0,9.600000000000023
1,298.2,308.2,1446,38.2,61,2330.2000000000003,10.0
2,304.2,313.5,1437,47.2,102,4814.400000000001,9.300000000000011
1,300.4,311.2,1436,56.8,173,9826.4,10.800000000000011
1,300.0,309.1,1882,23.8,84,1999.2,9.100000000000023
1,300.9,310.2,1382,50.4,131,6602.4,9.300000000000011
1,302.6,312.0,1781,28.5,196,5586.0,9.399999999999977
1,299.2,308.4,1465,35.0,201,7035.0,9.199999999999989
1,301.8,310.6,1192,68.9,135,9301.5,8.800000000000011
1,297.3,308.7,1467,36.8,216,7948.799999999999,11.399999999999977
0,299.7,309.6,1433,49.6,129,6398.400000000001,9.900000000000034
2,296.6,307.4,1544,42.3,170,7190.999999999999,10.799999999999955
1,301.0,311.4,1573,37.6,103,3872.8,10.399999999999977
1,297.4,308.6,1411,46.3,138,6389.4,11.200000000000045
2,297.4,308.7,1382,49.9,151,7534.9,11.300000000000011
1,298.7,309.5,1673,30.8,141,4342.8,10.800000000000011
1,304.2,313.5,1438,50.1,100,5010.0,9.300000000000011
1,300.5,309.3,1373,48.8,211,10296.8,8.800000000000011
1,302.4,311.1,1484,45.9,169,7757.099999999999,8.700000000000045
1,298.1,308.6,1527,40.2,16,643.2,10.5
2,298.7,309.2,1437,45.7,195,8911.5,10.5
1,303.5,312.4,1340,44.5,76,3382.0,8.899999999999977
1,300.3,311.4,1759,24.8,34,843.2,11.099999999999966
1,299.8,309.4,1408,45.6,156,7113.6,9.599999999999966
1,299.2,308.5,1378,50.4,220,11088.0,9.300000000000011
2,299.1,308.8,1725,26.6,172,4575.2,9.699999999999989
1,298.9,308.9,1453,40.8,11,448.79999999999995,10.0
0,299.1,309.9,1443,40.3,0,0.0,10.799999999999955
1,295.8,306.6,1644,35.2,115,4048.0000000000005,10.800000000000011
2,298.4,308.5,1576,27.4,55,1507.0,10.100000000000023
1,302.1,310.8,1596,37.1,43,1595.3,8.699999999999989
2,300.8,312.2,1664,25.7,150,3855.0,11.399999999999977
0,298.4,308.7,1344,52.9,130,6877.0,10.300000000000011
1,297.7,307.5,1379,43.3,111,4806.299999999999,9.800000000000011
1,298.3,308.9,1348,55.5,102,5661.0,10.599999999999966
1,300.9,311.0,1432,48.1,59,2837.9,10.100000000000023
1,299.2,308.9,1526,37.9,177,6708.3,9.699999999999989
1,300.8,312.3,1435,44.8,134,6003.2,11.5
2,303.4,311.7,1515,44.2,168,7425.6,8.300000000000011
1,301.9,309.6,1410,49.0,223,10927.0,7.7000000000000455
2,298.2,308.7,1361,44.2,0,0.0,10.5
1,298.7,310.2,1436,47.5,32,1520.0,11.5
2,302.4,311.4,1534,40.1,41,1644.1000000000001,9.0
1,300.6,310.7,1543,39.6,60,2376.0,10.099999999999966
1,297.4,308.3,1395,48.7,21,1022.7,10.900000000000034
1,302.7,310.5,1551,35.9,6,215.39999999999998,7.800000000000011
2,303.4,312.8,1518,38.7,103,3986.1000000000004,9.400000000000034
1,298.3,307.9,1551,33.8,72,2433.6,9.599999999999966
2,298.1,307.8,1514,43.5,78,3393.0,9.699999999999989
2,300.5,312.0,1985,19.3,143,2759.9,11.5
0,298.0,308.1,1440,43.7,37,1616.9,10.100000000000023
2,302.0,311.3,1530,36.4,27,982.8,9.300000000000011
2,298.4,309.1,1576,38.8,167,6479.599999999999,10.700000000000045
1,297.4,308.3,1801,26.9,11,295.9,10.900000000000034
1,298.4,308.8,1352,56.7,24,1360.8000000000002,10.400000000000034
0,303.9,312.7,1401,50.0,129,6450.0,8.800000000000011
1,300.7,310.2,1639,31.4,48,1507.1999999999998,9.5
1,299.6,310.8,1498,46.9,116,5440.4,11.199999999999989
1,298.2,307.9,1785,23.4,181,4235.4,9.699999999999989
2,300.7,309.6,1388,51.1,160,8176.0,8.900000000000034
1,299.2,308.4,1475,38.7,22,851.4000000000001,9.199999999999989
2,298.9,310.0,1520,35.6,48,1708.8000000000002,11.100000000000023
1,300.9,310.7,1517,41.7,210,8757.0,9.800000000000011
1,301.4,311.0,1701,28.4,127,3606.7999999999997,9.600000000000023
1,301.7,310.7,1641,31.9,192,6124.799999999999,9.0
1,299.3,308.7,1393,54.2,80,4336.0,9.399999999999977
0,298.1,309.0,1438,41.4,60,2484.0,10.899999999999977
0,299.1,310.1,1429,42.9,96,4118.4,11.0
0,301.5,310.5,1538,44.3,43,1904.8999999999999,9.0
0,297.3,308.3,1506,37.0,54,1998.0,11.0
2,298.3,309.6,1469,54.8,191,10466.8,11.300000000000011
1,297.9,307.8,1373,50.2,130,6526.0,9.900000000000034
2,298.1,308.7,1527,43.0,56,2408.0,10.599999999999966
2,296.8,307.5,1470,45.9,132,6058.8,10.699999999999989
1,300.7,311.0,1462,41.9,126,5279.4,10.300000000000011
2,297.8,307.4,1752,26.1,52,1357.2,9.599999999999966
1,297.6,309.1,1394,50.0,62,3100.0,11.5
1,298.6,309.9,1593,37.4,47,1757.8,11.299999999999955
2,298.0,307.8,1492,40.2,197,7919.400000000001,9.800000000000011
2,298.7,309.7,1629,27.9,136,3794.3999999999996,11.0
1,302.7,310.7,1597,41.9,15,628.5,8.0
1,298.8,308.4,1473,41.1,128,5260.8,9.599999999999966
2,299.2,308.8,1503,37.4,109,4076.6,9.600000000000023
2,299.6,310.9,1474,39.7,64,2540.8,11.299999999999955
1,300.8,310.3,1538,36.1,198,7147.8,9.5
2,298.4,309.2,1399,45.2,125,5650.0,10.800000000000011
2,297.3,308.3,1501,38.2,2,76.4,11.0
2,299.3,308.7,1459,35.6,87,3097.2000000000003,9.399999999999977
1,300.2,309.5,1729,28.4,131,3720.3999999999996,9.300000000000011
1,297.3,308.2,1754,26.8,125,3350.0,10.899999999999977
1,299.0,310.0,1672,33.2,144,4780.8,11.0
2,298.3,309.4,1816,22.6,138,3118.8,11.099999999999966
1,298.3,307.6,1942,20.6,176,3625.6000000000004,9.300000000000011
1,297.5,308.6,1352,52.6,12,631.2,11.100000000000023
1,299.1,310.4,1550,43.9,79,3468.1,11.299999999999955
2,302.2,311.7,1576,34.0,28,952.0,9.5
0,302.5,310.4,1422,41.9,156,6536.4,7.899999999999977
1,304.2,313.4,1639,32.7,63,2060.1000000000004,9.199999999999989
1,300.6,311.9,1372,60.1,212,12741.2,11.299999999999955
2,301.7,310.5,1458,41.4,153,6334.2,8.800000000000011
1,298.1,308.9,1313,50.6,108,5464.8,10.799999999999955
1,297.8,307.8,1597,38.2,11,420.20000000000005,10.0
1,300.9,310.9,1477,41.5,100,4150.0,10.0
1,300.3,309.4,1470,33.5,148,4958.0,9.099999999999966
2,303.8,312.6,1684,29.3,167,4893.1,8.800000000000011
1,298.8,309.7,1336,50.3,44,2213.2,10.899999999999977
1,302.2,311.5,1413,43.5,83,3610.5,9.300000000000011
1,300.4,309.9,1435,54.8,70,3836.0,9.5
0,302.6,310.3,1721,27.4,79,2164.6,7.699999999999989
1,299.7,311.2,1352,52.1,176,9169.6,11.5
2,303.7,312.9,1511,41.0,33,1353.0,9.199999999999989
1,297.5,308.6,1694,27.1,36,975.6,11.100000000000023
1,302.3,310.1,1513,40.4,22,888.8,7.800000000000011
2,298.0,307.8,1483,50.9,26,1323.3999999999999,9.800000000000011
1,302.3,310.2,1394,55.4,57,3157.7999999999997,7.899999999999977
1,301.5,310.5,1435,44.6,135,6021.0,9.0
1,304.2,313.4,1740,28.2,78,2199.6,9.199999999999989
1,296.9,307.9,1626,29.9,177,5292.3,11.0
1,303.4,312.8,1449,43.9,94,4126.599999999999,9.400000000000034
1,299.1,310.4,1527,44.0,149,6556.0,11.299999999999955
1,298.1,307.8,1379,49.1,135,6628.5,9.699999999999989
1,296.4,307.4,1512,36.8,46,1692.8,11.0
2,296.8,307.4,1455,49.9,102,5089.8,10.599999999999966
2,301.6,311.2,1415,46.5,82,3813.0,9.599999999999966
1,300.0,311.5,1666,32.0,128,4096.0,11.5
1,302.2,311.2,1630,36.0,169,6084.0,9.0
1,297.8,307.5,1631,29.9,144,4305.599999999999,9.699999999999989
1,297.3,307.8,1385,44.4,169,7503.599999999999,10.5
2,300.1,309.1,1731,30.4,92,2796.7999999999997,9.0
2,301.0,309.6,1397,48.0,135,6480.0,8.600000000000023
2,297.1,308.1,1352,44.4,0,0.0,11.0
1,297.3,308.7,1592,34.4,158,5435.2,11.399999999999977
2,296.1,307.2,1619,29.7,17,504.9,11.099999999999966
1,301.4,311.0,1470,40.6,86,3491.6,9.600000000000023
1,300.6,309.8,1629,37.6,162,6091.2,9.199999999999989
1,301.6,310.4,1561,35.3,156,5506.799999999999,8.799999999999955
0,298.8,309.8,1911,21.6,126,2721.6000000000004,11.0
2,298.7,309.6,1382,48.1,186,8946.6,10.900000000000034
1,301.5,310.6,1357,42.1,212,8925.2,9.100000000000023
1,300.6,309.4,1471,44.1,244,10760.4,8.799999999999955
1,298.6,309.9,1461,45.7,49,2239.3,11.299999999999955
1,303.7,312.7,1468,43.3,168,7274.4,9.0
1,299.1,310.6,1602,39.7,144,5716.8,11.5
1,302.0,310.4,1591,29.8,105,3129.0,8.399999999999977
0,296.9,308.0,1318,53.5,88,4708.0,11.100000000000023
2,300.8,309.9,1444,46.0,180,8280.0,9.099999999999966
2,304.1,313.2,1427,46.9,123,5768.7,9.099999999999966
2,303.3,311.8,1489,49.4,64,3161.6,8.5
1,301.8,311.3,1551,35.8,61,2183.7999999999997,9.5
1,300.8,310.6,1577,37.9,227,8603.3,9.800000000000011
2,297.7,309.5,2027,19.8,39,772.2,11.800000000000011
1,299.3,308.6,1384,53.6,218,11684.800000000001,9.300000000000011
1,300.9,310.9,1755,27.9,148,4129.2,10.0
1,299.3,308.5,1409,44.8,91,4076.7999999999997,9.199999999999989
1,298.0,308.6,1481,42.5,54,2295.0,10.600000000000023
1,298.8,309.8,1599,33.6,131,4401.6,11.0
1,300.7,309.6,1505,34.9,7,244.29999999999998,8.900000000000034
1,298.1,307.6,1364,53.8,129,6940.2,9.5
0,302.4,310.1,1597,28.9,179,5173.099999999999,7.7000000000000455
2,299.4,310.0,1512,43.2,47,2030.4,10.600000000000023
2,298.8,308.6,1486,41.9,92,3854.7999999999997,9.800000000000011
1,302.5,311.6,1400,54.0,196,10584.0,9.100000000000023
1,300.3,310.3,1704,29.5,0,0.0,10.0
1,302.4,311.4,1564,35.0,122,4270.0,9.0
1,297.6,309.4,1326,49.8,199,9910.199999999999,11.799999999999955
1,297.4,308.4,1434,39.9,2,79.8,11.0
1,300.4,309.8,1395,48.1,201,9668.1,9.400000000000034
1,299.9,309.5,1772,23.5,167,3924.5,9.600000000000023
1,302.1,310.1,1753,28.9,176,5086.4,8.0
1,303.0,312.7,2024,19.9,102,2029.8,9.699999999999989
1,302.0,311.2,1845,27.3,45,1228.5,9.199999999999989
2,299.0,310.2,1628,35.8,64,2291.2,11.199999999999989
2,300.2,309.5,1564,33.4,183,6112.2,9.300000000000011
1,300.7,310.3,1533,35.6,198,7048.8,9.600000000000023
1,300.4,310.0,1282,66.1,40,2644.0,9.600000000000023
2,299.6,309.2,1867,23.4,225,5265.0,9.599999999999966
1,298.4,308.6,1591,36.7,122,4477.400000000001,10.200000000000045
1,303.8,312.5,1368,52.6,123,6469.8,8.699999999999989
1,300.9,310.7,1352,46.4,212,9836.8,9.800000000000011
1,298.9,309.9,1373,52.1,108,5626.8,11.0
1,302.5,310.4,1427,46.8,179,8377.199999999999,7.899999999999977
0,304.0,312.9,1495,46.6,0,0.0,8.899999999999977
2,302.6,310.4,1451,43.1,35,1508.5,7.7999999999999545
2,304.2,313.6,1512,33.4,146,4876.4,9.400000000000034
1,298.9,309.9,1526,35.4,96,3398.3999999999996,11.0
1,297.9,307.7,1590,34.6,57,1972.2,9.800000000000011
0,302.5,311.1,1850,23.3,203,4729.900000000001,8.600000000000023
1,303.5,312.0,1756,29.7,28,831.6,8.5
2,304.3,313.6,1489,40.3,196,7898.799999999999,9.300000000000011
2,302.7,312.2,1439,42.5,164,6970.0,9.5
2,303.9,313.1,1343,61.4,14,859.6,9.200000000000045
1,299.2,309.1,1345,60.7,191,11593.7,9.900000000000034
2,299.5,309.2,1314,61.8,45,2781.0,9.699999999999989
2,300.4,311.9,1335,58.3,9,524.6999999999999,11.5
1,304.3,313.5,1464,36.7,194,7119.8,9.199999999999989
0,302.3,311.4,1372,46.0,86,3956.0,9.099999999999966
1,304.4,313.7,1607,33.5,5,167.5,9.300000000000011
1,304.2,313.4,1740,23.7,86,2038.2,9.199999999999989
1,298.2,308.4,1666,34.6,74,2560.4,10.199999999999989
1,298.5,308.2,1301,66.3,42,2784.6,9.699999999999989
1,300.7,310.3,1458,40.0,207,8280.0,9.600000000000023
2,301.5,310.1,1468,40.8,32,1305.6,8.600000000000023
1,296.3,307.4,1760,28.4,56,1590.3999999999999,11.099999999999966
2,296.5,307.4,1350,55.6,69,3836.4,10.899999999999977
0,297.6,309.6,1669,32.1,155,4975.5,12.0
0,301.0,311.3,1597,39.2,66,2587.2000000000003,10.300000000000011
1,298.7,310.0,1637,31.8,42,1335.6000000000001,11.300000000000011
2,298.1,308.2,1342,48.1,54,2597.4,10.099999999999966
2,301.5,310.8,1628,36.4,167,6078.8,9.300000000000011
2,300.9,310.4,1375,44.7,87,3888.9,9.5
1,300.8,312.0,1382,49.3,177,8726.1,11.199999999999989
1,298.4,309.6,1655,30.2,146,4409.2,11.200000000000045
1,298.2,308.9,1444,53.1,83,4407.3,10.699999999999989
2,300.8,309.5,1481,44.5,49,2180.5,8.699999999999989
0,298.2,308.8,1470,43.3,61,2641.2999999999997,10.600000000000023
1,298.6,308.4,1397,46.4,36,1670.3999999999999,9.799999999999955
1,297.5,309.4,1503,40.6,144,5846.400000000001,11.899999999999977
2,298.6,309.4,1464,36.9,179,6605.099999999999,10.799999999999955
1,299.3,309.2,1511,37.2,129,4798.8,9.899999999999977
2,299.4,310.8,1628,40.2,111,4462.200000000001,11.400000000000034
0,298.2,309.0,1562,37.7,36,1357.2,10.800000000000011
1,298.8,309.1,1393,52.6,167,8784.2,10.300000000000011
1,299.0,310.1,1416,45.9,47,2157.2999999999997,11.100000000000023
1,301.4,311.1,1494,41.9,142,5949.8,9.700000000000045
1,297.9,307.8,1665,33.9,102,3457.7999999999997,9.900000000000034
0,300.7,310.6,1505,40.6,179,7267.400000000001,9.900000000000034
1,299.0,309.5,1861,23.3,73,1700.9,10.5
2,303.4,311.9,1510,42.2,36,1519.2,8.5
1,296.6,307.6,1809,25.1,86,2158.6,11.0
1,298.1,308.5,1665,29.6,20,592.0,10.399999999999977
2,303.6,312.7,1699,31.5,105,3307.5,9.099999999999966
0,304.0,313.1,1388,53.2,91,4841.2,9.100000000000023
2,298.6,308.3,1589,34.1,174,5933.400000000001,9.699999999999989
0,297.6,308.4,1703,31.4,205,6437.0,10.799999999999955
2,300.0,311.4,1692,29.0,216,6264.0,11.399999999999977
0,300.2,311.6,1496,41.1,60,2466.0,11.400000000000034
2,297.7,308.1,2189,15.6,186,2901.6,10.400000000000034
2,301.8,310.8,1365,48.2,199,9591.800000000001,9.0
1,300.1,310.6,1809,24.3,97,2357.1,10.5
1,299.7,309.3,1434,38.5,127,4889.5,9.600000000000023
1,299.9,309.4,1467,41.2,20,824.0,9.5
2,296.8,307.8,1694,33.0,115,3795.0,11.0
1,300.5,311.7,1445,44.8,83,3718.3999999999996,11.199999999999989
1,300.0,311.3,1703,30.4,85,2584.0,11.300000000000011
1,300.2,311.6,1372,49.2,195,9594.0,11.400000000000034
1,298.8,308.6,1872,22.5,82,1845.0,9.800000000000011
1,299.8,309.5,1495,39.6,10,396.0,9.699999999999989
1,298.5,308.7,1609,35.3,117,4130.099999999999,10.199999999999989
1,301.0,310.8,1975,19.7,17,334.9,9.800000000000011
1,302.1,310.5,1389,49.6,169,8382.4,8.399999999999977
2,302.3,311.4,1345,47.6,67,3189.2000000000003,9.099999999999966
2,298.5,309.6,1572,33.0,127,4191.0,11.100000000000023
1,300.7,311.0,1377,49.9,124,6187.599999999999,10.300000000000011
1,300.3,310.3,1345,46.3,50,2315.0,10.0
2,296.9,307.8,1477,37.2,160,5952.0,10.900000000000034
0,301.3,310.6,1527,44.0,114,5016.0,9.300000000000011
1,302.4,310.3,1520,31.6,121,3823.6000000000004,7.900000000000034
1,300.9,312.2,1811,23.2,72,1670.3999999999999,11.300000000000011
1,304.2,313.3,1410,51.6,47,2425.2000000000003,9.100000000000023
2,302.0,311.5,1366,52.3,54,2824.2,9.5
2,298.0,309.0,1562,39.2,155,6076.0,11.0
0,297.2,308.0,1435,43.0,202,8686.0,10.800000000000011
1,300.4,311.8,1601,36.1,0,0.0,11.400000000000034
1,299.0,308.6,1653,31.7,100,3170.0,9.600000000000023
1,300.1,310.5,1494,44.2,117,5171.400000000001,10.399999999999977
1,301.3,310.6,1521,36.3,166,6025.799999999999,9.300000000000011
1,297.3,308.7,1549,36.1,218,7869.8,11.399999999999977
2,303.5,312.6,1405,51.6,62,3199.2000000000003,9.100000000000023
2,299.7,309.2,1597,32.9,135,4441.5,9.5
1,299.7,309.1,1417,50.1,187,9368.7,9.400000000000034
2,297.3,308.7,1466,38.4,27,1036.8,11.399999999999977
1,297.8,308.8,1548,36.9,64,2361.6,11.0
1,300.7,310.8,1563,33.8,104,3515.2,10.100000000000023
0,299.3,309.1,1552,40.7,120,4884.0,9.800000000000011
1,297.1,308.1,1633,33.3,192,6393.599999999999,11.0
1,302.8,312.2,1682,30.9,58,1792.1999999999998,9.399999999999977
0,301.5,310.5,1551,34.3,166,5693.799999999999,9.0
1,295.6,306.0,1370,52.4,115,6026.0,10.399999999999977
1,297.6,309.6,1501,49.8,222,11055.599999999999,12.0
1,297.9,307.6,1503,40.7,124,5046.8,9.700000000000045
1,300.5,309.3,1574,33.5,101,3383.5,8.800000000000011
1,300.4,311.3,1608,35.1,114,4001.4,10.900000000000034
0,298.0,309.2,1520,37.9,89,3373.1,11.199999999999989
0,303.6,312.6,1498,40.2,155,6231.0,9.0
1,298.0,307.7,1529,34.1,11,375.1,9.699999999999989
2,297.6,308.6,1254,45.8,31,1419.8,11.0
2,300.7,311.1,1438,46.6,103,4799.8,10.400000000000034
2,299.2,309.0,1541,36.3,104,3775.2,9.800000000000011
2,299.8,309.6,1434,48.0,82,3936.0,9.800000000000011
1,300.6,311.8,1471,41.4,39,1614.6,11.199999999999989
1,300.3,309.2,1398,54.4,198,10771.199999999999,8.899999999999977
2,299.1,310.3,1441,43.9,94,4126.599999999999,11.199999999999989
1,298.2,309.1,1429,48.5,164,7954.0,10.900000000000034
1,300.4,309.3,1413,50.3,101,5080.299999999999,8.900000000000034
2,298.7,309.2,1410,45.6,47,2143.2000000000003,10.5
1,297.6,308.8,1475,43.0,119,5117.0,11.199999999999989
1,301.2,309.9,1449,45.5,23,1046.5,8.699999999999989
1,298.1,307.7,1523,37.7,80,3016.0,9.599999999999966
1,301.5,310.6,1374,46.7,32,1494.4,9.100000000000023
1,297.6,308.3,1595,34.3,41,1406.3,10.699999999999989
1,296.8,307.6,1513,40.0,130,5200.0,10.800000000000011
1,297.4,308.5,1410,43.9,47,2063.2999999999997,11.100000000000023
1,298.7,310.2,1404,50.3,54,2716.2,11.5
2,300.7,310.9,1468,41.8,112,4681.599999999999,10.199999999999989
1,297.2,308.3,1576,35.3,113,3988.8999999999996,11.100000000000023
1,297.9,309.0,1532,37.6,47,1767.2,11.100000000000023
1,298.2,307.9,1551,36.0,186,6696.0,9.699999999999989
1,298.7,309.6,1364,44.9,106,4759.4,10.900000000000034
1,297.3,308.1,1568,34.4,194,6673.599999999999,10.800000000000011
2,299.6,309.1,1560,37.1,73,2708.3,9.5
2,304.2,313.1,1608,31.1,20,622.0,8.900000000000034
1,301.3,310.8,1531,53.4,57,3043.7999999999997,9.5
1,298.4,309.9,1725,27.8,21,583.8000000000001,11.5
1,298.0,308.8,1757,29.1,71,2066.1,10.800000000000011
0,300.3,311.6,1427,56.2,8,449.6,11.300000000000011
2,300.4,310.5,1540,33.4,32,1068.8,10.100000000000023
2,298.1,308.9,1479,43.4,105,4557.0,10.799999999999955
2,297.4,308.4,1620,35.8,215,7696.999999999999,11.0
1,297.4,308.1,1729,31.7,204,6466.8,10.700000000000045
2,298.0,309.0,1409,49.1,85,4173.5,11.0
2,298.1,308.7,1581,47.4,51,2417.4,10.599999999999966
1,302.0,311.1,1402,47.8,182,8699.6,9.100000000000023
1,298.4,308.9,1638,32.4,109,3531.6,10.5
2,300.9,311.1,1325,61.4,88,5403.2,10.200000000000045
2,302.2,310.1,1368,51.6,12,619.2,7.900000000000034
1,301.3,310.8,1450,46.9,59,2767.1,9.5
1,300.6,312.0,1481,40.9,132,5398.8,11.399999999999977
1,298.4,308.1,1375,50.8,94,4775.2,9.700000000000045
1,296.8,307.9,1611,35.4,72,2548.7999999999997,11.099999999999966
0,298.5,308.2,1563,44.6,163,7269.8,9.699999999999989
1,297.1,308.4,1529,40.4,165,6666.0,11.299999999999955
1,301.4,310.7,1584,32.2,17,547.4000000000001,9.300000000000011
1,299.4,309.2,1607,31.7,145,4596.5,9.800000000000011
1,303.3,312.1,1418,44.7,83,3710.1000000000004,8.800000000000011
1,300.3,311.8,1567,37.7,180,6786.000000000001,11.5
2,299.3,309.1,1571,38.3,59,2259.7,9.800000000000011
2,299.1,308.9,1476,42.7,225,9607.5,9.799999999999955
2,297.9,307.6,1505,40.1,166,6656.6,9.700000000000045
1,303.8,313.0,1499,42.3,38,1607.3999999999999,9.199999999999989
1,298.8,309.9,1441,41.6,62,2579.2000000000003,11.099999999999966
0,302.6,310.4,1649,30.1,62,1866.2,7.7999999999999545
1,303.9,313.1,1665,29.6,0,0.0,9.200000000000045
1,300.9,311.0,1438,49.0,61,2989.0,10.100000000000023
2,302.3,311.8,1557,34.1,185,6308.5,9.5
2,300.6,310.7,1705,31.2,181,5647.2,10.099999999999966
0,299.3,308.6,1498,39.5,47,1856.5,9.300000000000011
1,297.5,308.5,1536,36.9,108,3985.2,11.0
1,296.4,307.2,1748,25.3,144,3643.2000000000003,10.800000000000011
1,300.7,310.9,1356,65.3,66,4309.8,10.199999999999989
0,300.7,311.0,1981,19.9,99,1970.1,10.300000000000011
0,299.3,310.0,1373,44.8,221,9900.8,10.699999999999989
2,297.9,307.6,1519,44.0,37,1628.0,9.700000000000045
2,299.2,308.7,1401,47.0,198,9306.0,9.5
1,300.4,312.0,1366,43.0,117,5031.0,11.600000000000023
1,302.1,310.8,1622,36.8,45,1655.9999999999998,8.699999999999989
2,298.1,307.4,1363,60.1,187,11238.7,9.299999999999955
0,303.6,312.4,1460,53.7,214,11491.800000000001,8.799999999999955
1,297.0,307.8,1609,35.6,193,6870.8,10.800000000000011
1,301.7,311.1,1399,55.1,156,8595.6,9.400000000000034
2,301.1,311.1,1470,40.6,159,6455.400000000001,10.0
1,299.1,310.4,1452,39.7,151,5994.700000000001,11.299999999999955
1,301.6,310.8,1726,26.7,150,4005.0,9.199999999999989
1,297.5,308.9,1427,50.4,17,856.8,11.399999999999977
1,300.9,311.3,1953,19.4,107,2075.7999999999997,10.400000000000034
1,297.9,307.5,1561,37.7,16,603.2,9.600000000000023
1,302.6,312.1,1502,47.3,171,8088.299999999999,9.5
0,300.5,312.0,1375,43.2,108,4665.6,11.5
2,299.8,310.6,1574,31.8,113,3593.4,10.800000000000011
1,297.6,309.0,1491,43.2,7,302.40000000000003,11.399999999999977
2,300.8,309.7,1680,28.2,189,5329.8,8.899999999999977
1,298.5,309.5,1385,46.3,203,9398.9,11.0
1,296.9,308.0,1658,41.0,74,3034.0,11.100000000000023
2,300.2,309.8,1743,24.1,18,433.8,9.600000000000023
2,297.9,307.4,1610,34.6,219,7577.400000000001,9.5
1,299.9,309.6,1254,61.3,124,7601.2,9.700000000000045
1,298.1,308.2,1390,47.5,33,1567.5,10.099999999999966
0,296.6,307.4,1406,41.5,189,7843.5,10.799999999999955
1,302.7,311.8,1461,46.1,10,461.0,9.100000000000023
1,297.9,308.5,1683,28.5,63,1795.5,10.600000000000023
2,300.0,309.9,1530,34.5,71,2449.5,9.899999999999977
1,298.4,309.7,1581,34.6,150,5190.0,11.300000000000011
1,299.1,308.3,1524,34.1,128,4364.8,9.199999999999989
1,295.6,306.1,1389,46.2,113,5220.6,10.5
1,296.3,307.3,1566,35.8,175,6264.999999999999,11.0
1,302.2,311.4,1477,41.7,15,625.5,9.199999999999989
2,300.2,309.4,1459,43.9,39,1712.1,9.199999999999989
2,301.9,310.9,2305,16.1,42,676.2,9.0
1,298.8,309.5,1368,44.7,147,6570.900000000001,10.699999999999989
0,298.7,308.6,1499,43.5,84,3654.0,9.900000000000034
1,299.6,310.8,1400,40.8,118,4814.4,11.199999999999989
1,297.2,308.5,1588,40.4,190,7676.0,11.300000000000011
1,299.8,309.6,1447,43.1,12,517.2,9.800000000000011
2,300.3,309.6,1488,41.3,172,7103.599999999999,9.300000000000011
0,297.8,307.3,1516,40.1,166,6656.6,9.5
1,298.3,308.9,1708,28.0,42,1176.0,10.599999999999966
2,299.5,308.8,1886,20.9,117,2445.2999999999997,9.300000000000011
2,299.2,309.0,1881,23.9,137,3274.2999999999997,9.800000000000011
1,300.7,310.7,1314,42.4,198,8395.199999999999,10.0
2,302.0,310.7,2157,17.8,17,302.6,8.699999999999989
1,298.8,309.1,1418,46.3,133,6157.9,10.300000000000011
1,297.5,309.3,1675,29.8,72,2145.6,11.800000000000011
2,298.8,310.2,1595,33.1,34,1125.4,11.399999999999977
1,300.8,309.4,1946,20.5,111,2275.5,8.599999999999966
0,298.8,309.2,1372,48.5,120,5820.0,10.399999999999977
1,299.0,310.4,1565,36.1,127,4584.7,11.399999999999977
0,298.2,308.4,1385,42.2,98,4135.6,10.199999999999989
2,297.3,308.8,1447,57.4,134,7691.599999999999,11.5
0,299.8,311.3,1785,25.4,139,3530.6,11.5
1,298.5,309.0,1450,40.5,199,8059.5,10.5
1,298.9,310.6,1585,38.1,7,266.7,11.700000000000045
2,298.2,308.9,1512,38.5,28,1078.0,10.699999999999989
1,300.1,309.7,1410,48.3,118,5699.4,9.599999999999966
0,297.2,308.5,1524,41.4,192,7948.799999999999,11.300000000000011
2,299.4,310.9,1446,47.3,12,567.5999999999999,11.5
2,302.2,311.4,1642,32.1,42,1348.2,9.199999999999989
1,298.2,308.2,1667,30.6,59,1805.4,10.0
1,299.9,310.0,1402,44.7,204,9118.800000000001,10.100000000000023
1,296.7,307.6,1474,41.7,148,6171.6,10.900000000000034
1,300.9,309.5,1612,35.2,124,4364.8,8.600000000000023
2,300.6,311.6,1669,29.2,200,5840.0,11.0
1,300.1,309.7,1485,45.9,100,4590.0,9.599999999999966
2,302.3,311.7,1341,46.3,194,8982.199999999999,9.399999999999977
1,303.8,312.7,1838,27.8,181,5031.8,8.899999999999977
1,297.5,309.3,1479,39.4,22,866.8,11.800000000000011
1,301.2,310.7,1644,31.6,166,5245.6,9.5
1,303.0,311.2,1374,48.2,65,3133.0,8.199999999999989
1,301.7,311.1,1469,37.2,128,4761.6,9.400000000000034
1,301.0,310.5,1378,44.4,83,3685.2,9.5
2,300.4,311.3,1350,56.5,31,1751.5,10.900000000000034
1,302.0,310.3,1648,29.6,157,4647.2,8.300000000000011
1,302.6,310.4,1415,52.1,12,625.2,7.7999999999999545
2,299.3,308.5,1422,43.1,186,8016.6,9.199999999999989
0,297.4,308.7,1349,48.9,120,5868.0,11.300000000000011
1,301.0,312.0,1518,39.3,196,7702.799999999999,11.0
2,298.8,310.3,1366,59.0,94,5546.0,11.5
1,297.5,308.5,1459,39.7,69,2739.3,11.0
1,296.9,307.5,1354,44.4,16,710.4,10.600000000000023
2,297.4,308.8,1628,37.4,144,5385.599999999999,11.400000000000034
0,296.9,308.0,1416,46.9,105,4924.5,11.100000000000023
1,302.8,312.4,1651,27.0,200,5400.0,9.599999999999966
1,299.1,308.6,1611,31.4,161,5055.4,9.5
1,298.0,307.6,1548,45.8,111,5083.799999999999,9.600000000000023
1,298.6,309.5,1325,52.2,127,6629.400000000001,10.899999999999977
1,303.2,311.4,1238,54.6,226,12339.6,8.199999999999989
1,299.0,308.9,1511,35.9,16,574.4,9.899999999999977
0,304.1,313.4,1696,29.6,65,1924.0,9.299999999999955
1,301.3,311.2,1457,44.5,14,623.0,9.899999999999977
1,297.5,308.9,1427,44.7,135,6034.5,11.399999999999977
2,300.9,312.0,1375,56.1,182,10210.2,11.100000000000023
1,297.1,308.5,1578,35.6,46,1637.6000000000001,11.399999999999977
1,301.4,310.4,1496,35.2,153,5385.6,9.0
0,300.5,310.5,1403,47.7,24,1144.8000000000002,10.0
1,300.3,309.2,1412,44.8,200,8960.0,8.899999999999977
1,304.1,313.2,1468,39.4,148,5831.2,9.099999999999966
2,298.2,308.3,1476,43.5,129,5611.5,10.100000000000023
1,298.6,309.6,1423,42.7,82,3501.4,11.0
1,296.0,306.7,1416,44.2,46,2033.2,10.699999999999989
1,300.5,311.6,1661,30.0,158,4740.0,11.100000000000023
1,299.0,308.1,1242,60.9,117,7125.3,9.100000000000023
1,301.5,310.9,1891,23.2,122,2830.4,9.399999999999977
2,300.6,309.3,1510,46.0,87,4002.0,8.699999999999989
1,297.5,308.7,1443,46.2,110,5082.0,11.199999999999989
1,300.3,311.6,1595,38.8,154,5975.2,11.300000000000011
1,300.7,312.2,1590,38.5,148,5698.0,11.5
1,302.2,311.5,1482,45.6,87,3967.2000000000003,9.300000000000011
0,300.8,310.3,1777,30.1,38,1143.8,9.5
1,298.4,308.0,1508,47.9,25,1197.5,9.600000000000023
2,302.1,311.0,1711,28.7,83,2382.1,8.899999999999977
1,297.2,308.5,2182,16.5,127,2095.5,11.300000000000011
2,298.7,308.5,1660,27.0,50,1350.0,9.800000000000011
0,297.5,308.8,1824,24.0,179,4296.0,11.300000000000011
1,300.9,312.0,1533,44.0,162,7128.0,11.100000000000023
2,297.3,308.4,1370,50.5,71,3585.5,11.099999999999966
2,303.6,311.8,1627,30.8,104,3203.2000000000003,8.199999999999989
1,298.1,307.8,1540,37.8,203,7673.4,9.699999999999989
1,298.3,308.5,1606,33.6,67,2251.2000000000003,10.199999999999989
1,298.4,309.3,1545,36.9,3,110.69999999999999,10.900000000000034
2,300.1,311.4,1617,39.3,47,1847.1,11.299999999999955
1,300.0,309.8,1372,39.6,105,4158.0,9.800000000000011
2,295.7,306.3,1685,34.9,84,2931.6,10.600000000000023
1,300.6,311.9,1425,44.9,224,10057.6,11.299999999999955
2,297.8,309.0,1576,45.0,17,765.0,11.199999999999989
2,302.4,310.1,1358,54.6,61,3330.6,7.7000000000000455
1,299.4,308.8,1627,32.6,124,4042.4,9.400000000000034
1,301.8,310.7,1441,49.3,58,2859.3999999999996,8.899999999999977
1,300.4,309.3,1671,35.0,209,7315.0,8.900000000000034
1,302.0,309.8,1480,40.0,199,7960.0,7.800000000000011
1,300.5,309.8,1421,49.6,211,10465.6,9.300000000000011
2,300.2,311.6,1465,41.4,78,3229.2,11.400000000000034
1,302.6,311.5,1885,27.5,147,4042.5,8.899999999999977
1,299.2,308.4,1386,54.1,26,1406.6000000000001,9.199999999999989
1,300.2,311.8,1464,44.5,179,7965.5,11.600000000000023
2,301.8,310.6,1552,35.9,97,3482.2999999999997,8.800000000000011
2,297.7,308.8,2089,19.1,111,2120.1000000000004,11.100000000000023
1,302.1,311.3,1415,44.1,43,1896.3,9.199999999999989
2,298.8,309.9,1495,35.2,60,2112.0,11.099999999999966
2,298.9,310.1,1441,41.2,189,7786.8,11.200000000000045
0,301.4,309.9,1460,47.2,22,1038.4,8.5
2,298.2,309.1,1457,49.0,77,3773.0,10.900000000000034
2,298.7,309.9,1411,45.1,51,2300.1,11.199999999999989
1,297.5,308.6,1208,62.3,28,1744.3999999999999,11.100000000000023
2,303.1,312.6,1567,32.9,132,4342.8,9.5
2,298.7,310.3,1481,41.5,83,3444.5,11.600000000000023
1,298.7,308.6,1297,55.3,148,8184.4,9.900000000000034
2,297.4,308.6,1434,44.4,193,8569.199999999999,11.200000000000045
1,303.0,311.2,1755,30.4,205,6232.0,8.199999999999989
2,299.3,310.6,1457,42.1,104,4378.400000000001,11.300000000000011
1,302.0,309.8,1701,27.2,4,108.8,7.800000000000011
2,300.4,309.8,1435,43.6,203,8850.800000000001,9.400000000000034
1,300.9,310.5,1565,35.9,81,2907.9,9.600000000000023
1,300.9,310.4,1561,32.7,67,2190.9,9.5
2,302.1,311.1,1605,37.6,171,6429.6,9.0
2,300.2,311.6,1467,40.7,23,936.1,11.400000000000034
1,300.3,311.3,1525,40.7,105,4273.5,11.0
0,297.5,308.6,1440,46.1,84,3872.4,11.100000000000023
1,302.6,312.3,1321,53.4,42,2242.7999999999997,9.699999999999989
1,298.1,307.7,1537,40.8,169,6895.2,9.599999999999966
1,299.3,308.8,1772,25.2,89,2242.7999999999997,9.5
2,303.1,311.3,1847,24.7,212,5236.4,8.199999999999989
2,296.9,308.1,1357,41.8,127,5308.599999999999,11.200000000000045
2,297.4,308.7,1481,48.0,117,5616.0,11.300000000000011
1,297.5,309.4,1517,36.7,233,8551.1,11.899999999999977
1,295.4,305.8,1407,50.7,192,9734.400000000001,10.400000000000034
2,302.6,312.3,1566,36.6,46,1683.6000000000001,9.699999999999989
1,302.5,311.9,1437,46.7,65,3035.5,9.399999999999977
0,297.7,308.4,1418,51.9,77,3996.2999999999997,10.699999999999989
2,300.1,309.2,1438,51.0,211,10761.0,9.099999999999966
1,301.5,310.4,1329,46.6,24,1118.4,8.899999999999977
1,297.5,308.2,1563,38.2,15,573.0,10.699999999999989
1,301.0,310.5,1932,21.7,79,1714.3,9.5
1,300.5,309.3,1470,40.8,219,8935.199999999999,8.800000000000011
2,301.6,310.8,1290,65.3,63,4113.9,9.199999999999989
1,302.5,311.6,1595,29.5,35,1032.5,9.100000000000023
2,298.1,307.9,1662,28.9,76,2196.4,9.799999999999955
2,299.8,309.4,1751,27.0,173,4671.0,9.599999999999966
2,299.9,309.4,1487,42.2,198,8355.6,9.5
0,298.6,309.6,1593,33.3,95,3163.4999999999995,11.0
1,300.0,311.2,1351,44.1,206,9084.6,11.199999999999989
2,300.8,310.9,1557,31.6,52,1643.2,10.099999999999966
1,300.4,310.5,1818,25.1,14,351.40000000000003,10.100000000000023
2,303.4,312.8,1590,36.3,113,4101.9,9.400000000000034
1,301.2,310.8,1461,40.6,47,1908.2,9.600000000000023
2,300.1,311.3,1523,34.1,135,4603.5,11.199999999999989
1,300.1,309.4,1434,47.3,127,6007.099999999999,9.299999999999955
1,296.7,307.8,1468,39.2,35,1372.0,11.100000000000023
2,298.3,307.9,1609,32.4,151,4892.4,9.599999999999966
1,298.2,308.7,1780,27.9,35,976.5,10.5
1,302.5,311.4,1409,53.1,126,6690.6,8.899999999999977
1,302.6,311.0,1537,35.5,91,3230.5,8.399999999999977
2,301.3,310.7,1391,52.5,61,3202.5,9.399999999999977
2,300.1,309.3,1443,50.3,196,9858.8,9.199999999999989
1,298.7,309.7,1601,35.7,176,6283.200000000001,11.0
1,297.5,309.4,1497,35.8,44,1575.1999999999998,11.899999999999977
1,298.3,309.0,1657,32.2,179,5763.8,10.699999999999989
1,299.4,309.0,1391,58.2,135,7857.0,9.600000000000023
1,299.9,309.4,1348,52.8,31,1636.8,9.5
0,298.3,308.2,1534,33.2,75,2490.0,9.899999999999977
1,300.5,309.3,1528,37.0,221,8177.0,8.800000000000011
2,297.6,307.2,1470,42.6,44,1874.4,9.599999999999966
2,299.9,311.3,1445,41.2,169,6962.8,11.400000000000034
1,299.2,310.5,1391,45.8,38,1740.3999999999999,11.300000000000011
1,301.6,310.2,1384,57.1,68,3882.8,8.599999999999966
2,299.8,310.8,1530,35.2,163,5737.6,11.0
2,297.9,307.4,1435,42.9,18,772.1999999999999,9.5
1,297.5,308.5,1712,26.8,136,3644.8,11.0
1,302.2,311.4,1987,19.9,200,3979.9999999999995,9.199999999999989
2,298.6,309.7,1675,28.4,115,3266.0,11.099999999999966
1,303.0,311.2,1383,44.6,198,8830.800000000001,8.199999999999989
2,297.7,309.0,1433,41.8,16,668.8,11.300000000000011
1,297.5,309.4,1357,50.1,137,6863.7,11.899999999999977
1,299.6,309.0,1372,60.4,149,8999.6,9.399999999999977
1,297.5,308.6,1497,43.9,91,3994.9,11.100000000000023
1,300.7,310.8,1486,37.1,186,6900.6,10.100000000000023
1,301.7,310.9,1557,39.4,2,78.8,9.199999999999989
1,297.3,308.4,1417,47.8,31,1481.8,11.099999999999966
0,300.4,309.4,1487,38.9,185,7196.5,9.0
1,300.0,309.6,1364,45.9,16,734.4,9.600000000000023
2,300.4,310.3,1537,35.0,33,1155.0,9.900000000000034
1,298.4,307.9,1981,23.2,16,371.2,9.5
1,302.6,310.4,1743,26.3,191,5023.3,7.7999999999999545
0,302.3,310.8,1438,43.8,119,5212.2,8.5
2,302.9,311.2,1467,37.7,73,2752.1000000000004,8.300000000000011
1,299.9,309.4,1322,53.9,33,1778.7,9.5
2,304.2,313.2,1396,50.5,11,555.5,9.0
1,298.4,308.6,1304,45.0,158,7110.0,10.200000000000045
1,297.7,309.1,1479,42.1,58,2441.8,11.400000000000034
2,302.0,311.1,1769,26.0,10,260.0,9.100000000000023
1,299.1,310.2,1569,38.2,155,5921.0,11.099999999999966
2,300.2,309.5,1630,28.3,51,1443.3,9.300000000000011
2,302.6,311.4,1718,31.2,154,4804.8,8.799999999999955
2,302.2,311.7,1584,36.2,63,2280.6000000000004,9.5
1,302.8,312.2,1433,50.0,216,10800.0,9.399999999999977
1,301.5,310.5,1534,39.3,119,4676.7,9.0
1,303.6,312.9,1480,41.4,135,5589.0,9.299999999999955
1,298.3,309.4,1668,27.1,136,3685.6000000000004,11.099999999999966
1,298.9,310.0,1791,27.6,166,4581.6,11.100000000000023
1,300.1,309.8,1532,39.8,115,4577.0,9.699999999999989
1,297.4,309.2,1584,42.8,186,7960.799999999999,11.800000000000011
0,300.6,309.5,1495,36.5,79,2883.5,8.899999999999977
1,298.8,308.6,1730,25.9,59,1528.1,9.800000000000011
0,298.7,308.5,1572,35.6,202,7191.200000000001,9.800000000000011
2,297.9,307.7,1517,39.5,69,2725.5,9.800000000000011
1,300.6,310.5,1644,33.8,148,5002.4,9.899999999999977
1,302.2,310.9,1452,42.3,56,2368.7999999999997,8.699999999999989
1,299.3,308.3,1651,28.0,6,168.0,9.0
1,298.1,307.6,1488,39.4,157,6185.8,9.5
1,297.3,308.1,1566,35.7,156,5569.200000000001,10.800000000000011
1,300.0,309.4,1499,35.7,46,1642.2,9.399999999999977
1,298.4,308.2,1618,33.0,61,2013.0,9.800000000000011
1,301.7,310.8,1559,44.5,135,6007.5,9.100000000000023
1,297.4,308.0,1356,51.9,184,9549.6,10.600000000000023
1,300.7,310.6,1288,47.2,216,10195.2,9.900000000000034
2,301.3,309.9,1501,39.5,27,1066.5,8.599999999999966
1,303.4,311.9,1377,41.6,34,1414.4,8.5
2,301.8,311.1,1413,42.2,9,379.8,9.300000000000011
1,299.1,309.0,1405,53.8,18,968.4,9.899999999999977
1,302.1,311.0,1586,35.1,142,4984.2,8.899999999999977
1,300.7,311.7,1524,43.5,222,9657.0,11.0
1,299.3,310.4,1725,26.8,167,4475.6,11.099999999999966
2,299.6,309.4,1605,29.8,142,4231.6,9.799999999999955
1,299.2,310.6,1370,61.9,42,2599.7999999999997,11.400000000000034
2,302.6,310.2,2157,17.2,94,1616.8,7.599999999999966
2,300.7,309.6,1473,48.1,87,4184.7,8.900000000000034
1,299.3,308.9,1258,69.4,119,8258.6,9.599999999999966
1,300.0,309.1,1489,40.3,7,282.09999999999997,9.100000000000023
1,297.4,308.5,1471,43.9,45,1975.5,11.100000000000023
2,298.7,309.8,1343,53.6,134,7182.400000000001,11.100000000000023
1,298.1,310.0,1534,33.7,47,1583.9,11.899999999999977
1,298.9,309.6,1365,50.9,183,9314.699999999999,10.700000000000045
1,302.2,311.3,1389,46.9,106,4971.4,9.100000000000023
2,303.1,312.6,1895,23.5,129,3031.5,9.5
1,298.4,308.9,1402,44.8,201,9004.8,10.5
1,302.8,312.4,1368,49.5,10,495.0,9.599999999999966
1,297.3,308.8,1554,36.1,70,2527.0,11.5
0,298.6,308.2,1555,36.8,36,1324.8,9.599999999999966
1,301.6,311.3,1706,29.9,93,2780.7,9.699999999999989
2,300.7,311.1,1608,35.3,167,5895.099999999999,10.400000000000034
1,303.8,312.5,1372,45.7,180,8226.0,8.699999999999989
2,301.5,310.5,1774,25.5,121,3085.5,9.0
1,301.4,311.2,1355,50.6,37,1872.2,9.800000000000011
2,300.3,311.5,1400,43.8,0,0.0,11.199999999999989
1,297.9,308.1,1585,33.5,212,7102.0,10.200000000000045
1,301.9,310.9,1309,48.0,124,5952.0,9.0
1,297.4,308.4,1531,41.5,213,8839.5,11.0
1,296.6,307.6,1542,37.4,88,3291.2,11.0
1,298.1,308.3,1301,56.0,63,3528.0,10.199999999999989
2,300.6,312.1,1293,52.3,49,2562.7,11.5
1,297.4,309.3,1332,53.2,115,6118.0,11.900000000000034
1,299.8,310.6,1707,32.5,124,4030.0,10.800000000000011
2,299.8,309.4,1412,47.8,130,6214.0,9.599999999999966
1,302.3,311.1,1630,35.6,183,6514.8,8.800000000000011
2,302.9,312.2,1745,25.5,98,2499.0,9.300000000000011
2,302.3,311.1,1295,57.1,146,8336.6,8.800000000000011
2,298.5,309.3,1692,26.7,118,3150.6,10.800000000000011
1,303.6,312.4,1363,53.1,7,371.7,8.799999999999955
1,300.6,309.5,1576,38.8,124,4811.2,8.899999999999977
2,298.2,308.7,1269,60.9,163,9926.699999999999,10.5
1,298.2,307.8,1355,51.3,70,3591.0,9.600000000000023
1,301.7,310.8,1622,37.8,0,0.0,9.100000000000023
0,304.2,313.5,1684,29.8,156,4648.8,9.300000000000011
1,299.7,309.3,1592,34.2,8,273.6,9.600000000000023
1,299.7,309.2,1422,40.4,140,5656.0,9.5
1,299.3,308.7,1408,48.7,85,4139.5,9.399999999999977
0,297.3,308.3,1935,19.3,24,463.20000000000005,11.0
2,298.1,309.6,1549,38.7,43,1664.1000000000001,11.5
1,298.5,309.6,1724,26.4,100,2640.0,11.100000000000023
0,297.3,308.7,1430,42.8,153,6548.4,11.399999999999977
1,300.8,312.5,1434,50.7,121,6134.700000000001,11.699999999999989
2,296.9,307.9,1979,20.4,68,1387.1999999999998,11.0
1,298.3,308.0,1451,47.1,196,9231.6,9.699999999999989
1,299.5,310.0,1502,38.5,52,2002.0,10.5
1,299.1,310.4,1428,46.9,87,4080.2999999999997,11.299999999999955
1,299.7,311.0,1827,25.4,194,4927.599999999999,11.300000000000011
1,298.9,308.5,1459,43.1,147,6335.7,9.600000000000023
0,300.7,312.4,1457,47.2,74,3492.8,11.699999999999989
1,298.0,308.2,1469,45.5,214,9737.0,10.199999999999989
1,298.1,309.9,1634,30.0,53,1590.0,11.799999999999955
1,301.0,311.3,1349,47.0,71,3337.0,10.300000000000011
1,301.9,310.4,1376,54.9,126,6917.4,8.5
1,298.3,308.5,1362,53.8,164,8823.199999999999,10.199999999999989
2,297.4,309.0,1685,30.7,177,5433.9,11.600000000000023
1,302.3,311.3,1621,31.6,135,4266.0,9.0
1,298.7,309.2,1586,31.4,180,5652.0,10.5
1,298.3,308.6,1447,38.1,146,5562.6,10.300000000000011
2,302.3,311.8,1363,54.0,119,6426.0,9.5
1,299.8,309.4,1555,34.8,122,4245.599999999999,9.599999999999966
1,297.3,308.3,1538,38.5,47,1809.5,11.0
2,299.8,309.1,1355,56.7,7,396.90000000000003,9.300000000000011
1,301.5,310.7,1426,46.1,81,3734.1,9.199999999999989
2,301.8,310.0,1781,23.9,198,4732.2,8.199999999999989
2,300.6,310.3,1614,32.7,0,0.0,9.699999999999989
2,298.1,309.0,1661,38.2,82,3132.4,10.899999999999977
1,297.6,309.1,1503,38.9,157,6107.3,11.5
1,302.0,310.4,1568,39.2,112,4390.400000000001,8.399999999999977
1,298.9,310.1,1571,36.8,78,2870.3999999999996,11.200000000000045
1,299.0,308.8,1310,50.7,112,5678.400000000001,9.800000000000011
1,300.9,310.4,1615,30.9,200,6180.0,9.5
1,301.3,311.0,1582,35.6,202,7191.200000000001,9.699999999999989
1,302.3,310.9,1596,33.5,104,3484.0,8.599999999999966
1,300.0,311.3,1484,53.2,158,8405.6,11.300000000000011
1,300.2,311.6,1529,35.5,21,745.5,11.400000000000034
1,296.7,307.8,1400,47.5,3,142.5,11.100000000000023
1,302.5,310.3,1549,40.9,170,6953.0,7.800000000000011
1,297.5,308.6,1552,44.9,77,3457.2999999999997,11.100000000000023
1,300.0,309.3,1972,22.0,175,3850.0,9.300000000000011
1,297.0,308.1,1362,52.5,213,11182.5,11.100000000000023
0,299.9,311.2,1364,49.6,50,2480.0,11.300000000000011
1,302.3,310.9,1403,47.2,173,8165.6,8.599999999999966
1,297.1,308.4,1726,28.4,202,5736.799999999999,11.299999999999955
1,302.5,310.2,1454,43.0,108,4644.0,7.699999999999989
1,301.1,311.0,1918,21.7,28,607.6,9.899999999999977
2,302.0,310.5,1425,44.7,76,3397.2000000000003,8.5
1,297.6,308.3,1478,42.3,193,8163.9,10.699999999999989
1,302.6,310.6,1549,37.5,199,7462.5,8.0
2,302.3,311.4,1855,23.9,43,1027.7,9.099999999999966
2,300.9,311.3,1801,24.6,100,2460.0,10.400000000000034
0,301.8,311.1,1543,36.4,120,4368.0,9.300000000000011
1,296.3,307.3,1372,57.7,33,1904.1000000000001,11.0
1,302.8,312.4,1376,57.1,8,456.8,9.599999999999966
2,298.0,307.5,1431,52.9,92,4866.8,9.5
1,298.4,310.0,1554,37.3,103,3841.8999999999996,11.600000000000023
1,300.8,311.7,1753,29.0,8,232.0,10.899999999999977
0,302.2,311.1,1553,34.1,89,3034.9,8.900000000000034
1,301.3,311.2,1668,30.1,18,541.8000000000001,9.899999999999977
1,300.1,309.4,1464,41.7,30,1251.0,9.299999999999955
1,299.2,309.9,1516,41.4,219,9066.6,10.699999999999989
1,297.6,309.0,1528,33.8,22,743.5999999999999,11.399999999999977
1,301.0,312.3,1424,43.5,136,5916.0,11.300000000000011
1,299.4,310.5,1749,28.1,179,5029.900000000001,11.100000000000023
1,298.9,309.1,1452,45.5,196,8918.0,10.200000000000045
1,300.6,309.8,1502,42.4,133,5639.2,9.199999999999989
1,298.3,308.9,1708,27.3,170,4641.0,10.599999999999966
2,301.7,311.0,1505,37.1,190,7049.0,9.300000000000011
2,303.5,311.6,1562,34.2,107,3659.4,8.100000000000023
1,299.0,309.9,1548,34.5,214,7383.0,10.899999999999977
1,298.8,308.9,1402,37.9,2,75.8,10.099999999999966
1,300.2,311.7,1553,41.3,44,1817.1999999999998,11.5
1,303.4,311.7,1406,47.1,213,10032.300000000001,8.300000000000011
2,302.3,310.8,1611,31.8,169,5374.2,8.5
1,297.9,309.1,1442,50.3,24,1207.1999999999998,11.200000000000045
1,303.0,312.3,1932,21.9,132,2890.7999999999997,9.300000000000011
1,297.3,308.3,1494,38.2,14,534.8000000000001,11.0
2,300.2,309.4,1501,40.0,48,1920.0,9.199999999999989
1,297.6,308.3,1438,47.8,84,4015.2,10.699999999999989
1,301.7,310.8,1385,50.7,133,6743.1,9.100000000000023
1,298.3,309.1,1421,47.4,33,1564.2,10.800000000000011
1,296.8,307.6,1398,46.7,144,6724.8,10.800000000000011
1,299.2,308.9,1588,41.5,150,6225.0,9.699999999999989
1,302.2,310.6,1632,30.5,122,3721.0,8.400000000000034
1,299.5,309.3,1422,49.2,179,8806.800000000001,9.800000000000011
1,301.3,310.6,1416,45.2,88,3977.6000000000004,9.300000000000011
2,297.9,307.5,1642,32.4,126,4082.3999999999996,9.600000000000023
1,304.0,313.1,1564,50.9,119,6057.099999999999,9.100000000000023
1,298.1,308.5,1498,49.4,5,247.0,10.399999999999977
1,300.5,312.0,1453,45.1,151,6810.1,11.5
1,303.3,312.2,1506,40.0,50,2000.0,8.899999999999977
0,300.9,310.6,1686,27.7,176,4875.2,9.700000000000045
1,302.3,311.1,1546,33.1,156,5163.6,8.800000000000011
2,297.6,309.2,1442,48.1,0,0.0,11.599999999999966
1,301.9,309.8,1507,44.7,131,5855.700000000001,7.900000000000034
2,302.4,310.5,1372,45.7,144,6580.8,8.100000000000023
0,300.9,311.2,1518,35.0,90,3150.0,10.300000000000011
2,304.1,313.5,1587,33.6,108,3628.8,9.399999999999977
1,297.5,308.5,1340,57.4,143,8208.199999999999,11.0
2,300.5,311.5,1370,56.1,7,392.7,11.0
1,295.6,306.2,1263,61.8,27,1668.6,10.599999999999966
2,298.8,310.3,1573,41.8,91,3803.7999999999997,11.5
1,301.4,310.7,1436,54.1,90,4869.0,9.300000000000011
2,300.9,312.1,1297,48.6,76,3693.6,11.200000000000045
1,300.6,309.5,2025,21.4,64,1369.6,8.899999999999977
2,299.0,309.0,1351,52.2,44,2296.8,10.0
1,298.1,309.9,1563,32.8,51,1672.8,11.799999999999955
1,301.3,311.1,1454,40.3,191,7697.299999999999,9.800000000000011
0,297.5,308.4,1490,39.7,34,1349.8000000000002,10.899999999999977
2,297.0,307.9,1412,47.4,112,5308.8,10.899999999999977
0,301.4,310.6,1674,33.6,49,1646.4,9.200000000000045
1,303.8,313.0,1427,43.0,0,0.0,9.199999999999989
1,300.2,311.8,1436,48.2,175,8435.0,11.600000000000023
0,300.2,309.9,1906,22.9,165,3778.4999999999995,9.699999999999989
2,297.6,308.6,1414,45.4,138,6265.2,11.0
1,302.9,311.1,1555,33.9,96,3254.3999999999996,8.200000000000045
2,304.2,313.7,2113,18.4,139,2557.6,9.5
0,302.2,311.1,1476,39.6,96,3801.6000000000004,8.900000000000034
1,298.8,309.8,1663,28.2,67,1889.3999999999999,11.0
1,300.6,311.3,1531,38.5,0,0.0,10.699999999999989
2,295.6,306.1,1462,49.2,158,7773.6,10.5
0,300.0,309.7,1529,42.4,107,4536.8,9.699999999999989
2,301.5,310.7,1336,65.6,0,0.0,9.199999999999989
1,302.1,311.2,1422,50.3,146,7343.799999999999,9.099999999999966
1,301.3,310.9,2165,17.4,143,2488.2,9.599999999999966
2,298.5,309.0,1921,22.0,196,4312.0,10.5
1,297.4,308.6,1276,53.6,103,5520.8,11.200000000000045
2,299.8,309.1,1456,39.4,209,8234.6,9.300000000000011
1,301.5,310.5,1351,52.9,116,6136.4,9.0
2,297.4,308.0,1601,34.6,181,6262.6,10.600000000000023
1,298.1,307.7,2567,12.8,125,1600.0,9.599999999999966
1,298.9,310.0,1422,43.6,78,3400.8,11.100000000000023
1,298.8,309.8,1334,49.3,42,2070.6,11.0
1,298.8,309.7,1505,39.0,131,5109.0,10.899999999999977
1,302.4,312.1,1455,40.4,28,1131.2,9.700000000000045
2,298.7,310.3,1495,38.7,88,3405.6000000000004,11.600000000000023
1,300.0,310.1,1477,34.6,195,6747.0,10.100000000000023
1,298.4,308.0,1526,41.1,162,6658.2,9.600000000000023
2,297.4,308.4,1478,46.2,95,4389.0,11.0
2,301.5,311.0,1577,39.7,118,4684.6,9.5
0,300.4,309.4,1530,40.4,112,4524.8,9.0
1,302.3,310.7,1612,33.4,139,4642.599999999999,8.399999999999977
1,298.2,308.1,1382,43.5,37,1609.5,9.900000000000034
2,301.7,309.9,1434,47.9,189,9053.1,8.199999999999989
1,301.7,310.9,1636,31.3,42,1314.6000000000001,9.199999999999989
1,297.7,309.1,1477,38.3,60,2298.0,11.400000000000034
1,299.8,309.1,1546,35.6,93,3310.8,9.300000000000011
1,302.2,311.0,1463,46.8,150,7020.0,8.800000000000011
2,297.1,307.9,1662,26.9,183,4922.7,10.799999999999955
2,302.1,311.1,1450,51.6,86,4437.6,9.0
1,299.2,308.5,1374,53.6,143,7664.8,9.300000000000011
1,298.4,308.7,1386,44.9,135,6061.5,10.300000000000011
2,301.5,310.5,1737,29.3,114,3340.2000000000003,9.0
1,298.4,309.2,1425,45.5,11,500.5,10.800000000000011
0,299.2,308.7,1448,51.4,173,8892.199999999999,9.5
1,299.0,308.7,1426,38.6,16,617.6,9.699999999999989
2,296.8,307.4,1472,43.9,30,1317.0,10.599999999999966
1,301.9,310.9,1574,31.4,27,847.8,9.0
1,300.3,310.7,1539,32.3,123,3972.8999999999996,10.399999999999977
1,299.0,310.2,1490,41.1,54,2219.4,11.199999999999989
1,301.9,310.3,1485,46.3,24,1111.1999999999998,8.400000000000034
1,301.4,311.1,1472,44.5,159,7075.5,9.700000000000045
2,300.9,310.8,1452,43.6,185,8066.0,9.900000000000034
0,298.7,309.5,1453,40.4,108,4363.2,10.800000000000011
1,300.6,310.6,1454,39.7,67,2659.9,10.0
2,298.8,309.7,1459,47.3,141,6669.299999999999,10.899999999999977
2,302.5,310.3,1710,27.3,186,5077.8,7.800000000000011
0,296.9,307.5,1397,48.3,22,1062.6,10.600000000000023
2,302.1,310.7,1608,30.3,81,2454.3,8.599999999999966
0,302.5,311.5,1626,36.0,44,1584.0,9.0
1,299.0,310.1,1618,29.2,62,1810.3999999999999,11.100000000000023
1,302.2,310.6,1334,53.2,159,8458.800000000001,8.400000000000034
2,300.1,310.1,1443,49.3,61,3007.2999999999997,10.0
1,296.5,307.3,1501,42.1,162,6820.2,10.800000000000011
1,298.3,308.3,1432,46.9,65,3048.5,10.0
0,297.4,308.5,1469,45.1,63,2841.3,11.100000000000023
0,302.6,311.5,1629,34.4,228,7843.2,8.899999999999977
2,298.3,308.4,1539,43.4,69,2994.6,10.099999999999966
2,300.0,309.1,1624,30.8,155,4774.0,9.100000000000023
1,299.0,308.7,1537,42.8,202,8645.599999999999,9.699999999999989
2,298.9,308.7,1402,49.8,167,8316.6,9.800000000000011
1,298.1,308.0,1426,46.0,61,2806.0,9.899999999999977
1,298.0,308.7,1511,45.8,114,5221.2,10.699999999999989
2,295.6,306.2,1435,51.6,126,6501.6,10.599999999999966
2,301.6,310.7,1791,23.8,81,1927.8,9.099999999999966
2,300.6,311.9,1629,35.3,0,0.0,11.299999999999955
1,303.8,312.9,1514,34.3,180,6173.999999999999,9.099999999999966
1,302.0,310.5,1978,22.0,106,2332.0,8.5
2,298.6,309.7,1635,32.2,110,3542.0000000000005,11.099999999999966
2,297.9,308.1,1627,31.4,209,6562.599999999999,10.200000000000045
1,303.4,311.8,1564,35.9,171,6138.9,8.400000000000034
1,299.1,310.1,1435,48.8,229,11175.199999999999,11.0
0,300.4,309.3,1396,51.2,54,2764.8,8.900000000000034
1,301.1,310.4,1874,24.8,47,1165.6000000000001,9.299999999999955
1,298.0,308.0,1433,39.2,87,3410.4,10.0
2,300.0,309.3,1407,43.9,138,6058.2,9.300000000000011
2,302.3,311.8,1475,48.0,180,8640.0,9.5
1,302.8,310.8,1516,39.5,23,908.5,8.0
1,299.1,308.3,1559,33.7,30,1011.0000000000001,9.199999999999989
2,299.0,310.0,1337,57.4,146,8380.4,11.0
2,300.5,311.4,1390,51.9,68,3529.2,10.899999999999977
2,303.7,312.4,1540,37.4,146,5460.4,8.699999999999989
2,302.8,312.3,1432,49.0,218,10682.0,9.5
2,302.3,310.1,1563,37.8,31,1171.8,7.800000000000011
2,302.2,311.0,1436,47.0,187,8789.0,8.800000000000011
1,298.1,309.0,1497,40.5,58,2349.0,10.899999999999977
1,297.3,307.9,1579,34.4,193,6639.2,10.599999999999966
1,302.6,310.4,1638,36.2,84,3040.8,7.7999999999999545
1,302.1,311.0,1364,50.0,205,10250.0,8.899999999999977
1,301.0,311.2,1412,42.1,64,2694.4,10.199999999999989
2,296.9,307.5,1556,31.2,116,3619.2,10.600000000000023
2,298.2,308.9,1408,38.8,20,776.0,10.699999999999989
0,297.1,308.3,1492,41.5,141,5851.5,11.199999999999989
1,302.3,311.4,1570,37.2,15,558.0,9.099999999999966
1,298.9,309.9,1500,44.2,115,5083.0,11.0
1,298.5,309.4,1911,21.5,164,3526.0,10.899999999999977
1,298.9,310.1,1944,23.4,192,4492.799999999999,11.200000000000045
1,300.5,311.6,1575,32.5,168,5460.0,11.100000000000023
1,301.9,310.5,1340,55.7,204,11362.800000000001,8.600000000000023
0,298.3,309.1,1430,40.9,162,6625.8,10.800000000000011
0,303.8,312.5,1748,25.1,175,4392.5,8.699999999999989
1,297.9,307.7,1546,37.6,72,2707.2000000000003,9.800000000000011
1,300.9,310.7,1468,36.2,208,7529.6,9.800000000000011
1,298.8,308.5,1446,37.0,11,407.0,9.699999999999989
1,300.9,310.8,1476,39.0,10,390.0,9.900000000000034
1,303.0,312.5,1461,40.2,127,5105.400000000001,9.5
0,304.0,313.1,1408,39.8,132,5253.599999999999,9.100000000000023
1,301.5,311.1,2076,18.7,103,1926.1,9.600000000000023
2,300.6,311.6,1473,31.5,69,2173.5,11.0
2,297.2,308.6,1404,43.7,160,6992.0,11.400000000000034
2,303.8,312.7,1364,49.3,167,8233.1,8.899999999999977
1,297.5,308.7,1453,37.6,112,4211.2,11.199999999999989
1,303.4,312.3,1540,38.7,96,3715.2000000000003,8.900000000000034
1,296.2,307.2,1356,43.6,22,959.2,11.0
1,300.5,309.8,1445,43.9,164,7199.599999999999,9.300000000000011
1,297.1,308.5,1555,36.2,0,0.0,11.399999999999977
0,297.6,309.5,1623,33.1,224,7414.400000000001,11.899999999999977
2,300.6,309.8,1659,28.9,127,3670.2999999999997,9.199999999999989
0,296.6,307.7,1654,31.0,91,2821.0,11.099999999999966
2,300.8,310.9,1522,46.2,56,2587.2000000000003,10.099999999999966
2,299.5,308.7,1321,51.9,114,5916.599999999999,9.199999999999989
1,303.5,311.8,1451,45.2,173,7819.6,8.300000000000011
1,303.2,311.4,1610,35.5,63,2236.5,8.199999999999989
2,298.1,308.9,1353,46.2,173,7992.6,10.799999999999955
1,297.9,307.6,1550,39.0,35,1365.0,9.700000000000045
2,301.2,310.4,1382,41.6,117,4867.2,9.199999999999989
2,301.4,311.2,1541,36.3,28,1016.3999999999999,9.800000000000011
1,302.6,311.7,1542,34.1,137,4671.7,9.099999999999966
1,302.6,311.0,2001,20.7,137,2835.9,8.399999999999977
2,300.9,311.0,1556,38.8,127,4927.599999999999,10.100000000000023
2,303.7,312.6,1429,43.3,189,8183.7,8.900000000000034
2,297.2,307.9,1747,29.0,188,5452.0,10.699999999999989
2,303.0,312.2,1257,71.3,122,8698.6,9.199999999999989
1,299.8,309.7,1431,40.3,101,4070.2999999999997,9.899999999999977
2,300.9,310.6,1709,29.2,158,4613.599999999999,9.700000000000045
0,303.7,312.9,1460,49.8,2,99.6,9.199999999999989
1,297.5,308.9,1443,43.5,0,0.0,11.399999999999977
1,300.3,311.8,1508,43.1,57,2456.7000000000003,11.5
2,297.3,308.3,1657,31.1,8,248.8,11.0
1,297.5,308.3,1544,40.8,37,1509.6,10.800000000000011
1,297.3,308.4,1459,39.4,59,2324.6,11.099999999999966
1,299.1,310.0,1394,46.6,27,1258.2,10.899999999999977
0,299.7,309.6,1553,41.0,179,7339.0,9.900000000000034
1,301.2,310.8,1711,28.9,38,1098.2,9.600000000000023
1,296.4,307.3,1487,37.5,83,3112.5,10.900000000000034
1,301.2,311.2,1558,34.1,204,6956.400000000001,10.0
1,302.9,312.4,1561,34.8,150,5220.0,9.5
1,299.1,308.8,1429,50.1,84,4208.400000000001,9.699999999999989
1,300.5,311.6,1447,45.4,204,9261.6,11.100000000000023
2,302.2,310.9,1302,53.4,58,3097.2,8.699999999999989
1,301.8,310.9,1449,36.5,33,1204.5,9.099999999999966
1,304.2,313.4,1457,49.4,96,4742.4,9.199999999999989
2,299.7,310.5,1594,35.4,134,4743.599999999999,10.800000000000011
2,301.6,310.6,1553,38.9,0,0.0,9.0
1,299.7,309.4,1650,29.8,93,2771.4,9.699999999999989
2,298.5,309.4,1522,47.4,20,948.0,10.899999999999977
2,301.7,310.9,1435,48.0,66,3168.0,9.199999999999989
1,302.5,310.5,1507,39.5,147,5806.5,8.0
2,299.7,309.6,1540,34.4,91,3130.4,9.900000000000034
0,298.6,309.7,1463,39.1,66,2580.6,11.099999999999966
1,299.8,309.7,1624,34.2,96,3283.2000000000003,9.899999999999977
1,299.0,310.4,1371,53.8,228,12266.4,11.399999999999977
2,303.9,313.3,1507,34.3,161,5522.299999999999,9.400000000000034
2,303.6,312.3,1698,31.3,100,3130.0,8.699999999999989
2,301.5,311.1,1507,38.6,149,5751.400000000001,9.600000000000023
1,297.3,308.6,1358,47.6,110,5236.0,11.300000000000011
1,300.2,311.6,1767,26.4,20,528.0,11.400000000000034
1,297.7,308.8,1896,24.5,186,4557.0,11.100000000000023
1,297.4,309.1,1380,41.1,152,6247.2,11.700000000000045
1,298.7,310.0,1555,32.6,197,6422.200000000001,11.300000000000011
1,298.8,310.1,1481,47.4,187,8863.8,11.300000000000011
1,302.3,311.5,1794,26.1,7,182.70000000000002,9.199999999999989
2,298.8,308.7,1498,39.5,89,3515.5,9.899999999999977
1,299.2,310.3,1440,47.0,21,987.0,11.100000000000023
1,302.8,312.3,1764,29.9,162,4843.8,9.5
1,298.8,309.4,1387,54.1,171,9251.1,10.599999999999966
2,298.9,310.3,1551,35.2,50,1760.0000000000002,11.400000000000034
1,302.4,311.8,1648,30.0,122,3660.0,9.400000000000034
1,303.3,311.7,1539,38.5,221,8508.5,8.399999999999977
1,299.6,310.1,2057,20.4,60,1224.0,10.5
1,300.9,310.8,1729,30.2,53,1600.6,9.900000000000034
1,301.7,310.9,1608,33.0,160,5280.0,9.199999999999989
1,298.6,309.6,1563,35.0,21,735.0,11.0
1,298.1,307.5,1493,43.7,153,6686.1,9.399999999999977
2,298.9,308.6,1517,39.8,114,4537.2,9.700000000000045
1,297.3,307.9,1797,24.7,75,1852.5,10.599999999999966
1,297.9,309.7,2194,16.8,27,453.6,11.800000000000011
1,300.6,309.7,1617,33.2,185,6142.000000000001,9.099999999999966
2,301.0,311.6,1609,35.8,156,5584.799999999999,10.600000000000023
2,300.4,310.4,1544,36.3,21,762.3,10.0
2,298.5,308.7,1662,28.3,15,424.5,10.199999999999989
1,300.4,309.7,1692,27.4,115,3151.0,9.300000000000011
1,302.6,311.9,1633,30.9,89,2750.1,9.299999999999955
1,297.4,308.6,1324,59.1,118,6973.8,11.200000000000045
1,302.2,311.5,1543,38.5,37,1424.5,9.300000000000011
2,303.5,312.2,1818,23.6,109,2572.4,8.699999999999989
2,300.8,311.9,1621,28.3,211,5971.3,11.099999999999966
1,301.4,310.6,1445,43.9,210,9219.0,9.200000000000045
1,302.8,312.4,1590,34.4,64,2201.6,9.599999999999966
1,297.1,308.6,1442,37.1,59,2188.9,11.5
1,299.0,310.3,1868,24.0,221,5304.0,11.300000000000011
1,303.9,313.1,1425,49.3,199,9810.699999999999,9.200000000000045
1,302.9,312.6,1328,59.9,24,1437.6,9.700000000000045
1,301.1,311.4,1531,38.7,55,2128.5,10.299999999999955
1,303.6,312.7,1637,32.9,19,625.1,9.099999999999966
1,300.3,309.6,1600,34.6,177,6124.2,9.300000000000011
2,300.2,310.3,1448,40.1,209,8380.9,10.100000000000023
1,299.6,310.2,1743,24.8,99,2455.2000000000003,10.599999999999966
1,304.2,313.8,1401,53.9,142,7653.8,9.600000000000023
2,297.5,308.4,1685,28.1,15,421.5,10.899999999999977
1,300.8,310.1,1405,61.2,189,11566.800000000001,9.300000000000011
1,298.9,310.0,1693,28.8,56,1612.8,11.100000000000023
1,298.9,310.2,1706,27.6,103,2842.8,11.300000000000011
1,298.5,308.7,1575,33.9,128,4339.2,10.199999999999989
1,301.0,310.3,1617,34.5,126,4347.0,9.300000000000011
1,301.3,310.3,1460,41.5,197,8175.5,9.0
1,297.5,308.8,1309,57.3,0,0.0,11.300000000000011
1,301.0,311.6,1352,63.5,143,9080.5,10.600000000000023
2,302.2,310.9,1488,44.2,57,2519.4,8.699999999999989
1,302.1,310.9,1658,30.3,186,5635.8,8.799999999999955
1,298.8,310.0,1537,39.9,190,7581.0,11.199999999999989
1,300.1,311.5,1334,54.0,26,1404.0,11.399999999999977
2,300.1,309.6,1501,38.0,157,5966.0,9.5
0,300.5,309.4,1642,36.2,103,3728.6000000000004,8.899999999999977
2,295.8,306.3,1235,76.2,89,6781.8,10.5
1,302.5,311.5,1603,32.4,194,6285.599999999999,9.0
1,295.3,305.7,1475,51.0,187,9537.0,10.399999999999977
1,301.7,311.2,1418,38.0,166,6308.0,9.5
2,297.5,309.4,1831,26.6,105,2793.0,11.899999999999977
2,298.5,308.3,1440,43.6,5,218.0,9.800000000000011
1,301.4,310.8,1285,62.6,183,11455.800000000001,9.400000000000034
2,302.2,311.6,1386,50.5,69,3484.5,9.400000000000034
1,300.6,311.7,1528,43.9,185,8121.5,11.099999999999966
0,297.7,309.3,1400,48.9,147,7188.3,11.600000000000023
1,295.7,306.1,1408,47.9,117,5604.3,10.400000000000034
2,295.9,306.6,1532,38.6,104,4014.4,10.700000000000045
1,297.2,308.1,1712,30.9,204,6303.599999999999,10.900000000000034
1,299.4,310.5,1514,36.1,169,6100.900000000001,11.100000000000023
1,301.1,311.2,1774,29.6,186,5505.6,10.099999999999966
1,298.2,308.9,1278,54.0,18,972.0,10.699999999999989
1,301.5,310.8,1382,52.4,165,8646.0,9.300000000000011
2,299.2,310.6,1443,50.9,85,4326.5,11.400000000000034
1,296.9,308.1,1555,33.7,229,7717.300000000001,11.200000000000045
1,303.2,311.3,1393,52.9,12,634.8,8.100000000000023
1,303.3,311.4,1630,32.5,2,65.0,8.099999999999966
0,297.3,308.7,1478,47.6,98,4664.8,11.399999999999977
1,296.8,308.0,1675,29.7,46,1366.2,11.199999999999989
1,298.6,309.6,1386,48.6,25,1215.0,11.0
1,302.6,312.1,1668,28.7,180,5166.0,9.5
2,300.1,309.2,1457,44.3,98,4341.4,9.099999999999966
1,303.1,311.2,1679,34.8,25,869.9999999999999,8.099999999999966
1,297.3,308.7,1587,35.8,148,5298.4,11.399999999999977
1,303.8,313.1,1458,42.2,25,1055.0,9.300000000000011
2,301.5,310.6,2432,14.2,126,1789.1999999999998,9.100000000000023
1,302.4,311.8,1416,46.1,202,9312.2,9.400000000000034
1,302.6,312.1,1288,68.5,0,0.0,9.5
2,303.7,312.0,1402,48.6,76,3693.6,8.300000000000011
2,300.8,309.7,1482,39.0,171,6669.0,8.899999999999977
1,300.1,309.6,1649,33.6,168,5644.8,9.5
1,297.7,308.5,1453,45.5,86,3913.0,10.800000000000011
2,301.9,310.9,1483,37.0,35,1295.0,9.0
2,300.7,309.6,1536,37.2,19,706.8000000000001,8.900000000000034
1,299.4,308.7,1504,37.8,112,4233.599999999999,9.300000000000011
2,304.4,313.6,1510,38.9,199,7741.099999999999,9.200000000000045
2,298.6,309.9,1668,32.3,6,193.79999999999998,11.299999999999955
1,297.5,308.6,1380,53.5,192,10272.0,11.100000000000023
1,301.0,311.1,1236,64.4,177,11398.800000000001,10.100000000000023
0,301.6,310.6,1821,26.2,171,4480.2,9.0
1,303.0,311.2,1456,44.0,142,6248.0,8.199999999999989
1,300.6,310.6,1931,22.0,24,528.0,10.0
1,298.5,308.9,1725,31.9,205,6539.5,10.399999999999977
2,300.8,312.4,1465,43.7,139,6074.3,11.599999999999966
1,300.7,310.7,1541,41.3,82,3386.6,10.0
0,299.4,309.0,1415,51.7,62,3205.4,9.600000000000023
2,300.7,311.3,1562,37.1,58,2151.8,10.600000000000023
2,299.0,310.3,1447,39.9,78,3112.2,11.300000000000011
1,301.6,310.9,1385,51.2,132,6758.400000000001,9.299999999999955
1,298.4,308.3,1452,48.5,73,3540.5,9.900000000000034
1,297.8,308.4,1714,33.2,177,5876.400000000001,10.599999999999966
1,297.6,308.6,1491,38.1,152,5791.2,11.0
1,297.2,308.5,1447,47.9,188,9005.199999999999,11.300000000000011
2,301.3,310.4,1501,39.8,187,7442.599999999999,9.099999999999966
1,297.5,308.8,1360,50.7,190,9633.0,11.300000000000011
1,300.6,310.0,1635,31.0,107,3317.0,9.399999999999977
0,300.6,309.8,1541,36.2,166,6009.200000000001,9.199999999999989
2,302.4,311.0,1490,37.1,168,6232.8,8.600000000000023
2,300.9,312.0,1402,50.7,185,9379.5,11.100000000000023
1,298.2,308.6,1433,39.5,7,276.5,10.400000000000034
2,299.8,309.8,1427,45.2,106,4791.200000000001,10.0
1,300.9,310.7,1509,37.5,12,450.0,9.800000000000011
2,298.6,309.3,1510,40.8,177,7221.599999999999,10.699999999999989
1,300.7,310.2,1493,35.9,10,359.0,9.5
1,303.7,312.5,1641,36.0,125,4500.0,8.800000000000011
1,302.1,310.6,1385,53.6,5,268.0,8.5
2,300.9,311.4,1434,45.4,118,5357.2,10.5
1,302.7,312.1,1543,37.5,33,1237.5,9.400000000000034
1,301.5,310.6,1525,41.9,204,8547.6,9.100000000000023
2,300.4,310.2,1380,47.3,5,236.5,9.800000000000011
1,300.8,310.8,1741,27.1,39,1056.9,10.0
2,301.8,310.8,1508,38.8,96,3724.7999999999997,9.0
1,303.9,313.1,1440,41.1,12,493.20000000000005,9.200000000000045
2,304.0,313.0,1454,46.8,30,1404.0,9.0
1,300.7,311.0,1403,48.3,70,3381.0,10.300000000000011
2,300.7,311.0,1413,44.3,72,3189.6,10.300000000000011
1,300.2,309.8,1430,55.0,102,5610.0,9.600000000000023
1,301.5,310.7,1596,35.4,150,5310.0,9.199999999999989
2,302.3,310.8,1762,27.8,127,3530.6,8.5
1,300.3,311.1,1606,30.9,156,4820.4,10.800000000000011
1,301.2,310.4,1516,44.4,53,2353.2,9.199999999999989
1,297.9,308.1,1531,40.8,2,81.6,10.200000000000045
2,298.6,309.4,1460,43.8,138,6044.4,10.799999999999955
1,300.5,309.6,1366,50.2,219,10993.800000000001,9.100000000000023
1,297.0,307.7,1315,60.1,128,7692.8,10.699999999999989
1,303.5,312.0,1436,45.1,32,1443.2,8.5
1,300.6,310.0,1505,35.9,95,3410.5,9.399999999999977
1,297.5,309.3,1732,29.9,32,956.8,11.800000000000011
1,300.7,311.0,1413,52.0,91,4732.0,10.300000000000011
1,296.9,307.9,1359,56.5,110,6215.0,11.0
1,300.7,311.2,1399,47.9,80,3832.0,10.5
1,299.0,308.4,1571,38.6,5,193.0,9.399999999999977
2,302.1,311.4,1467,43.4,33,1432.2,9.299999999999955
2,300.7,311.5,1441,40.6,33,1339.8,10.800000000000011
2,302.6,311.0,1329,48.6,111,5394.6,8.399999999999977
2,297.3,308.6,1471,50.7,157,7959.900000000001,11.300000000000011
2,300.3,309.3,1391,57.9,204,11811.6,9.0
1,302.6,311.5,1427,38.9,213,8285.699999999999,8.899999999999977
2,299.1,310.0,1580,36.0,195,7020.0,10.899999999999977
1,299.0,310.2,1575,37.8,42,1587.6,11.199999999999989
0,302.7,311.1,1418,43.4,130,5642.0,8.400000000000034
1,303.1,311.3,1474,34.8,215,7481.999999999999,8.199999999999989
2,300.7,311.0,1378,51.6,130,6708.0,10.300000000000011
1,304.1,313.4,1374,56.6,115,6509.0,9.299999999999955
2,298.8,309.0,1661,29.5,162,4779.0,10.199999999999989
1,300.8,311.4,1322,67.2,18,1209.6000000000001,10.599999999999966
2,297.6,308.9,1433,43.2,206,8899.2,11.299999999999955
1,299.0,308.6,1661,32.2,106,3413.2000000000003,9.600000000000023
2,300.4,311.6,1401,49.9,79,3942.1,11.200000000000045
2,298.2,309.4,1408,46.5,76,3534.0,11.199999999999989
2,299.9,309.6,1364,44.4,20,888.0,9.700000000000045
1,299.7,309.0,1605,33.0,151,4983.0,9.300000000000011
2,299.7,309.6,1534,39.1,176,6881.6,9.900000000000034
0,300.9,312.0,2129,17.8,173,3079.4,11.100000000000023
1,303.1,311.1,1854,22.6,19,429.40000000000003,8.0
1,300.6,309.8,1688,28.6,135,3861.0,9.199999999999989
2,298.9,308.7,1772,28.4,177,5026.8,9.800000000000011
1,301.2,311.7,1433,49.3,206,10155.8,10.5
2,299.0,310.2,1625,31.8,89,2830.2000000000003,11.199999999999989
1,302.1,310.8,1786,25.7,47,1207.8999999999999,8.699999999999989
2,299.7,309.1,1851,24.7,189,4668.3,9.400000000000034
1,298.9,308.3,1660,34.4,9,309.59999999999997,9.400000000000034
0,298.9,309.9,1376,51.0,32,1632.0,11.0
1,298.5,308.8,1589,30.6,11,336.6,10.300000000000011
1,302.1,310.5,1559,36.0,124,4464.0,8.399999999999977
1,298.7,310.1,1786,27.7,114,3157.7999999999997,11.400000000000034
0,303.4,311.7,1991,19.0,53,1007.0,8.300000000000011
1,298.2,308.8,1616,33.7,16,539.2,10.600000000000023
1,301.6,311.2,1525,43.7,91,3976.7000000000003,9.599999999999966
1,302.2,311.7,1330,54.6,154,8408.4,9.5
2,298.3,308.7,1667,28.6,18,514.8000000000001,10.399999999999977
1,303.4,312.3,1479,42.8,92,3937.6,8.900000000000034
1,299.0,309.4,1758,25.7,68,1747.6,10.399999999999977
1,300.5,311.2,1270,67.5,208,14040.0,10.699999999999989
1,298.5,309.1,1474,41.3,189,7805.7,10.600000000000023
2,301.8,311.3,1624,31.6,145,4582.0,9.5
0,300.8,311.4,1453,44.6,38,1694.8,10.599999999999966
1,300.7,309.5,1592,29.0,17,493.0,8.800000000000011
1,300.7,309.6,1500,44.1,122,5380.2,8.900000000000034
1,302.7,310.5,1446,40.9,211,8629.9,7.800000000000011
2,301.3,311.1,1492,41.2,223,9187.6,9.800000000000011
1,298.4,309.2,1651,28.5,141,4018.5,10.800000000000011
0,300.6,311.1,1452,40.2,28,1125.6000000000001,10.5
1,304.3,313.6,1409,56.0,19,1064.0,9.300000000000011
1,300.2,309.7,1656,34.3,120,4116.0,9.5
2,299.9,311.4,1480,44.9,108,4849.2,11.5
2,299.9,309.9,1639,42.1,159,6693.900000000001,10.0
1,301.3,310.3,1626,31.3,180,5634.0,9.0
1,303.5,312.4,1390,47.3,164,7757.2,8.899999999999977
1,300.6,310.4,1446,49.7,155,7703.5,9.799999999999955
2,298.6,310.2,1668,31.5,7,220.5,11.599999999999966
2,298.7,309.7,1868,23.8,118,2808.4,11.0
0,300.1,311.5,1422,46.2,134,6190.8,11.399999999999977
1,298.6,309.6,1491,36.9,192,7084.799999999999,11.0
2,300.4,309.4,1875,23.9,155,3704.5,9.0
2,295.8,306.5,1514,37.7,60,2262.0,10.699999999999989
0,303.7,312.8,1488,42.8,54,2311.2,9.100000000000023
1,299.0,308.7,1449,38.9,18,700.1999999999999,9.699999999999989
1,298.9,310.0,2231,17.4,151,2627.3999999999996,11.100000000000023
2,298.8,309.7,1477,48.5,138,6693.0,10.899999999999977
1,301.3,311.0,1348,44.5,78,3471.0,9.699999999999989
1,303.6,312.8,1710,27.2,14,380.8,9.199999999999989
1,300.1,309.7,1641,30.4,41,1246.3999999999999,9.599999999999966
1,302.2,311.4,1397,53.0,17,901.0,9.199999999999989
1,299.0,310.1,1531,36.0,57,2052.0,11.100000000000023
1,299.5,309.1,1502,44.6,13,579.8000000000001,9.600000000000023
1,303.7,312.9,1461,50.1,31,1553.1000000000001,9.199999999999989
1,300.4,309.7,1467,36.9,131,4833.9,9.300000000000011
1,297.6,309.5,1574,30.9,151,4665.9,11.899999999999977
1,299.1,310.1,1894,24.2,22,532.4,11.0
1,300.6,310.2,1489,47.8,21,1003.8,9.599999999999966
1,298.2,308.4,1452,43.5,158,6873.0,10.199999999999989
2,303.0,312.5,1524,42.1,76,3199.6,9.5
2,297.6,308.7,1419,41.7,81,3377.7000000000003,11.099999999999966
1,297.4,308.7,1433,43.4,116,5034.4,11.300000000000011
1,298.3,308.0,1363,50.1,96,4809.6,9.699999999999989
1,301.7,309.8,1398,46.0,109,5014.0,8.100000000000023
2,300.5,309.3,1881,25.5,98,2499.0,8.800000000000011
1,300.8,311.9,1486,45.1,30,1353.0,11.099999999999966
1,302.3,311.6,1309,57.6,77,4435.2,9.300000000000011
2,303.5,312.4,1606,31.7,22,697.4,8.899999999999977
1,300.7,310.2,1807,24.2,77,1863.3999999999999,9.5
2,303.2,311.4,2102,19.0,5,95.0,8.199999999999989
1,302.7,310.5,1725,29.0,209,6061.0,7.800000000000011
2,297.3,308.5,1625,32.8,92,3017.6,11.199999999999989
2,302.5,310.4,1605,36.0,69,2484.0,7.899999999999977
1,300.9,310.8,1490,38.1,125,4762.5,9.900000000000034
1,297.1,307.8,1681,27.6,181,4995.6,10.699999999999989
1,298.3,309.0,1471,48.3,91,4395.3,10.699999999999989
2,298.8,309.7,1392,48.7,133,6477.1,10.899999999999977
2,297.6,309.6,1530,37.3,10,373.0,12.0
2,301.0,310.9,1554,32.7,59,1929.3000000000002,9.899999999999977
1,295.6,306.0,1949,21.9,5,109.5,10.399999999999977
1,302.3,311.4,1535,41.8,77,3218.6,9.099999999999966
2,297.5,308.2,1624,30.9,186,5747.4,10.699999999999989
2,297.6,309.7,1541,33.7,165,5560.500000000001,12.099999999999966
2,300.0,310.1,1314,53.5,199,10646.5,10.100000000000023
1,299.7,310.6,1616,35.1,142,4984.2,10.900000000000034
1,301.9,310.8,1650,29.8,94,2801.2000000000003,8.900000000000034
1,299.2,310.2,1458,47.0,183,8601.0,11.0
2,298.2,308.0,1411,47.2,168,7929.6,9.800000000000011
2,300.2,311.5,1547,40.9,66,2699.4,11.300000000000011
1,297.7,308.7,1688,27.2,125,3400.0,11.0
1,300.4,309.9,1681,28.6,206,5891.6,9.5
1,302.3,311.1,1589,29.9,141,4215.9,8.800000000000011
2,300.2,310.1,1619,31.3,38,1189.4,9.900000000000034
1,299.3,308.6,1605,37.0,78,2886.0,9.300000000000011
2,301.8,310.7,1383,45.7,44,2010.8000000000002,8.899999999999977
1,303.1,312.4,1404,61.5,127,7810.5,9.299999999999955
1,300.5,311.8,1596,34.8,87,3027.6,11.300000000000011
1,299.8,311.2,1533,35.9,137,4918.3,11.399999999999977
2,301.5,310.6,1492,43.0,100,4300.0,9.100000000000023
2,299.2,308.3,1755,26.4,19,501.59999999999997,9.100000000000023
1,299.4,308.9,1550,33.7,174,5863.8,9.5
1,299.4,309.2,1433,42.1,22,926.2,9.800000000000011
1,300.3,311.4,1544,41.6,97,4035.2000000000003,11.099999999999966
2,297.5,308.2,1713,32.2,17,547.4000000000001,10.699999999999989
1,299.2,310.5,1458,44.1,91,4013.1,11.300000000000011
1,297.6,309.5,1569,36.2,63,2280.6000000000004,11.899999999999977
2,296.4,307.3,2077,19.1,80,1528.0,10.900000000000034
1,302.5,310.4,1487,42.0,152,6384.0,7.899999999999977
2,298.1,308.5,1372,51.1,116,5927.6,10.399999999999977
1,303.7,312.4,1404,46.6,119,5545.400000000001,8.699999999999989
2,298.8,310.1,1719,28.8,206,5932.8,11.300000000000011
0,299.1,308.3,1451,42.8,21,898.8,9.199999999999989
1,298.0,308.9,1500,36.7,104,3816.8,10.899999999999977
0,301.5,310.6,1512,39.0,143,5577.0,9.100000000000023
1,302.5,311.9,1481,42.9,52,2230.7999999999997,9.399999999999977
1,300.8,312.1,1512,37.1,169,6269.900000000001,11.300000000000011
1,297.2,308.6,1392,41.5,108,4482.0,11.400000000000034
1,297.9,309.8,1461,50.5,38,1919.0,11.900000000000034
1,302.0,310.7,1453,42.7,92,3928.4,8.699999999999989
1,300.6,309.4,1654,32.8,57,1869.6,8.799999999999955
1,298.3,308.1,1586,35.5,0,0.0,9.800000000000011
2,300.4,309.7,1466,39.8,184,7323.2,9.300000000000011
1,300.8,312.0,1416,46.5,7,325.5,11.199999999999989
2,300.8,310.7,1886,21.1,44,928.4000000000001,9.899999999999977
2,300.6,310.5,2156,18.0,16,288.0,9.899999999999977
2,301.3,310.6,1378,49.4,173,8546.199999999999,9.300000000000011
1,301.1,310.7,1334,48.2,106,5109.200000000001,9.599999999999966
2,300.1,311.3,1495,41.0,193,7913.0,11.199999999999989
1,302.5,310.3,1326,58.5,55,3217.5,7.800000000000011
1,302.0,311.2,1270,65.3,182,11884.6,9.199999999999989
2,298.0,307.6,1508,41.8,89,3720.2,9.600000000000023
2,297.6,307.1,1471,44.9,14,628.6,9.5
2,302.2,310.9,1465,43.5,140,6090.0,8.699999999999989
1,300.9,310.4,1427,47.0,65,3055.0,9.5
1,302.0,310.7,1348,58.1,83,4822.3,8.699999999999989
1,301.0,311.7,1547,34.5,152,5244.0,10.699999999999989
1,300.8,311.7,1414,49.0,10,490.0,10.899999999999977
0,301.9,311.0,1430,49.8,174,8665.199999999999,9.100000000000023
2,300.8,309.6,1546,42.3,186,7867.799999999999,8.800000000000011
1,301.4,310.7,1425,45.1,7,315.7,9.300000000000011
2,302.3,311.0,1421,41.3,182,7516.599999999999,8.699999999999989
2,302.3,311.7,1423,44.6,93,4147.8,9.399999999999977
1,299.8,310.3,1687,30.4,33,1003.1999999999999,10.5
2,301.0,311.3,1454,41.5,57,2365.5,10.300000000000011
2,298.1,308.0,1686,29.3,35,1025.5,9.899999999999977
1,303.5,311.9,1515,39.2,24,940.8000000000001,8.399999999999977
1,296.5,307.5,1443,41.8,87,3636.6,11.0
1,303.4,311.9,1531,37.9,203,7693.7,8.5
2,299.9,309.5,1582,38.2,160,6112.0,9.600000000000023
2,300.8,310.3,1494,42.2,35,1477.0,9.5
2,300.5,311.7,2141,17.2,196,3371.2,11.199999999999989
1,301.7,311.3,1348,51.0,87,4437.0,9.600000000000023
2,297.3,308.7,1542,37.0,184,6808.0,11.399999999999977
1,298.1,307.9,1425,58.2,57,3317.4,9.799999999999955
1,297.3,308.5,1528,44.5,140,6230.0,11.199999999999989
2,300.1,311.6,1433,51.4,76,3906.4,11.5
1,299.1,310.5,1736,26.9,74,1990.6,11.399999999999977
0,300.2,311.4,1319,54.6,15,819.0,11.199999999999989
2,299.7,309.1,1352,46.1,102,4702.2,9.400000000000034
2,300.9,311.9,1310,56.1,35,1963.5,11.0
1,297.4,308.7,2874,4.2,118,495.6,11.300000000000011
0,300.2,309.8,1374,47.7,8,381.6,9.600000000000023
1,302.4,312.0,1457,45.5,206,9373.0,9.600000000000023
2,301.7,311.1,1578,40.5,174,7047.0,9.400000000000034
2,297.2,308.5,1364,55.6,163,9062.800000000001,11.300000000000011
1,303.6,311.7,1491,39.8,92,3661.6,8.099999999999966
2,300.4,311.0,1433,46.1,199,9173.9,10.600000000000023
1,300.8,310.9,1732,25.7,109,2801.2999999999997,10.099999999999966
1,303.7,312.6,1702,29.1,141,4103.1,8.900000000000034
2,297.2,308.5,1604,34.9,200,6980.0,11.300000000000011
1,298.4,309.3,1806,27.6,64,1766.4,10.900000000000034
1,300.0,309.3,1397,51.2,173,8857.6,9.300000000000011
1,304.0,313.2,1416,46.0,128,5888.0,9.199999999999989
1,302.0,310.7,1698,28.1,39,1095.9,8.699999999999989
1,300.5,311.4,1642,27.1,37,1002.7,10.899999999999977
0,297.9,308.0,1800,24.8,44,1091.2,10.100000000000023
2,299.6,309.2,1393,47.7,28,1335.6000000000001,9.599999999999966
1,303.5,311.8,1944,23.5,159,3736.5,8.300000000000011
1,303.4,312.8,1513,35.8,92,3293.6,9.400000000000034
1,300.9,311.3,1449,40.2,168,6753.6,10.400000000000034
0,302.5,312.0,1579,35.7,167,5961.900000000001,9.5
1,298.8,310.0,1672,30.4,150,4560.0,11.199999999999989
1,297.5,308.4,1384,56.0,73,4088.0,10.899999999999977
1,298.3,309.2,1562,37.6,137,5151.2,10.899999999999977
2,302.3,311.8,1559,34.4,191,6570.4,9.5
1,304.1,313.2,1824,25.8,186,4798.8,9.099999999999966
2,297.5,308.5,1447,41.6,118,4908.8,11.0
1,298.8,310.0,1611,32.4,183,5929.2,11.199999999999989
1,304.0,313.1,1648,35.7,119,4248.3,9.100000000000023
1,300.0,309.7,1554,32.0,117,3744.0,9.699999999999989
1,302.1,310.7,1491,42.8,98,4194.4,8.599999999999966
1,299.5,308.7,2549,13.0,179,2327.0,9.199999999999989
2,297.5,309.4,1391,58.2,34,1978.8000000000002,11.899999999999977
1,297.6,308.3,1623,36.9,61,2250.9,10.699999999999989
1,298.4,308.0,1605,32.4,154,4989.599999999999,9.600000000000023
1,302.7,312.1,1601,35.2,31,1091.2,9.400000000000034
1,298.6,309.4,2312,15.5,44,682.0,10.799999999999955
1,300.3,311.5,1403,60.1,58,3485.8,11.199999999999989
2,299.7,309.6,1313,60.0,186,11160.0,9.900000000000034
2,303.7,312.6,1671,30.5,163,4971.5,8.900000000000034
2,300.2,310.3,1704,29.2,42,1226.3999999999999,10.100000000000023
1,300.8,311.8,1427,43.3,180,7793.999999999999,11.0
1,298.7,309.6,1442,55.6,194,10786.4,10.900000000000034
1,300.1,311.3,1479,39.5,133,5253.5,11.199999999999989
1,298.3,308.9,1862,27.0,172,4644.0,10.599999999999966
1,300.8,311.4,1536,40.9,22,899.8,10.599999999999966
0,298.5,309.1,2051,19.0,184,3496.0,10.600000000000023
0,296.9,307.8,1345,54.5,172,9374.0,10.900000000000034
2,300.2,310.3,1704,29.4,221,6497.4,10.100000000000023
1,302.1,311.4,1549,44.6,31,1382.6000000000001,9.299999999999955
2,298.1,307.8,1384,43.7,200,8740.0,9.699999999999989
1,303.5,313.0,1482,38.5,82,3157.0,9.5
1,298.2,307.8,1439,41.6,62,2579.2000000000003,9.600000000000023
2,298.9,309.8,1353,53.7,71,3812.7000000000003,10.900000000000034
1,299.1,308.1,1479,40.7,10,407.0,9.0
1,297.4,308.1,1435,45.7,110,5027.0,10.700000000000045
1,301.2,311.0,1567,35.1,64,2246.4,9.800000000000011
0,301.8,311.1,1463,50.1,149,7464.900000000001,9.300000000000011
1,299.3,309.0,1786,23.5,100,2350.0,9.699999999999989
1,297.2,308.6,1413,49.8,12,597.5999999999999,11.400000000000034
1,298.1,308.3,1495,38.7,188,7275.6,10.199999999999989
1,303.6,312.4,2232,16.8,0,0.0,8.799999999999955
2,301.1,311.3,1909,22.7,38,862.6,10.199999999999989
1,299.2,308.4,1620,34.1,89,3034.9,9.199999999999989
1,300.8,312.3,1858,26.3,144,3787.2000000000003,11.5
1,297.4,308.7,1402,40.2,114,4582.8,11.300000000000011
2,301.7,310.1,1431,44.0,61,2684.0,8.400000000000034
1,298.2,307.8,1585,34.6,78,2698.8,9.600000000000023
2,303.8,312.6,1406,47.1,162,7630.2,8.800000000000011
1,295.6,306.2,1823,25.8,29,748.2,10.599999999999966
1,304.2,313.2,1464,44.9,37,1661.3,9.0
2,302.4,311.8,1644,37.2,195,7254.000000000001,9.400000000000034
2,295.6,306.1,1669,29.0,161,4669.0,10.5
1,297.2,308.3,1656,30.3,124,3757.2000000000003,11.100000000000023
2,298.0,308.2,1373,51.2,215,11008.0,10.199999999999989
1,298.1,309.0,1557,36.0,56,2016.0,10.899999999999977
2,298.6,309.5,1566,38.1,89,3390.9,10.899999999999977
2,302.3,311.2,1842,23.9,111,2652.8999999999996,8.899999999999977
1,302.1,311.4,1518,37.4,102,3814.7999999999997,9.299999999999955
2,300.2,311.4,1427,39.7,196,7781.200000000001,11.199999999999989
1,301.4,310.4,1559,39.4,199,7840.599999999999,9.0
0,301.5,310.5,1587,33.8,57,1926.6,9.0
1,300.7,310.6,1407,40.5,87,3523.5,9.900000000000034
1,300.0,311.4,1483,45.6,187,8527.2,11.399999999999977
0,298.2,308.8,1837,28.4,34,965.5999999999999,10.600000000000023
1,300.6,311.7,1448,49.1,206,10114.6,11.099999999999966
1,297.9,309.1,1457,44.4,28,1243.2,11.200000000000045
0,299.6,310.9,1679,31.2,120,3744.0,11.299999999999955
1,301.1,310.5,1428,44.1,103,4542.3,9.399999999999977
2,297.9,309.1,1558,39.2,59,2312.8,11.200000000000045
2,298.0,309.9,1565,33.9,40,1356.0,11.899999999999977
1,301.2,310.6,1670,30.0,40,1200.0,9.400000000000034
2,296.3,307.2,1286,51.1,177,9044.7,10.899999999999977
2,296.6,307.4,1790,25.8,72,1857.6000000000001,10.799999999999955
0,300.8,310.6,1465,44.1,136,5997.6,9.800000000000011
2,297.8,307.3,1315,54.0,180,9720.0,9.5
1,301.7,310.6,1624,34.5,216,7452.0,8.900000000000034
2,301.0,310.7,1455,46.1,103,4748.3,9.699999999999989
1,299.0,310.1,1664,29.7,89,2643.2999999999997,11.100000000000023
1,297.4,308.6,1524,43.1,73,3146.3,11.200000000000045
1,301.8,310.8,1505,41.2,33,1359.6000000000001,9.0
0,297.3,308.4,1531,35.6,16,569.6,11.099999999999966
2,299.8,309.7,1705,28.5,103,2935.5,9.899999999999977
2,301.4,310.8,1782,26.5,6,159.0,9.400000000000034
2,298.9,310.2,1603,36.1,126,4548.6,11.300000000000011
2,298.6,309.6,1525,42.4,2,84.8,11.0
2,297.5,308.3,1459,45.2,34,1536.8000000000002,10.800000000000011
1,298.3,308.5,1453,42.9,89,3818.1,10.199999999999989
2,301.4,311.1,1758,25.4,88,2235.2,9.700000000000045
2,298.2,307.8,1599,31.2,173,5397.599999999999,9.600000000000023
1,303.3,311.6,1337,56.8,187,10621.6,8.300000000000011
2,301.7,310.7,1861,21.8,84,1831.2,9.0
1,297.4,309.0,1833,22.6,161,3638.6000000000004,11.600000000000023
1,302.5,310.9,1624,34.4,146,5022.4,8.399999999999977
2,297.5,308.6,1842,27.0,133,3591.0,11.100000000000023
1,300.1,310.4,1554,39.4,115,4531.0,10.299999999999955
2,298.0,308.0,1555,37.0,111,4107.0,10.0
0,297.0,307.9,1448,45.6,172,7843.2,10.899999999999977
1,298.9,309.1,2861,4.6,143,657.8,10.200000000000045
2,300.2,310.2,1438,51.5,7,360.5,10.0
0,298.3,309.4,1631,29.8,0,0.0,11.099999999999966
1,300.6,309.8,1455,48.0,125,6000.0,9.199999999999989
1,299.6,309.1,1476,45.3,166,7519.799999999999,9.5
1,300.5,311.9,1710,28.4,158,4487.2,11.399999999999977
1,300.2,311.7,1448,54.2,173,9376.6,11.5
0,299.0,308.2,1662,30.4,55,1672.0,9.199999999999989
2,300.6,309.4,1541,35.2,105,3696.0000000000005,8.799999999999955
1,302.2,311.3,1554,40.2,118,4743.6,9.100000000000023
1,300.7,311.8,1443,43.7,217,9482.900000000001,11.100000000000023
1,298.9,310.4,1831,25.4,81,2057.4,11.5
1,298.5,308.0,1379,49.6,152,7539.2,9.5
1,302.0,309.7,1414,36.3,209,7586.7,7.699999999999989
1,297.8,309.7,1394,42.9,206,8837.4,11.899999999999977
2,297.3,308.1,1369,52.0,214,11128.0,10.800000000000011
2,301.0,310.4,1793,25.0,142,3550.0,9.399999999999977
1,302.6,311.0,1620,36.2,139,5031.8,8.399999999999977
2,300.6,309.4,1581,35.7,117,4176.900000000001,8.799999999999955
1,298.5,309.4,1548,37.7,43,1621.1000000000001,10.899999999999977
2,299.5,309.3,1902,24.0,151,3624.0,9.800000000000011
2,299.2,310.8,1502,39.8,177,7044.599999999999,11.600000000000023
1,297.0,307.8,1414,47.5,168,7980.0,10.800000000000011
2,301.6,309.9,1746,31.1,83,2581.3,8.299999999999955
2,303.3,311.5,1373,47.3,60,2838.0,8.199999999999989
1,299.3,308.5,1413,38.5,57,2194.5,9.199999999999989
1,298.3,309.7,1484,44.3,173,7663.9,11.399999999999977
1,302.3,311.7,1453,41.2,147,6056.400000000001,9.399999999999977
0,299.4,309.2,1513,36.1,212,7653.200000000001,9.800000000000011
1,297.5,308.8,1502,45.9,150,6885.0,11.300000000000011
2,297.1,308.4,1421,42.0,165,6930.0,11.299999999999955
2,300.2,310.1,1485,40.5,188,7614.0,9.900000000000034
1,303.5,312.5,1380,46.1,166,7652.6,9.0
1,302.5,310.4,1487,40.2,48,1929.6000000000001,7.899999999999977
0,299.1,308.2,1450,46.1,112,5163.2,9.099999999999966
2,300.8,309.6,1404,38.7,44,1702.8000000000002,8.800000000000011
0,298.6,309.5,1375,41.0,39,1599.0,10.899999999999977
0,301.3,310.0,1532,36.3,2,72.6,8.699999999999989
2,296.8,307.8,1551,38.9,112,4356.8,11.0
0,301.1,310.6,1388,58.5,68,3978.0,9.5
1,303.7,312.8,1448,44.5,55,2447.5,9.100000000000023
0,304.2,313.0,1442,40.9,23,940.6999999999999,8.800000000000011
1,297.4,308.6,1494,42.6,161,6858.6,11.200000000000045
1,298.0,307.7,1407,43.9,205,8999.5,9.699999999999989
0,302.3,310.1,1383,42.9,24,1029.6,7.800000000000011
0,304.2,313.3,1625,37.3,27,1007.0999999999999,9.100000000000023
2,299.3,310.8,1523,40.9,141,5766.9,11.5
1,299.1,308.3,1601,31.4,121,3799.3999999999996,9.199999999999989
2,299.9,309.2,1548,35.7,97,3462.9,9.300000000000011
0,303.3,312.6,1827,24.2,132,3194.4,9.300000000000011
2,299.1,310.1,1412,44.4,24,1065.6,11.0
1,302.3,310.2,1548,35.3,170,6000.999999999999,7.899999999999977
1,298.4,309.3,1531,37.4,16,598.4,10.900000000000034
1,304.1,313.3,1452,43.9,182,7989.8,9.199999999999989
2,301.2,310.9,1460,46.7,166,7752.200000000001,9.699999999999989
2,299.6,308.9,1568,35.3,77,2718.1,9.299999999999955
1,303.3,312.6,1463,44.0,140,6160.0,9.300000000000011
1,299.4,308.7,1459,47.6,96,4569.6,9.300000000000011
2,302.6,311.6,2041,19.2,174,3340.7999999999997,9.0
2,299.6,309.3,1577,39.8,48,1910.3999999999999,9.699999999999989
2,300.5,311.9,1670,26.3,89,2340.7000000000003,11.399999999999977
1,303.7,312.3,1511,38.9,117,4551.3,8.600000000000023
1,298.3,309.0,1519,40.0,96,3840.0,10.699999999999989
2,300.8,310.6,1505,36.2,0,0.0,9.800000000000011
1,299.1,308.3,1892,25.2,34,856.8,9.199999999999989
2,303.4,311.8,1316,50.9,69,3512.1,8.400000000000034
1,298.2,308.3,1589,33.2,94,3120.8,10.100000000000023
1,298.9,309.3,1665,32.5,93,3022.5,10.400000000000034
1,298.0,307.8,1567,36.4,109,3967.6,9.800000000000011
2,299.2,308.2,1674,28.2,14,394.8,9.0
1,302.3,311.0,1528,43.1,30,1293.0,8.699999999999989
1,300.2,311.4,1452,47.8,34,1625.1999999999998,11.199999999999989
2,303.8,312.7,1500,41.7,125,5212.5,8.899999999999977
1,301.8,310.9,1609,31.7,202,6403.4,9.099999999999966
2,304.3,313.5,1416,48.1,167,8032.7,9.199999999999989
2,301.2,310.3,1379,43.2,56,2419.2000000000003,9.100000000000023
1,296.9,307.9,1367,47.1,204,9608.4,11.0
2,298.1,308.7,1315,56.8,59,3351.2,10.599999999999966
2,300.6,309.5,1550,40.2,96,3859.2000000000003,8.899999999999977
1,298.8,309.8,1463,40.0,90,3600.0,11.0
2,297.4,308.9,1323,57.3,163,9339.9,11.5
1,301.3,310.8,1628,32.2,43,1384.6000000000001,9.5
1,301.1,310.8,1608,32.9,119,3915.1,9.699999999999989
1,297.5,309.4,1443,45.4,70,3178.0,11.899999999999977
0,298.5,309.2,1568,40.6,39,1583.4,10.699999999999989
1,302.6,311.7,1254,54.1,19,1027.9,9.099999999999966
2,299.9,309.5,2065,18.1,62,1122.2,9.600000000000023
0,301.7,310.5,1388,50.5,176,8888.0,8.800000000000011
1,299.8,309.4,1630,32.4,53,1717.1999999999998,9.599999999999966
1,300.5,311.5,1651,36.9,65,2398.5,11.0
1,300.7,310.7,1416,40.4,214,8645.6,10.0
0,298.4,308.9,1782,23.9,24,573.5999999999999,10.5
1,297.6,308.3,1617,31.7,39,1236.3,10.699999999999989
1,297.4,308.3,1704,27.3,65,1774.5,10.900000000000034
1,300.5,310.6,1540,46.7,206,9620.2,10.100000000000023
1,302.4,311.0,1329,54.6,176,9609.6,8.600000000000023
0,297.6,308.7,1659,32.1,49,1572.9,11.099999999999966
0,298.0,309.4,1490,40.5,53,2146.5,11.399999999999977
2,303.7,312.7,1469,48.5,147,7129.5,9.0
1,302.3,310.9,1412,48.9,28,1369.2,8.599999999999966
1,298.2,307.8,1627,31.5,64,2016.0,9.600000000000023
2,298.1,309.4,1362,47.6,70,3332.0,11.299999999999955
1,302.7,312.4,1444,48.7,9,438.3,9.699999999999989
1,299.2,310.4,1611,36.4,32,1164.8,11.199999999999989
2,300.4,310.1,1457,35.1,193,6774.3,9.700000000000045
1,303.5,312.3,1681,29.8,25,745.0,8.800000000000011
0,300.8,310.3,1457,46.8,182,8517.6,9.5
1,303.9,312.6,1642,32.3,127,4102.099999999999,8.700000000000045
1,299.6,309.4,1331,46.4,16,742.4,9.799999999999955
1,300.4,311.5,1596,32.5,154,5005.0,11.100000000000023
1,298.9,308.5,1467,44.7,136,6079.200000000001,9.600000000000023
1,299.3,308.7,1536,38.9,94,3656.6,9.399999999999977
0,297.3,308.5,1435,55.0,104,5720.0,11.199999999999989
1,302.6,311.8,1427,50.1,21,1052.1000000000001,9.199999999999989
1,299.0,310.2,1494,40.6,67,2720.2000000000003,11.199999999999989
1,303.4,311.6,1712,30.1,182,5478.2,8.200000000000045
0,297.3,308.8,1564,38.0,191,7258.0,11.5
0,298.1,307.6,1496,44.1,104,4586.400000000001,9.5
0,301.9,309.8,1724,27.5,126,3465.0,7.900000000000034
1,302.3,311.0,1591,32.7,171,5591.700000000001,8.699999999999989
1,298.0,308.5,1395,46.2,122,5636.400000000001,10.5
0,298.3,308.0,1553,41.0,52,2132.0,9.699999999999989
1,300.6,310.2,1341,52.6,21,1104.6000000000001,9.599999999999966
1,300.6,311.7,1488,47.7,22,1049.4,11.099999999999966
1,300.9,312.1,1711,28.8,74,2131.2000000000003,11.200000000000045
1,298.2,308.2,1988,21.4,41,877.4,10.0
2,303.7,312.7,1396,47.3,158,7473.4,9.0
1,299.5,309.3,1972,19.3,177,3416.1,9.800000000000011
1,300.4,311.8,1320,57.9,168,9727.199999999999,11.400000000000034
0,296.7,307.9,1424,53.8,133,7155.4,11.199999999999989
1,302.2,311.6,1658,31.4,89,2794.6,9.400000000000034
1,302.8,310.9,1708,29.8,42,1251.6000000000001,8.099999999999966
2,298.9,308.5,1555,37.6,142,5339.2,9.600000000000023
0,296.8,307.5,1695,30.0,33,990.0,10.699999999999989
2,302.7,312.2,1350,58.6,2,117.2,9.5
2,298.0,308.1,1403,44.8,148,6630.4,10.100000000000023
1,297.5,308.4,1747,31.0,45,1395.0,10.899999999999977
1,300.9,311.0,1316,56.5,120,6780.0,10.100000000000023
1,301.3,310.4,1507,39.1,194,7585.400000000001,9.099999999999966
1,295.9,306.6,1414,50.2,51,2560.2000000000003,10.700000000000045
0,300.5,310.9,1447,46.5,137,6370.5,10.399999999999977
1,298.4,308.6,1477,44.0,124,5456.0,10.200000000000045
1,301.7,310.5,1399,53.2,174,9256.800000000001,8.800000000000011
2,302.1,310.8,1409,41.3,39,1610.6999999999998,8.699999999999989
0,297.3,308.6,1688,29.4,166,4880.4,11.300000000000011
1,299.8,309.4,1609,32.5,27,877.5,9.599999999999966
2,301.3,310.1,1525,37.8,199,7522.2,8.800000000000011
1,300.3,310.0,1560,40.8,182,7425.599999999999,9.699999999999989
1,300.4,309.5,1447,39.3,110,4323.0,9.100000000000023
2,295.4,305.8,1526,38.2,181,6914.200000000001,10.400000000000034
1,298.6,309.8,1497,41.6,118,4908.8,11.199999999999989
1,301.0,310.4,2204,16.6,175,2905.0000000000005,9.399999999999977
1,304.1,313.1,1969,20.8,59,1227.2,9.0
2,300.0,309.1,1474,45.2,152,6870.400000000001,9.100000000000023
1,299.1,308.3,1305,61.4,17,1043.8,9.199999999999989
1,300.8,311.2,1376,48.1,172,8273.2,10.399999999999977
2,299.0,309.7,1418,44.7,209,9342.300000000001,10.699999999999989
1,300.7,311.9,1462,39.7,181,7185.700000000001,11.199999999999989
2,297.3,308.7,1655,34.1,21,716.1,11.399999999999977
2,298.0,308.7,1377,48.5,181,8778.5,10.699999999999989
1,301.9,310.6,1610,33.4,87,2905.7999999999997,8.700000000000045
2,298.4,309.1,1467,39.6,78,3088.8,10.700000000000045
2,303.0,312.5,1602,33.7,135,4549.5,9.5
1,299.2,310.4,1379,46.8,39,1825.1999999999998,11.199999999999989
2,298.0,308.6,1453,44.1,165,7276.5,10.600000000000023
0,302.3,311.7,1449,44.5,152,6764.0,9.399999999999977
2,299.8,311.1,1763,25.5,171,4360.5,11.300000000000011
0,297.0,308.1,2540,13.3,98,1303.4,11.100000000000023
0,301.3,310.6,1605,32.5,59,1917.5,9.300000000000011
1,301.7,310.7,2023,20.9,5,104.5,9.0
1,300.3,310.4,1742,25.9,7,181.29999999999998,10.099999999999966
1,299.3,309.2,1465,41.5,127,5270.5,9.899999999999977
1,302.5,311.5,1985,18.8,190,3572.0,9.0
2,302.4,310.4,1586,34.3,149,5110.7,8.0
1,299.0,308.5,1604,34.7,159,5517.3,9.5
2,299.4,310.7,1492,45.7,219,10008.300000000001,11.300000000000011
1,301.8,310.8,1736,26.5,56,1484.0,9.0
1,304.1,313.3,1459,50.3,39,1961.6999999999998,9.199999999999989
2,297.5,308.9,1436,44.8,2,89.6,11.399999999999977
1,299.3,308.6,1433,37.7,42,1583.4,9.300000000000011
1,302.0,310.5,1809,27.1,175,4742.5,8.5
1,300.8,311.1,1509,33.4,172,5744.8,10.300000000000011
1,304.0,312.9,1313,53.9,202,10887.8,8.899999999999977
2,301.8,311.1,1399,41.8,125,5225.0,9.300000000000011
1,296.3,307.3,1444,49.0,13,637.0,11.0
1,300.1,311.5,1471,47.2,201,9487.2,11.399999999999977
1,302.2,310.8,1438,41.4,66,2732.4,8.600000000000023
2,300.3,311.5,1528,40.9,76,3108.4,11.199999999999989
1,300.7,310.6,1447,40.7,82,3337.4,9.900000000000034
1,297.6,309.5,1549,34.9,68,2373.2,11.899999999999977
2,300.5,311.5,1378,48.2,82,3952.4,11.0
1,298.1,307.7,1388,40.3,109,4392.7,9.599999999999966
1,300.3,311.7,1635,31.8,156,4960.8,11.399999999999977
1,302.0,311.3,1567,41.1,26,1068.6000000000001,9.300000000000011
1,298.8,308.7,1450,43.4,66,2864.4,9.899999999999977
1,299.3,308.7,1579,36.3,211,7659.299999999999,9.399999999999977
1,301.4,310.1,1502,46.6,37,1724.2,8.700000000000045
1,302.5,312.2,1775,27.9,56,1562.3999999999999,9.699999999999989
2,304.0,313.2,1500,40.6,124,5034.400000000001,9.199999999999989
2,300.3,311.5,1445,47.3,40,1892.0,11.199999999999989
1,300.8,311.9,1560,31.8,21,667.8000000000001,11.099999999999966
1,302.6,312.3,1554,42.0,58,2436.0,9.699999999999989
0,302.4,310.2,1435,44.9,127,5702.3,7.800000000000011
1,297.7,309.3,1893,24.6,15,369.0,11.600000000000023
1,300.8,311.2,1397,48.7,111,5405.700000000001,10.399999999999977
1,301.9,310.4,1889,21.5,92,1978.0,8.5
1,297.9,309.4,1558,35.7,39,1392.3000000000002,11.5
1,298.2,308.2,1466,42.4,164,6953.599999999999,10.0
2,298.2,307.7,1952,21.6,93,2008.8000000000002,9.5
2,297.2,307.9,1530,35.9,197,7072.299999999999,10.699999999999989
2,303.7,313.0,1469,39.9,137,5466.3,9.300000000000011
1,302.3,311.2,1386,50.3,110,5533.0,8.899999999999977
2,298.2,308.9,1592,35.2,142,4998.400000000001,10.699999999999989
1,301.7,310.6,1743,26.2,71,1860.2,8.900000000000034
2,300.4,309.7,1440,42.8,104,4451.2,9.300000000000011
2,298.3,308.1,1722,28.6,89,2545.4,9.800000000000011
1,299.2,308.6,1381,50.0,193,9650.0,9.400000000000034
1,299.1,308.4,1543,37.9,130,4927.0,9.299999999999955
2,300.7,311.3,1348,53.0,35,1855.0,10.600000000000023
1,304.1,313.3,1883,24.5,190,4655.0,9.199999999999989
2,303.8,312.8,1420,47.9,200,9580.0,9.0
0,299.8,309.2,1435,42.6,111,4728.6,9.399999999999977
1,298.9,309.1,1383,54.9,145,7960.5,10.200000000000045
2,301.7,311.2,1563,34.5,139,4795.5,9.5
0,298.8,310.1,1380,44.0,56,2464.0,11.300000000000011
1,299.1,310.5,1329,54.9,58,3184.2,11.399999999999977
1,299.1,308.6,1408,46.7,196,9153.2,9.5
2,300.8,310.5,1696,29.7,162,4811.4,9.699999999999989
2,300.1,309.2,1454,44.4,19,843.6,9.099999999999966
1,301.2,310.8,1392,52.6,23,1209.8,9.600000000000023
1,300.2,309.3,1532,43.2,53,2289.6000000000004,9.100000000000023
1,297.7,307.1,1715,30.2,0,0.0,9.400000000000034
0,302.0,310.6,1438,43.2,12,518.4000000000001,8.600000000000023
2,302.2,311.4,1539,35.1,24,842.4000000000001,9.199999999999989
2,301.7,311.0,1510,47.8,27,1290.6,9.300000000000011
1,303.7,312.5,1462,46.2,165,7623.000000000001,8.800000000000011
2,301.0,310.9,1910,21.9,37,810.3,9.899999999999977
1,296.9,308.0,1514,41.0,120,4920.0,11.100000000000023
1,299.6,310.9,1658,28.0,76,2128.0,11.299999999999955
2,299.0,310.2,1564,39.9,97,3870.2999999999997,11.199999999999989
1,302.3,310.8,1511,48.1,24,1154.4,8.5
1,300.0,309.5,1728,26.0,37,962.0,9.5
1,298.7,309.2,1396,44.8,178,7974.4,10.5
2,303.6,312.5,1459,48.2,17,819.4000000000001,8.899999999999977
1,302.9,312.2,1677,30.5,46,1403.0,9.300000000000011
1,297.5,308.8,1533,41.5,223,9254.5,11.300000000000011
0,302.0,309.8,1280,57.3,147,8423.1,7.800000000000011
2,297.9,310.0,1439,41.7,185,7714.500000000001,12.100000000000023
1,295.6,306.0,1419,51.1,7,357.7,10.399999999999977
1,300.0,309.2,1759,27.9,5,139.5,9.199999999999989
1,301.5,310.6,1998,20.2,210,4242.0,9.100000000000023
1,302.3,311.6,1658,32.3,150,4845.0,9.300000000000011
1,297.0,308.2,1577,29.4,130,3822.0,11.199999999999989
2,298.8,309.8,1413,45.5,64,2912.0,11.0
1,297.9,308.0,1296,62.9,41,2578.9,10.100000000000023
1,299.9,310.3,1268,53.3,146,7781.799999999999,10.400000000000034
1,302.0,310.6,1358,53.1,194,10301.4,8.600000000000023
1,300.1,311.4,1572,36.2,199,7203.8,11.299999999999955
1,300.8,309.8,1657,31.1,151,4696.1,9.0
1,299.8,310.9,1545,40.7,166,6756.200000000001,11.099999999999966
0,297.0,307.9,1846,27.3,179,4886.7,10.899999999999977
1,303.5,311.9,1493,38.7,14,541.8000000000001,8.399999999999977
2,299.3,308.9,1577,34.9,160,5584.0,9.599999999999966
2,300.7,311.9,1697,28.2,191,5386.2,11.199999999999989
1,302.7,311.9,1389,46.5,15,697.5,9.199999999999989
1,304.0,313.1,1465,41.0,69,2829.0,9.100000000000023
0,301.9,311.2,1474,41.8,18,752.4,9.300000000000011
0,300.7,310.6,1631,32.6,43,1401.8,9.900000000000034
2,297.6,308.3,1538,40.2,0,0.0,10.699999999999989
1,300.3,311.7,1445,47.3,15,709.5,11.399999999999977
1,300.5,309.8,1428,43.8,119,5212.2,9.300000000000011
1,297.0,307.8,1553,33.3,155,5161.5,10.800000000000011
1,297.4,308.3,1475,40.5,222,8991.0,10.900000000000034
1,299.6,310.2,1588,34.1,38,1295.8,10.599999999999966
2,298.9,310.7,1638,33.6,218,7324.8,11.800000000000011
1,298.3,307.9,1399,47.8,99,4732.2,9.599999999999966
1,300.8,309.7,1418,46.6,12,559.2,8.899999999999977
0,299.0,308.7,1408,48.5,25,1212.5,9.699999999999989
2,299.5,310.7,1423,56.5,7,395.5,11.199999999999989
1,296.9,307.9,1535,39.2,133,5213.6,11.0
1,300.7,311.9,1486,35.8,32,1145.6,11.199999999999989
2,302.2,310.5,1832,23.7,129,3057.2999999999997,8.300000000000011
1,298.1,308.4,1592,38.2,211,8060.200000000001,10.299999999999955
2,298.1,307.8,1608,32.6,57,1858.2,9.699999999999989
2,301.9,311.0,1384,47.4,121,5735.4,9.100000000000023
1,300.7,311.0,1436,44.9,119,5343.099999999999,10.300000000000011
1,296.6,307.4,1368,45.1,185,8343.5,10.799999999999955
1,297.9,309.9,1542,33.8,33,1115.3999999999999,12.0
0,299.0,310.3,1658,27.6,69,1904.4,11.300000000000011
2,301.5,310.4,2639,12.0,21,252.0,8.899999999999977
1,300.6,309.6,1411,41.6,140,5824.0,9.0
1,299.0,309.1,1592,35.0,200,7000.0,10.100000000000023
1,301.8,310.6,1452,48.4,110,5324.0,8.800000000000011
2,302.3,311.7,1639,36.6,121,4428.6,9.399999999999977
0,297.8,307.9,1600,33.5,13,435.5,10.099999999999966
1,301.4,310.6,1555,43.3,212,9179.599999999999,9.200000000000045
1,298.9,308.6,1413,46.5,122,5673.0,9.700000000000045
1,296.8,307.9,1413,46.5,121,5626.5,11.099999999999966
1,301.0,310.5,1248,61.4,77,4727.8,9.5
0,300.2,311.5,1432,43.6,127,5537.2,11.300000000000011
1,299.3,309.0,1419,46.6,158,7362.8,9.699999999999989
2,302.2,310.4,1456,47.5,167,7932.5,8.199999999999989
1,297.4,309.4,1473,45.5,94,4277.0,12.0
2,297.4,308.0,1355,55.1,63,3471.3,10.600000000000023
1,301.2,309.9,1382,52.4,13,681.1999999999999,8.699999999999989
1,300.5,311.7,1619,32.7,85,2779.5000000000005,11.199999999999989
2,300.5,309.8,1410,44.4,111,4928.4,9.300000000000011
1,302.0,311.0,1865,22.7,48,1089.6,9.0
1,295.5,306.2,1448,48.9,65,3178.5,10.699999999999989
1,297.5,308.5,1691,33.1,9,297.90000000000003,11.0
1,300.1,311.4,1438,42.2,139,5865.8,11.299999999999955
1,300.9,309.7,2355,14.4,201,2894.4,8.800000000000011
0,303.2,311.4,1607,36.6,43,1573.8,8.199999999999989
1,301.3,310.1,1662,31.0,37,1147.0,8.800000000000011
1,300.5,309.7,1616,34.5,155,5347.5,9.199999999999989
2,299.4,309.3,1692,28.4,201,5708.4,9.900000000000034
1,301.8,310.0,1642,32.6,201,6552.6,8.199999999999989
1,300.1,311.4,1629,31.3,41,1283.3,11.299999999999955
1,301.4,310.5,1633,39.5,0,0.0,9.100000000000023
1,302.7,312.4,1954,24.8,13,322.40000000000003,9.699999999999989
1,299.7,309.3,1417,54.6,131,7152.6,9.600000000000023
2,299.7,310.8,1405,47.6,192,9139.2,11.100000000000023
1,300.3,311.9,1609,34.0,177,6018.0,11.599999999999966
2,301.0,311.6,1448,43.9,145,6365.5,10.600000000000023
1,303.7,312.2,1568,33.8,96,3244.7999999999997,8.5
1,303.9,312.7,1602,33.9,165,5593.5,8.800000000000011
1,301.6,310.4,1599,41.7,116,4837.200000000001,8.799999999999955
0,297.7,308.4,1738,27.7,96,2659.2,10.699999999999989
1,301.0,310.9,1828,25.1,166,4166.6,9.899999999999977
1,300.0,309.3,1473,46.0,35,1610.0,9.300000000000011
1,299.0,310.0,1484,39.6,212,8395.2,11.0
1,298.8,309.8,1753,27.5,130,3575.0,11.0
2,298.1,308.9,1804,25.1,118,2961.8,10.799999999999955
1,301.7,309.5,1298,65.5,229,14999.5,7.800000000000011
2,298.5,308.1,1501,39.2,127,4978.400000000001,9.600000000000023
1,300.9,310.9,1995,20.2,105,2121.0,10.0
1,298.9,308.7,1727,29.4,116,3410.3999999999996,9.800000000000011
1,300.2,311.5,1528,36.1,125,4512.5,11.300000000000011
1,297.8,307.4,1512,40.8,137,5589.599999999999,9.599999999999966
1,298.4,307.9,1544,35.9,132,4738.8,9.5
0,297.8,307.5,1631,31.3,124,3881.2000000000003,9.699999999999989
1,297.6,308.6,1355,46.4,13,603.1999999999999,11.0
2,299.4,309.1,1326,62.0,142,8804.0,9.700000000000045
1,303.6,311.8,1614,33.2,155,5146.0,8.199999999999989
1,301.5,310.7,1568,33.1,38,1257.8,9.199999999999989
2,299.9,309.4,1509,42.8,190,8131.999999999999,9.5
2,297.4,309.0,1497,41.8,144,6019.2,11.600000000000023
1,302.0,311.3,1509,39.9,25,997.5,9.300000000000011
2,297.2,308.0,1478,42.5,56,2380.0,10.800000000000011
1,298.3,309.4,1568,35.8,140,5012.0,11.099999999999966
1,298.0,308.1,1454,37.1,35,1298.5,10.100000000000023
0,301.2,312.4,1395,47.8,90,4302.0,11.199999999999989
2,300.9,311.1,1546,37.7,133,5014.1,10.200000000000045
1,298.4,308.6,1433,47.1,101,4757.1,10.200000000000045
1,297.3,308.7,1506,39.3,187,7349.099999999999,11.399999999999977
1,300.0,309.5,1641,30.1,35,1053.5,9.5
2,301.7,311.1,1489,41.4,108,4471.2,9.400000000000034
0,300.4,309.8,1448,39.7,107,4247.900000000001,9.400000000000034
0,299.5,310.8,1600,32.4,67,2170.7999999999997,11.300000000000011
2,298.3,307.7,1717,27.1,7,189.70000000000002,9.399999999999977
1,297.4,308.3,1490,42.6,164,6986.400000000001,10.900000000000034
1,301.0,309.7,1468,42.0,141,5922.0,8.699999999999989
1,299.3,308.6,1314,48.2,65,3133.0,9.300000000000011
2,300.4,310.5,1500,43.0,9,387.0,10.100000000000023
2,300.7,310.6,1572,38.5,50,1925.0,9.900000000000034
2,300.7,311.0,1740,25.6,176,4505.6,10.300000000000011
0,304.2,313.5,1546,41.4,58,2401.2,9.300000000000011
1,299.6,309.2,1601,33.3,33,1098.8999999999999,9.599999999999966
1,298.2,308.1,1462,49.9,69,3443.1,9.900000000000034
2,300.2,309.1,1406,42.2,40,1688.0,8.900000000000034
2,299.1,310.3,1233,59.0,81,4779.0,11.199999999999989
1,299.3,309.1,1470,41.1,118,4849.8,9.800000000000011
2,302.1,311.5,1866,23.1,159,3672.9,9.399999999999977
1,298.3,309.6,1527,30.9,189,5840.099999999999,11.300000000000011
1,298.0,308.8,1790,27.2,193,5249.599999999999,10.800000000000011
2,298.3,309.1,1632,32.7,0,0.0,10.800000000000011
1,298.7,309.5,1446,40.0,160,6400.0,10.800000000000011
1,299.0,308.7,2250,16.6,208,3452.8,9.699999999999989
1,298.6,308.3,1278,60.5,32,1936.0,9.699999999999989
1,298.2,308.0,1411,42.4,48,2035.1999999999998,9.800000000000011
1,297.9,307.6,1344,54.3,151,8199.3,9.700000000000045
1,298.3,309.1,1593,40.1,18,721.8000000000001,10.800000000000011
1,296.3,307.4,1465,47.1,215,10126.5,11.099999999999966
1,299.2,310.7,1737,27.0,225,6075.0,11.5
1,299.2,308.3,1410,43.0,26,1118.0,9.100000000000023
1,298.6,309.6,1540,35.8,5,179.0,11.0
1,298.4,309.3,1512,35.8,18,644.4,10.900000000000034
1,299.9,309.2,1491,44.3,214,9480.199999999999,9.300000000000011
1,300.4,310.4,1298,61.4,19,1166.6,10.0
0,302.3,311.1,1455,40.3,145,5843.5,8.800000000000011
1,297.8,308.8,1559,35.2,66,2323.2000000000003,11.0
1,302.2,310.8,1673,32.9,52,1710.8,8.600000000000023
1,302.7,312.0,1501,37.0,77,2849.0,9.300000000000011
1,302.3,311.7,1648,32.1,197,6323.700000000001,9.399999999999977
2,297.6,308.6,1585,42.0,90,3780.0,11.0
1,302.9,312.3,1889,22.8,148,3374.4,9.400000000000034
2,299.8,310.3,1805,23.7,198,4692.599999999999,10.5
1,299.4,309.3,1401,59.0,38,2242.0,9.900000000000034
2,298.9,308.2,2022,20.0,23,460.0,9.300000000000011
1,297.5,308.5,1462,52.3,148,7740.4,11.0
1,302.7,312.2,1450,52.1,213,11097.300000000001,9.5
2,300.7,310.6,1488,39.2,189,7408.8,9.900000000000034
1,302.2,311.3,1475,48.6,104,5054.400000000001,9.100000000000023
2,299.1,310.4,1524,51.4,66,3392.4,11.299999999999955
2,300.2,310.0,1664,30.7,179,5495.3,9.800000000000011
1,299.1,308.6,1260,57.8,152,8785.6,9.5
1,298.5,309.5,1294,66.7,12,800.4000000000001,11.0
1,299.3,309.0,1511,47.8,148,7074.4,9.699999999999989
1,299.6,309.2,1559,39.1,110,4301.0,9.599999999999966
1,302.3,312.0,1746,28.1,167,4692.7,9.699999999999989
1,299.9,309.5,1567,35.5,171,6070.5,9.600000000000023
1,297.6,308.6,1383,47.5,75,3562.5,11.0
1,302.0,310.8,1948,19.7,66,1300.2,8.800000000000011
2,301.2,310.3,1357,54.5,49,2670.5,9.100000000000023
1,299.2,310.6,1567,38.4,172,6604.8,11.400000000000034
1,297.4,308.4,1573,34.5,205,7072.5,11.0
2,297.6,308.6,1595,36.9,25,922.5,11.0
2,303.8,313.1,2117,18.6,22,409.20000000000005,9.300000000000011
1,297.9,307.9,1476,45.2,91,4113.2,10.0
1,297.3,308.3,1430,41.9,95,3980.5,11.0
1,297.9,307.6,1977,20.2,182,3676.4,9.700000000000045
1,299.4,310.8,1376,53.9,215,11588.5,11.400000000000034
0,300.0,311.2,1393,43.1,45,1939.5,11.199999999999989
1,300.3,311.8,1418,45.9,53,2432.7,11.5
2,299.3,309.3,1523,37.9,204,7731.599999999999,10.0
1,297.7,309.0,1507,38.2,94,3590.8,11.300000000000011
1,299.1,308.6,1437,41.6,183,7612.8,9.5
1,300.6,310.0,1511,36.9,105,3874.5,9.399999999999977
1,300.7,309.5,1479,34.5,197,6796.5,8.800000000000011
2,299.5,310.9,1378,48.7,119,5795.3,11.399999999999977
1,300.8,310.9,1457,47.7,82,3911.4,10.099999999999966
2,297.8,308.5,1488,41.9,196,8212.4,10.699999999999989
2,300.3,311.4,1386,48.1,119,5723.900000000001,11.099999999999966
0,297.7,308.2,1526,40.1,165,6616.5,10.5
1,300.6,309.6,1684,32.8,53,1738.3999999999999,9.0
1,297.8,307.9,1447,48.6,46,2235.6,10.099999999999966
2,304.0,313.1,1694,31.4,116,3642.3999999999996,9.100000000000023
2,299.3,309.2,1440,37.5,111,4162.5,9.899999999999977
1,296.9,307.8,1400,57.1,202,11534.2,10.900000000000034
1,298.9,308.2,1686,30.4,53,1611.1999999999998,9.300000000000011
2,302.9,312.4,1334,50.9,5,254.5,9.5
1,298.4,308.3,1433,62.3,20,1246.0,9.900000000000034
2,300.8,309.4,1342,62.4,113,7051.2,8.599999999999966
2,298.5,308.0,1461,51.9,157,8148.3,9.5
1,299.9,311.3,1647,27.5,26,715.0,11.400000000000034
1,301.1,311.3,1268,60.0,53,3180.0,10.199999999999989
2,300.3,311.9,1429,41.6,184,7654.400000000001,11.599999999999966
1,302.4,310.2,1539,37.7,29,1093.3000000000002,7.800000000000011
1,301.4,310.3,1374,47.6,176,8377.6,8.900000000000034
0,302.0,309.9,1735,27.2,192,5222.4,7.899999999999977
1,298.3,309.1,1395,49.8,133,6623.4,10.800000000000011
2,298.6,309.4,1407,45.1,176,7937.6,10.799999999999955
2,297.5,308.7,1446,53.0,168,8904.0,11.199999999999989
2,302.6,310.2,1563,39.0,97,3783.0,7.599999999999966
1,300.6,310.3,1920,22.3,223,4972.900000000001,9.699999999999989
1,300.4,309.7,1685,31.3,152,4757.6,9.300000000000011
1,300.7,311.8,1441,38.1,34,1295.4,11.100000000000023
1,300.5,311.6,1509,47.2,202,9534.400000000001,11.100000000000023
2,298.5,309.6,1438,44.5,124,5518.0,11.100000000000023
2,298.9,309.8,1392,43.1,218,9395.800000000001,10.900000000000034
2,297.8,309.8,1676,29.0,178,5162.0,12.0
2,302.2,311.5,1360,53.0,36,1908.0,9.300000000000011
1,301.8,311.2,1840,26.6,202,5373.200000000001,9.399999999999977
1,300.2,310.4,1518,41.8,5,209.0,10.199999999999989
1,297.5,308.5,1546,40.4,129,5211.599999999999,11.0
2,302.9,312.5,1551,40.0,20,800.0,9.600000000000023
2,302.1,311.2,1616,35.1,57,2000.7,9.099999999999966
1,300.2,311.8,1410,51.4,189,9714.6,11.600000000000023
1,301.6,310.7,1457,40.4,213,8605.199999999999,9.099999999999966
0,297.0,307.8,1404,40.7,184,7488.8,10.800000000000011
2,300.5,311.6,1454,41.4,108,4471.2,11.100000000000023
1,299.9,309.1,1412,48.3,198,9563.4,9.200000000000045
1,298.3,309.1,1403,45.1,138,6223.8,10.800000000000011
1,302.2,310.9,1604,40.5,68,2754.0,8.699999999999989
1,302.5,310.2,1716,29.9,156,4664.4,7.699999999999989
2,300.7,309.6,1525,36.5,71,2591.5,8.900000000000034
2,301.1,311.1,1615,37.7,153,5768.1,10.0
1,301.2,310.2,1385,42.3,42,1776.6,9.0
1,299.1,310.3,1472,46.6,157,7316.2,11.199999999999989
1,299.2,308.8,1405,51.4,183,9406.199999999999,9.600000000000023
2,301.0,310.7,1657,29.9,148,4425.2,9.699999999999989
1,297.9,308.9,1566,41.9,50,2095.0,11.0
2,302.3,311.2,1432,42.7,68,2903.6000000000004,8.899999999999977
1,300.7,310.8,1479,49.1,71,3486.1,10.100000000000023
2,297.7,308.9,1530,39.1,108,4222.8,11.199999999999989
0,300.2,311.5,1515,36.8,27,993.5999999999999,11.300000000000011
2,300.3,311.6,1617,32.5,115,3737.5,11.300000000000011
0,302.3,311.6,1441,53.9,74,3988.6,9.300000000000011
1,298.8,309.8,1437,42.8,23,984.4,11.0
1,300.4,311.1,1397,50.8,189,9601.199999999999,10.700000000000045
1,297.1,308.7,1474,42.3,64,2707.2,11.599999999999966
1,300.5,311.3,1490,41.8,39,1630.1999999999998,10.800000000000011
2,299.2,308.4,1415,43.5,53,2305.5,9.199999999999989
1,302.5,310.2,1477,41.6,16,665.6,7.699999999999989
1,297.2,308.6,1652,32.1,52,1669.2,11.400000000000034
1,299.1,310.7,1309,51.1,188,9606.800000000001,11.599999999999966
1,302.2,310.8,1744,29.7,16,475.2,8.600000000000023
1,301.0,310.9,1479,44.3,194,8594.199999999999,9.899999999999977
2,302.0,310.6,1539,37.4,96,3590.3999999999996,8.600000000000023
1,302.7,312.3,1346,61.2,170,10404.0,9.600000000000023
2,302.3,311.2,1405,47.7,88,4197.6,8.899999999999977
1,298.2,307.8,1375,46.6,188,8760.800000000001,9.600000000000023
1,298.3,310.0,1858,23.9,114,2724.6,11.699999999999989
1,299.7,309.4,1362,51.9,117,6072.3,9.699999999999989
1,301.0,311.1,1615,35.6,158,5624.8,10.100000000000023
1,298.9,308.8,1281,53.9,77,4150.3,9.900000000000034
1,300.3,311.7,1452,41.5,172,7138.0,11.399999999999977
2,298.2,308.7,1599,36.2,28,1013.6000000000001,10.5
1,298.9,309.9,1517,36.6,117,4282.2,11.0
1,298.8,309.8,1634,33.6,27,907.2,11.0
1,297.8,307.2,1498,38.1,188,7162.8,9.399999999999977
1,301.4,310.6,1634,31.1,171,5318.1,9.200000000000045
2,300.7,311.0,1706,25.0,153,3825.0,10.300000000000011
1,296.1,307.1,1651,35.7,167,5961.900000000001,11.0
1,302.4,311.8,1508,45.7,108,4935.6,9.400000000000034
1,297.4,307.9,1390,47.7,156,7441.200000000001,10.5
1,303.9,313.4,1442,48.5,174,8439.0,9.5
1,297.6,309.3,1610,35.0,6,210.0,11.699999999999989
2,297.4,308.2,1530,32.6,22,717.2,10.800000000000011
1,300.6,310.7,1455,40.6,82,3329.2000000000003,10.099999999999966
1,299.3,310.5,1818,26.0,102,2652.0,11.199999999999989
1,300.7,311.0,1312,52.1,107,5574.7,10.300000000000011
1,298.7,309.7,1510,40.6,162,6577.2,11.0
0,302.7,312.5,1527,36.4,26,946.4,9.800000000000011
1,299.9,310.2,1288,69.6,62,4315.2,10.300000000000011
2,298.2,308.3,1522,49.1,22,1080.2,10.100000000000023
1,298.6,309.4,1667,35.6,185,6586.0,10.799999999999955
1,301.6,309.8,1472,42.5,91,3867.5,8.199999999999989
1,297.4,308.8,1640,34.2,142,4856.400000000001,11.400000000000034
1,299.8,309.8,1749,33.4,153,5110.2,10.0
1,298.4,309.4,1385,50.0,201,10050.0,11.0
2,298.5,309.4,1565,33.7,150,5055.0,10.899999999999977
1,297.4,308.4,1371,57.4,52,2984.7999999999997,11.0
1,300.1,309.4,2141,17.9,33,590.6999999999999,9.299999999999955
1,297.8,307.7,1393,38.0,29,1102.0,9.899999999999977
1,299.8,311.3,1560,35.4,178,6301.2,11.5
1,297.6,308.3,1502,43.2,139,6004.8,10.699999999999989
1,304.3,313.5,1590,29.8,17,506.6,9.199999999999989
1,304.1,313.5,1469,44.6,113,5039.8,9.399999999999977
1,299.8,311.2,1664,28.3,173,4895.900000000001,11.399999999999977
1,297.6,309.2,1390,43.3,221,9569.3,11.599999999999966
2,301.2,310.1,1479,45.5,44,2002.0,8.900000000000034
1,300.1,309.7,1362,49.1,23,1129.3,9.599999999999966
1,299.6,310.8,1644,30.9,114,3522.6,11.199999999999989
2,297.5,309.2,1347,55.8,188,10490.4,11.699999999999989
1,300.6,310.3,1484,41.0,213,8733.0,9.699999999999989
1,300.6,309.4,2496,13.5,111,1498.5,8.799999999999955
2,300.4,311.0,1595,35.4,15,531.0,10.600000000000023
0,298.9,310.3,1243,63.0,163,10269.0,11.400000000000034
1,300.3,310.6,1433,53.8,86,4626.8,10.300000000000011
1,300.8,311.3,1524,43.5,71,3088.5,10.5
2,302.0,311.4,1587,35.9,30,1077.0,9.399999999999977
1,300.7,311.7,1635,32.4,213,6901.2,11.0
0,298.7,308.4,1560,33.3,53,1764.8999999999999,9.699999999999989
1,303.7,313.1,1406,48.6,183,8893.800000000001,9.400000000000034
0,303.8,312.6,1811,24.9,183,4556.7,8.800000000000011
2,299.3,308.6,1448,52.1,71,3699.1,9.300000000000011
2,301.8,310.8,1619,31.0,76,2356.0,9.0
1,299.8,310.2,1654,32.7,159,5199.3,10.399999999999977
0,302.4,311.5,1540,43.7,81,3539.7000000000003,9.100000000000023
1,299.0,310.3,1520,45.0,171,7695.0,11.300000000000011
1,297.2,308.4,1462,51.2,102,5222.400000000001,11.199999999999989
2,298.8,308.6,1486,41.1,13,534.3000000000001,9.800000000000011
2,298.3,308.1,1630,32.7,83,2714.1000000000004,9.800000000000011
0,300.9,310.8,1390,40.6,131,5318.6,9.900000000000034
2,298.8,309.1,1559,34.7,95,3296.5000000000005,10.300000000000011
2,297.8,309.7,1700,31.3,200,6260.0,11.899999999999977
1,298.2,308.8,1498,36.0,39,1404.0,10.600000000000023
1,301.6,310.9,1706,29.5,193,5693.5,9.299999999999955
2,301.7,310.8,1516,40.4,48,1939.1999999999998,9.100000000000023
2,300.3,311.2,1381,65.2,136,8867.2,10.899999999999977
1,297.8,307.8,1761,28.9,128,3699.2,10.0
0,298.9,310.1,1452,49.9,187,9331.3,11.200000000000045
1,298.2,307.7,1688,32.4,91,2948.4,9.5
1,302.7,312.4,1453,47.3,62,2932.6,9.699999999999989
1,297.3,308.1,1458,45.7,202,9231.400000000001,10.800000000000011
0,300.7,310.7,1428,43.4,26,1128.3999999999999,10.0
0,300.1,309.4,1563,40.8,28,1142.3999999999999,9.299999999999955
1,299.4,309.3,1448,48.6,44,2138.4,9.900000000000034
0,301.5,310.4,1580,35.7,161,5747.700000000001,8.899999999999977
1,304.2,313.4,1421,43.4,56,2430.4,9.199999999999989
1,300.6,309.3,1409,38.7,115,4450.5,8.699999999999989
2,297.3,308.7,1447,44.5,105,4672.5,11.399999999999977
0,300.6,310.6,1448,44.7,55,2458.5,10.0
2,303.5,312.4,1318,54.2,177,9593.4,8.899999999999977
1,299.0,310.3,1552,39.9,114,4548.599999999999,11.300000000000011
2,301.6,310.6,1924,23.6,181,4271.6,9.0
1,297.1,308.1,1487,34.6,208,7196.8,11.0
1,298.8,310.6,1651,33.3,0,0.0,11.800000000000011
1,301.0,312.1,1585,32.3,50,1614.9999999999998,11.100000000000023
1,297.4,308.7,1429,57.4,96,5510.4,11.300000000000011
2,300.2,309.4,1433,48.8,191,9320.8,9.199999999999989
1,298.3,309.1,1387,52.3,160,8368.0,10.800000000000011
1,301.0,310.9,1404,41.8,71,2967.7999999999997,9.899999999999977
1,301.5,311.1,1426,52.1,121,6304.1,9.600000000000023
2,298.1,308.2,1420,63.9,19,1214.1,10.099999999999966
1,301.6,310.7,1424,50.5,214,10807.0,9.099999999999966
1,299.9,309.6,1280,59.3,163,9665.9,9.700000000000045
1,299.2,308.7,1325,51.0,171,8721.0,9.5
2,299.6,310.9,1530,38.8,198,7682.4,11.299999999999955
1,303.2,311.5,1507,39.2,225,8820.0,8.300000000000011
1,299.8,309.2,1572,35.4,158,5593.2,9.399999999999977
1,300.5,309.9,1423,47.9,114,5460.599999999999,9.399999999999977
0,295.7,306.2,2161,16.5,105,1732.5,10.5
1,302.3,311.2,1758,24.4,68,1659.1999999999998,8.899999999999977
1,302.5,310.3,1584,35.5,158,5609.0,7.800000000000011
1,300.6,311.5,1419,38.6,31,1196.6000000000001,10.899999999999977
1,300.7,310.8,1608,39.5,202,7979.0,10.100000000000023
1,301.2,310.4,1381,49.8,115,5727.0,9.199999999999989
1,300.2,309.8,1353,59.4,26,1544.3999999999999,9.600000000000023
2,300.4,310.2,1671,30.5,234,7137.0,9.800000000000011
1,300.1,311.4,1430,40.9,93,3803.7,11.299999999999955
2,301.7,311.2,1413,42.6,79,3365.4,9.5
1,299.5,309.1,1852,22.6,77,1740.2,9.600000000000023
0,300.1,310.1,1426,42.7,64,2732.8,10.0
2,303.7,312.8,1366,47.3,49,2317.7,9.100000000000023
2,299.2,308.4,1856,22.7,86,1952.2,9.199999999999989
1,298.6,309.8,1704,28.3,64,1811.2,11.199999999999989
1,302.2,311.5,1427,43.8,88,3854.3999999999996,9.300000000000011
2,301.1,311.1,1436,41.8,156,6520.799999999999,10.0
1,298.9,310.0,1559,33.4,58,1937.1999999999998,11.100000000000023
1,297.2,308.3,1805,25.6,103,2636.8,11.100000000000023
1,303.1,312.8,2329,15.1,113,1706.3,9.699999999999989
2,302.7,312.5,1417,51.5,19,978.5,9.800000000000011
1,300.9,310.6,1350,53.8,131,7047.799999999999,9.700000000000045
0,303.9,313.1,1790,26.7,17,453.9,9.200000000000045
1,302.0,310.9,1663,31.5,81,2551.5,8.899999999999977
1,299.6,309.0,1648,33.6,70,2352.0,9.399999999999977
1,297.4,308.4,1571,39.4,0,0.0,11.0
2,298.6,309.9,1818,24.9,9,224.1,11.299999999999955
2,299.2,308.6,1586,35.7,138,4926.6,9.400000000000034
0,302.9,312.3,1754,26.9,209,5622.099999999999,9.400000000000034
1,298.7,310.2,1717,27.3,26,709.8000000000001,11.5
1,300.3,310.3,2158,16.8,32,537.6,10.0
1,296.9,308.0,1332,53.9,7,377.3,11.100000000000023
1,298.0,308.4,1432,46.2,11,508.20000000000005,10.399999999999977
1,299.3,308.7,1802,26.0,130,3380.0,9.399999999999977
2,297.3,308.2,1846,24.5,41,1004.5,10.899999999999977
1,300.6,310.9,1472,47.6,75,3570.0,10.299999999999955
2,299.9,309.3,1452,41.9,106,4441.4,9.400000000000034
0,298.2,308.8,1606,39.9,53,2114.7,10.600000000000023
1,298.0,309.5,1496,45.8,46,2106.7999999999997,11.5
2,300.1,311.4,1913,21.9,15,328.5,11.299999999999955
1,302.1,310.5,1696,30.9,107,3306.2999999999997,8.399999999999977
0,303.3,312.5,1328,49.8,120,5976.0,9.199999999999989
1,298.6,308.4,1562,34.4,25,860.0,9.799999999999955
0,300.5,310.6,1411,47.2,201,9487.2,10.100000000000023
1,300.6,310.1,1541,42.0,23,966.0,9.5
1,297.5,308.3,1585,32.9,32,1052.8,10.800000000000011
1,303.2,311.2,1363,46.7,29,1354.3000000000002,8.0
1,301.4,311.0,1733,25.7,182,4677.4,9.600000000000023
0,303.3,311.2,1607,31.7,34,1077.8,7.899999999999977
2,300.3,311.6,1312,53.4,151,8063.4,11.300000000000011
2,300.2,311.7,1555,37.4,169,6320.599999999999,11.5
1,301.3,310.4,1695,30.9,108,3337.2,9.099999999999966
2,300.6,312.2,2174,18.5,95,1757.5,11.599999999999966
1,299.0,310.1,1583,35.8,142,5083.599999999999,11.100000000000023
0,301.0,311.2,1602,32.7,19,621.3000000000001,10.199999999999989
1,300.7,309.5,1850,24.5,19,465.5,8.800000000000011
1,302.5,310.4,1488,48.4,134,6485.599999999999,7.899999999999977
1,299.1,308.7,1498,38.9,181,7040.9,9.599999999999966
1,301.5,310.7,1466,43.6,56,2441.6,9.199999999999989
2,299.9,309.4,1483,38.1,193,7353.3,9.5
1,301.1,311.1,1450,43.3,168,7274.4,10.0
1,299.3,309.1,1473,40.3,125,5037.5,9.800000000000011
1,302.5,311.1,1538,36.8,208,7654.4,8.600000000000023
1,300.9,311.6,1671,33.5,148,4958.0,10.700000000000045
1,297.6,308.6,1382,47.1,11,518.1,11.0
2,299.7,311.0,1435,50.1,168,8416.800000000001,11.300000000000011
1,298.5,309.3,1590,33.9,107,3627.2999999999997,10.800000000000011
2,303.0,312.4,1526,36.1,142,5126.2,9.399999999999977
0,298.3,309.0,1379,43.2,0,0.0,10.699999999999989
2,303.7,312.4,1631,28.5,132,3762.0,8.699999999999989
1,301.5,311.0,1494,45.3,99,4484.7,9.5
1,297.4,308.9,1809,23.8,131,3117.8,11.5
2,301.8,310.8,1691,33.4,62,2070.7999999999997,9.0
2,298.9,309.9,1645,31.4,86,2700.4,11.0
2,300.8,310.5,1330,59.0,190,11210.0,9.699999999999989
1,299.4,309.0,1436,47.9,75,3592.5,9.600000000000023
1,298.4,310.1,1926,23.7,83,1967.1,11.700000000000045
1,303.8,313.2,1525,41.9,145,6075.5,9.399999999999977
0,301.5,310.7,1599,40.4,72,2908.7999999999997,9.199999999999989
1,301.4,310.5,1476,39.2,206,8075.200000000001,9.100000000000023
1,298.6,309.5,1483,43.2,92,3974.4,10.899999999999977
2,298.1,307.7,1424,47.7,103,4913.1,9.599999999999966
2,299.9,309.8,1625,41.2,109,4490.8,9.900000000000034
1,301.9,311.0,1669,32.2,191,6150.200000000001,9.100000000000023
1,298.0,308.1,1819,23.4,78,1825.1999999999998,10.100000000000023
1,300.7,310.2,1286,64.9,160,10384.0,9.5
2,302.2,310.6,1346,49.2,134,6592.8,8.400000000000034
1,299.8,309.2,1479,44.4,214,9501.6,9.399999999999977
2,298.8,309.9,1415,53.2,194,10320.800000000001,11.099999999999966
2,302.5,311.8,1566,37.6,54,2030.4,9.300000000000011
2,300.2,311.3,1491,37.3,102,3804.6,11.100000000000023
2,300.7,311.9,1657,30.9,116,3584.3999999999996,11.199999999999989
1,298.9,310.1,1823,26.1,131,3419.1000000000004,11.200000000000045
2,299.0,309.8,2240,15.9,144,2289.6,10.800000000000011
2,303.4,312.9,1307,54.3,68,3692.3999999999996,9.5
1,297.8,308.4,1737,27.5,146,4015.0,10.599999999999966
2,299.1,308.4,1330,53.6,62,3323.2000000000003,9.299999999999955
1,302.4,310.1,2009,18.9,59,1115.1,7.7000000000000455
1,297.4,308.3,1561,38.3,0,0.0,10.900000000000034
2,300.2,311.4,1960,20.9,20,418.0,11.199999999999989
2,300.7,312.3,1430,47.2,131,6183.200000000001,11.600000000000023
2,296.9,307.9,1441,47.6,60,2856.0,11.0
1,302.4,310.3,1480,45.8,123,5633.4,7.900000000000034
1,299.1,308.9,1686,29.6,108,3196.8,9.799999999999955
2,302.0,311.2,1400,49.5,20,990.0,9.199999999999989
1,302.0,310.4,1450,46.6,165,7689.0,8.399999999999977
2,299.8,309.3,1470,42.7,119,5081.3,9.5
1,303.8,312.9,1619,35.7,182,6497.400000000001,9.099999999999966
1,301.2,310.6,1409,50.9,66,3359.4,9.400000000000034
1,298.1,308.0,1697,31.0,164,5084.0,9.899999999999977
0,298.8,309.7,1461,55.1,118,6501.8,10.899999999999977
2,300.8,312.3,1535,40.3,71,2861.2999999999997,11.5
2,301.3,311.0,1641,33.0,145,4785.0,9.699999999999989
2,302.3,310.9,1742,29.7,137,4068.9,8.599999999999966
2,297.4,308.5,1412,45.5,49,2229.5,11.100000000000023
0,298.9,310.1,1324,54.6,185,10101.0,11.200000000000045
2,299.0,310.6,1787,22.2,192,4262.4,11.600000000000023
2,298.0,307.6,1792,26.0,119,3094.0,9.600000000000023
1,300.7,310.2,1642,32.6,26,847.6,9.5
1,303.3,311.4,1958,21.5,0,0.0,8.099999999999966
1,301.0,310.8,1375,57.2,20,1144.0,9.800000000000011
1,303.7,312.1,1443,45.9,74,3396.6,8.400000000000034
2,300.9,311.9,1480,40.9,28,1145.2,11.0
2,300.5,311.9,1875,22.1,100,2210.0,11.399999999999977
1,297.2,308.4,1605,30.0,183,5490.0,11.199999999999989
2,298.3,309.6,1531,40.1,81,3248.1,11.300000000000011
1,299.1,308.8,1320,67.5,20,1350.0,9.699999999999989
2,297.7,309.2,1700,27.4,176,4822.4,11.5
2,301.3,310.8,1509,40.1,25,1002.5,9.5
1,302.1,310.7,1359,49.3,41,2021.3,8.599999999999966
1,298.2,309.4,1443,45.4,187,8489.8,11.199999999999989
2,302.2,311.4,1538,37.4,37,1383.8,9.199999999999989
1,297.2,308.5,1766,25.8,7,180.6,11.300000000000011
1,300.6,311.8,1539,37.0,187,6919.0,11.199999999999989
2,299.9,309.2,1683,30.5,13,396.5,9.300000000000011
2,302.3,311.0,1450,45.7,175,7997.500000000001,8.699999999999989
1,301.5,310.6,1490,48.1,81,3896.1,9.100000000000023
1,301.4,310.7,1605,34.2,94,3214.8,9.300000000000011
1,298.1,308.0,1456,42.4,59,2501.6,9.899999999999977
2,296.8,307.9,1683,31.8,76,2416.8,11.099999999999966
1,296.6,307.4,1631,35.0,168,5880.0,10.799999999999955
1,300.7,310.8,1519,43.9,55,2414.5,10.100000000000023
2,300.9,310.8,1402,48.1,22,1058.2,9.900000000000034
1,299.6,309.5,1803,27.7,159,4404.3,9.899999999999977
1,299.0,310.4,1365,49.1,226,11096.6,11.399999999999977
1,298.3,308.9,1270,52.7,44,2318.8,10.599999999999966
1,303.8,313.1,1309,55.8,193,10769.4,9.300000000000011
2,303.8,312.6,1768,23.9,149,3561.1,8.800000000000011
1,301.5,310.4,1918,21.8,9,196.20000000000002,8.899999999999977
1,299.8,310.4,1694,30.3,204,6181.2,10.599999999999966
2,300.5,309.9,1780,26.5,101,2676.5,9.399999999999977
2,297.6,308.7,1376,59.9,74,4432.599999999999,11.099999999999966
1,303.5,311.7,1959,22.3,157,3501.1,8.199999999999989
1,298.1,307.9,2161,17.5,5,87.5,9.799999999999955
1,296.2,307.2,1445,41.8,20,836.0,11.0
1,298.3,310.0,1460,47.6,101,4807.6,11.699999999999989
1,300.2,311.4,1891,22.6,86,1943.6000000000001,11.199999999999989
1,298.3,308.1,1672,41.3,0,0.0,9.800000000000011
1,297.5,308.5,1306,50.7,38,1926.6000000000001,11.0
1,296.3,307.3,1439,41.5,208,8632.0,11.0
2,297.5,309.5,1448,43.7,46,2010.2,12.0
1,297.8,309.0,1340,56.9,6,341.4,11.199999999999989
2,298.3,309.2,1359,51.4,21,1079.3999999999999,10.899999999999977
1,297.7,307.2,1518,35.8,195,6980.999999999999,9.5
2,304.3,313.5,2245,15.1,172,2597.2,9.199999999999989
1,298.8,308.5,1395,44.4,33,1465.2,9.699999999999989
1,298.6,309.9,1630,30.6,2,61.2,11.299999999999955
0,298.8,309.9,1526,42.1,30,1263.0,11.099999999999966
1,300.8,311.8,1417,43.4,223,9678.199999999999,11.0
0,298.4,308.5,1398,47.1,122,5746.2,10.100000000000023
1,301.9,310.3,1972,21.3,67,1427.1000000000001,8.400000000000034
2,298.2,309.0,1413,47.9,97,4646.3,10.800000000000011
2,297.3,308.1,1370,58.8,199,11701.199999999999,10.800000000000011
0,298.1,308.4,1515,43.8,6,262.79999999999995,10.299999999999955
2,296.2,307.0,1516,37.6,25,940.0,10.800000000000011
2,300.6,310.0,1486,41.2,127,5232.400000000001,9.399999999999977
1,300.4,311.5,1441,44.6,96,4281.6,11.100000000000023
1,301.1,311.1,1470,40.9,125,5112.5,10.0
1,298.1,307.7,1495,48.1,111,5339.1,9.599999999999966
0,298.2,308.7,1520,35.7,40,1428.0,10.5
1,300.3,311.5,1446,45.0,82,3690.0,11.199999999999989
1,295.8,306.5,1493,40.5,90,3645.0,10.699999999999989
1,300.7,310.8,1814,21.4,59,1262.6,10.100000000000023
1,298.1,309.2,1802,26.9,83,2232.7,11.099999999999966
1,300.8,311.2,1430,54.4,85,4624.0,10.399999999999977
1,299.7,309.6,1720,27.1,146,3956.6000000000004,9.900000000000034
2,300.9,311.2,1472,40.0,93,3720.0,10.300000000000011
1,298.1,308.4,1438,45.6,105,4788.0,10.299999999999955
1,301.5,310.5,1389,54.9,187,10266.3,9.0
1,300.5,311.6,1541,47.8,156,7456.799999999999,11.100000000000023
1,296.2,307.1,1413,53.4,203,10840.199999999999,10.900000000000034
1,302.3,310.9,1620,30.3,112,3393.6,8.599999999999966
1,300.9,310.7,1389,50.0,214,10700.0,9.800000000000011
1,301.9,311.0,1376,44.9,186,8351.4,9.100000000000023
1,296.5,307.2,1481,38.2,160,6112.0,10.699999999999989
1,302.0,310.9,1546,34.4,7,240.79999999999998,8.899999999999977
2,298.3,308.4,1444,47.5,178,8455.0,10.099999999999966
2,298.1,310.0,1393,43.1,65,2801.5,11.899999999999977
2,303.6,312.1,1627,32.5,7,227.5,8.5
2,300.5,310.4,1548,37.3,65,2424.5,9.899999999999977
2,297.3,308.3,1341,51.9,51,2646.9,11.0
1,300.4,311.6,1674,33.0,172,5676.0,11.200000000000045
1,300.8,310.5,1482,39.0,47,1833.0,9.699999999999989
1,302.0,310.6,1366,47.7,206,9826.2,8.600000000000023
1,298.9,308.7,1558,41.2,110,4532.0,9.800000000000011
0,303.7,312.7,1564,40.2,150,6030.0,9.0
0,300.3,309.9,1394,46.7,210,9807.0,9.599999999999966
1,298.2,308.1,1618,34.7,39,1353.3000000000002,9.900000000000034
1,300.1,309.3,1841,23.0,125,2875.0,9.199999999999989
1,300.7,310.8,1689,28.9,100,2890.0,10.100000000000023
0,300.5,309.4,1360,46.2,93,4296.6,8.899999999999977
1,300.4,311.1,2013,20.1,195,3919.5000000000005,10.700000000000045
1,300.8,310.7,1589,34.3,144,4939.2,9.899999999999977
0,301.8,309.9,1418,51.3,116,5950.799999999999,8.099999999999966
2,298.8,310.3,1528,37.1,99,3672.9,11.5
2,300.0,309.6,1477,38.1,13,495.3,9.600000000000023
1,300.1,311.5,1434,40.8,80,3264.0,11.399999999999977
1,295.8,306.4,1399,47.6,84,3998.4,10.599999999999966
1,303.1,312.6,1514,42.1,138,5809.8,9.5
2,301.0,311.2,1521,35.8,13,465.4,10.199999999999989
2,300.8,311.3,1465,43.2,113,4881.6,10.5
1,303.7,312.6,1466,42.5,183,7777.5,8.900000000000034
1,302.1,311.3,1634,30.6,50,1530.0,9.199999999999989
0,298.5,309.4,1671,31.8,108,3434.4,10.899999999999977
1,298.6,308.4,1559,36.6,188,6880.8,9.799999999999955
1,300.2,310.6,1431,42.3,113,4779.9,10.400000000000034
1,303.7,313.0,1753,29.0,42,1218.0,9.300000000000011
2,298.9,308.2,1411,51.3,43,2205.9,9.300000000000011
1,299.7,310.9,1384,48.2,188,9061.6,11.199999999999989
1,298.3,309.2,1383,52.1,26,1354.6000000000001,10.899999999999977
2,300.5,311.9,1511,44.5,30,1335.0,11.399999999999977
2,300.8,312.0,1443,53.3,151,8048.299999999999,11.199999999999989
1,300.3,311.0,1613,34.7,142,4927.400000000001,10.699999999999989
1,299.7,310.2,1469,39.5,26,1027.0,10.5
2,301.0,310.9,1510,44.5,66,2937.0,9.899999999999977
1,297.5,308.5,1335,48.0,131,6288.0,11.0
2,303.6,313.0,1396,38.2,117,4469.400000000001,9.399999999999977
1,300.5,311.9,1383,50.5,35,1767.5,11.399999999999977
1,299.4,309.2,1489,42.3,114,4822.2,9.800000000000011
0,302.1,310.9,1452,42.5,198,8415.0,8.799999999999955
1,296.2,307.0,1414,48.3,162,7824.599999999999,10.800000000000011
1,298.8,308.5,1444,42.2,83,3502.6000000000004,9.699999999999989
1,298.4,308.6,1491,42.0,120,5040.0,10.200000000000045
1,300.1,309.2,1783,27.3,118,3221.4,9.099999999999966
1,300.1,309.7,1680,33.8,140,4732.0,9.599999999999966
1,302.8,312.6,1462,39.4,22,866.8,9.800000000000011
1,302.4,311.8,1727,26.5,213,5644.5,9.400000000000034
2,301.7,310.8,1502,34.4,157,5400.8,9.100000000000023
1,302.0,311.0,1686,32.5,25,812.5,9.0
1,300.8,311.8,1323,61.1,178,10875.800000000001,11.0
1,301.7,311.0,1546,43.0,23,989.0,9.300000000000011
1,300.9,310.9,1615,32.0,183,5856.0,10.0
1,300.3,309.2,1572,32.0,173,5536.0,8.899999999999977
1,303.1,311.2,1399,49.2,111,5461.200000000001,8.099999999999966
1,298.6,308.2,1325,54.0,41,2214.0,9.599999999999966
0,298.4,307.9,1605,31.0,18,558.0,9.5
1,299.2,308.5,1366,49.7,74,3677.8,9.300000000000011
1,299.0,310.1,1447,42.8,104,4451.2,11.100000000000023
1,301.9,311.0,1356,45.7,119,5438.3,9.100000000000023
1,301.0,311.2,1467,45.4,36,1634.3999999999999,10.199999999999989
0,297.3,307.9,1461,37.5,161,6037.5,10.599999999999966
1,299.4,308.7,1681,30.8,171,5266.8,9.300000000000011
2,298.9,310.1,1484,37.9,73,2766.7,11.200000000000045
2,302.7,310.6,1349,51.2,6,307.20000000000005,7.900000000000034
2,300.4,311.7,1398,42.6,176,7497.6,11.300000000000011
1,303.6,312.6,1540,39.8,21,835.8,9.0
1,301.3,310.3,1555,41.2,131,5397.200000000001,9.0
1,300.5,309.9,1382,46.5,134,6231.0,9.399999999999977
2,297.5,307.9,1544,37.9,136,5154.4,10.399999999999977
1,300.6,309.9,1480,43.7,153,6686.1,9.299999999999955
2,302.7,311.6,1501,38.8,171,6634.799999999999,8.900000000000034
2,303.5,312.9,1438,42.8,106,4536.799999999999,9.399999999999977
1,302.8,312.4,1529,36.8,237,8721.599999999999,9.599999999999966
0,296.8,308.0,1311,58.6,19,1113.4,11.199999999999989
1,297.5,308.5,1448,54.3,83,4506.9,11.0
0,302.2,311.6,1357,44.2,142,6276.400000000001,9.400000000000034
1,303.5,312.0,1441,56.8,88,4998.4,8.5
2,297.8,307.2,1456,39.6,199,7880.400000000001,9.399999999999977
1,302.1,311.0,1740,30.8,182,5605.6,8.899999999999977
2,299.6,309.0,1245,64.0,120,7680.0,9.399999999999977
1,297.9,308.1,1393,50.3,193,9707.9,10.200000000000045
1,303.5,312.1,1522,36.4,107,3894.7999999999997,8.600000000000023
2,296.9,307.9,2010,18.9,86,1625.3999999999999,11.0
1,302.3,310.8,1650,32.4,26,842.4,8.5
1,301.3,310.7,1504,47.2,74,3492.8,9.399999999999977
1,297.6,308.6,1351,51.0,37,1887.0,11.0
1,303.8,313.0,1452,38.6,72,2779.2000000000003,9.199999999999989
1,295.7,306.2,1458,40.6,103,4181.8,10.5
2,301.1,311.6,1266,55.5,210,11655.0,10.5
1,300.5,309.8,1305,51.7,202,10443.400000000001,9.300000000000011
2,300.7,309.5,1393,43.9,81,3555.9,8.800000000000011
2,298.4,308.2,1610,35.0,24,840.0,9.800000000000011
1,297.9,308.6,1468,36.0,168,6048.0,10.700000000000045
1,297.9,308.0,1501,36.7,4,146.8,10.100000000000023
2,299.8,311.1,1562,35.7,170,6069.000000000001,11.300000000000011
1,304.1,313.2,1569,35.8,146,5226.799999999999,9.099999999999966
2,297.4,308.4,1564,35.0,105,3675.0,11.0
1,298.0,307.7,1422,45.6,140,6384.0,9.699999999999989
2,298.1,307.7,1498,38.3,81,3102.2999999999997,9.599999999999966
1,298.0,307.8,1623,29.9,24,717.5999999999999,9.800000000000011
2,303.9,313.2,1422,48.0,215,10320.0,9.300000000000011
1,301.6,310.4,1517,41.1,167,6863.7,8.799999999999955
2,299.0,310.2,1298,57.2,10,572.0,11.199999999999989
1,300.3,311.4,1343,57.7,142,8193.4,11.099999999999966
1,297.3,308.4,1441,43.4,14,607.6,11.099999999999966
2,299.5,310.1,1659,31.5,44,1386.0,10.600000000000023
2,300.1,309.4,1349,56.2,127,7137.400000000001,9.299999999999955
0,302.8,312.3,1483,47.2,223,10525.6,9.5
1,298.0,308.1,1777,24.3,200,4860.0,10.100000000000023
1,302.7,312.3,1421,48.5,0,0.0,9.600000000000023
1,298.8,309.7,1225,63.4,37,2345.7999999999997,10.899999999999977
2,302.9,311.0,1556,36.5,44,1606.0,8.100000000000023
2,298.7,310.1,1549,42.5,61,2592.5,11.400000000000034
0,300.2,309.3,1506,35.6,63,2242.8,9.100000000000023
1,300.4,309.7,1534,42.5,127,5397.5,9.300000000000011
2,297.4,307.9,1627,34.3,166,5693.799999999999,10.5
1,295.6,306.2,1446,49.9,133,6636.7,10.599999999999966
2,297.3,308.2,1452,38.2,44,1680.8000000000002,10.899999999999977
1,303.0,311.2,1361,47.6,106,5045.6,8.199999999999989
0,297.4,308.7,1623,33.8,127,4292.599999999999,11.300000000000011
0,301.5,310.7,1394,46.7,130,6071.0,9.199999999999989
1,301.4,310.7,1989,21.8,19,414.2,9.300000000000011
0,300.6,310.4,1479,35.6,150,5340.0,9.799999999999955
1,301.6,310.8,1355,57.8,195,11271.0,9.199999999999989
1,298.4,307.9,2381,14.2,164,2328.7999999999997,9.5
1,300.0,309.5,1675,30.2,11,332.2,9.5
0,298.1,309.5,1530,40.2,65,2613.0,11.399999999999977
2,303.5,312.7,2116,16.7,45,751.5,9.199999999999989
0,296.8,308.0,1453,51.0,24,1224.0,11.199999999999989
2,298.2,309.1,1651,28.8,186,5356.8,10.900000000000034
1,303.7,312.3,1606,37.4,103,3852.2,8.600000000000023
0,298.0,307.8,1314,47.8,19,908.1999999999999,9.800000000000011
1,297.4,308.3,1548,46.6,7,326.2,10.900000000000034
0,297.8,308.9,1650,32.2,195,6279.000000000001,11.099999999999966
1,298.5,308.1,1564,31.1,34,1057.4,9.600000000000023
0,301.0,311.0,1640,37.6,118,4436.8,10.0
1,301.1,310.5,1532,37.5,119,4462.5,9.399999999999977
1,299.8,311.1,1466,46.1,58,2673.8,11.300000000000011
1,302.4,310.2,1503,36.2,166,6009.200000000001,7.800000000000011
1,299.7,309.2,1645,30.8,137,4219.6,9.5
2,301.0,310.9,1359,53.4,180,9612.0,9.899999999999977
1,298.9,308.6,1481,40.7,124,5046.8,9.700000000000045
1,296.3,307.2,1291,58.6,29,1699.4,10.899999999999977
1,304.1,313.6,1611,31.4,144,4521.599999999999,9.5
1,299.2,308.8,1542,39.2,179,7016.8,9.600000000000023
0,299.0,310.5,1336,56.8,136,7724.799999999999,11.5
1,300.7,311.1,1426,46.2,97,4481.400000000001,10.400000000000034
2,297.5,308.6,1429,50.5,129,6514.5,11.100000000000023
1,300.4,309.7,1314,50.2,179,8985.800000000001,9.300000000000011
1,298.8,309.8,1895,22.0,134,2948.0,11.0
2,300.2,311.7,1597,39.5,68,2686.0,11.5
2,301.4,311.0,1427,43.2,13,561.6,9.600000000000023
2,298.0,308.2,1466,42.6,2,85.2,10.199999999999989
1,302.4,311.8,1320,56.4,100,5640.0,9.400000000000034
2,302.7,310.5,1880,22.7,207,4698.9,7.800000000000011
2,299.9,309.2,1574,36.5,177,6460.5,9.300000000000011
2,301.8,311.1,1647,31.6,6,189.60000000000002,9.300000000000011
1,298.5,309.4,1360,60.9,187,11388.3,10.899999999999977
1,298.2,308.9,1332,44.4,100,4440.0,10.699999999999989
0,300.5,311.6,1351,53.5,78,4173.0,11.100000000000023
0,298.6,309.5,1523,34.2,119,4069.8,10.899999999999977
1,302.3,311.4,1511,34.7,75,2602.5,9.099999999999966
0,297.7,308.9,1479,40.9,87,3558.2999999999997,11.199999999999989
2,300.5,309.8,1566,35.9,204,7323.599999999999,9.300000000000011
1,301.7,310.9,1705,31.2,146,4555.2,9.199999999999989
1,297.6,308.6,1553,40.5,135,5467.5,11.0
1,299.8,309.4,1475,43.4,51,2213.4,9.599999999999966
1,301.4,310.7,1673,27.8,181,5031.8,9.300000000000011
1,299.1,308.2,1409,46.4,12,556.8,9.099999999999966
1,299.7,310.6,1675,31.3,129,4037.7000000000003,10.900000000000034
1,302.0,310.0,1664,28.6,190,5434.0,8.0
1,299.0,310.3,1507,36.7,173,6349.1,11.300000000000011
2,297.5,308.7,1363,53.6,194,10398.4,11.199999999999989
1,300.7,310.6,1491,43.2,187,8078.400000000001,9.900000000000034
2,296.7,307.8,1286,60.5,0,0.0,11.100000000000023
1,296.6,307.4,1436,42.8,156,6676.799999999999,10.799999999999955
1,297.4,308.6,1635,30.5,159,4849.5,11.200000000000045
1,302.6,311.6,1953,22.4,180,4031.9999999999995,9.0
1,298.5,308.8,1305,58.7,26,1526.2,10.300000000000011
1,296.2,306.8,1655,31.1,136,4229.6,10.600000000000023
1,298.8,309.8,1508,36.3,69,2504.7,11.0
2,302.1,310.0,1355,45.1,6,270.6,7.899999999999977
2,298.1,309.1,1448,52.5,150,7875.0,11.0
1,299.4,310.6,1348,54.5,22,1199.0,11.200000000000045
1,301.3,310.3,1400,44.3,47,2082.1,9.0
2,303.1,311.2,1489,44.5,27,1201.5,8.099999999999966
2,300.1,311.1,1616,35.2,183,6441.6,11.0
2,297.4,308.2,1536,34.6,4,138.4,10.800000000000011
1,297.2,308.1,1446,38.5,164,6314.0,10.900000000000034
2,297.4,309.3,1499,36.8,88,3238.3999999999996,11.900000000000034
1,301.7,311.0,1343,49.2,25,1230.0,9.300000000000011
2,302.5,312.0,1591,29.4,192,5644.799999999999,9.5
2,298.5,308.2,1564,37.5,15,562.5,9.699999999999989
1,299.2,310.7,1535,42.6,17,724.2,11.5
0,300.6,311.9,1604,30.5,45,1372.5,11.299999999999955
2,297.2,308.3,1604,39.4,9,354.59999999999997,11.100000000000023
1,300.2,311.6,1446,47.3,66,3121.7999999999997,11.400000000000034
1,300.6,310.1,1656,32.7,44,1438.8000000000002,9.5
2,300.1,310.5,1329,57.4,99,5682.599999999999,10.399999999999977
1,303.8,312.7,1596,36.6,134,4904.400000000001,8.899999999999977
1,299.2,308.4,1445,43.5,224,9744.0,9.199999999999989
1,302.4,310.1,1709,31.8,100,3180.0,7.7000000000000455
1,302.6,312.2,1695,27.1,32,867.2,9.599999999999966
2,301.7,310.8,1524,41.3,147,6071.099999999999,9.100000000000023
1,298.9,308.7,1572,34.1,80,2728.0,9.800000000000011
1,298.5,308.3,1458,44.0,44,1936.0,9.800000000000011
1,300.5,309.7,1589,30.5,198,6039.0,9.199999999999989
2,302.0,309.7,1386,62.7,142,8903.4,7.699999999999989
0,298.4,309.4,1512,35.3,51,1800.3,11.0
2,298.2,308.0,1591,33.7,32,1078.4,9.800000000000011
1,302.1,311.4,1889,22.7,194,4403.8,9.299999999999955
0,298.3,309.6,1546,36.2,177,6407.400000000001,11.300000000000011
2,301.2,310.6,1576,39.6,109,4316.400000000001,9.400000000000034
1,299.3,308.5,1485,44.7,78,3486.6000000000004,9.199999999999989
0,296.9,307.7,1656,30.8,181,5574.8,10.800000000000011
1,296.7,308.0,1535,36.8,210,7727.999999999999,11.300000000000011
1,304.1,313.3,1415,50.0,184,9200.0,9.199999999999989
0,299.8,309.5,1420,46.7,136,6351.200000000001,9.699999999999989
1,302.7,310.5,1520,39.3,73,2868.8999999999996,7.800000000000011
1,300.4,311.8,2261,14.9,5,74.5,11.400000000000034
1,296.7,307.8,1382,47.5,37,1757.5,11.100000000000023
1,297.9,309.1,1543,36.6,20,732.0,11.200000000000045
2,297.1,308.1,1823,24.3,219,5321.7,11.0
1,302.6,310.5,1461,45.4,0,0.0,7.899999999999977
1,297.1,308.4,1543,39.6,205,8118.0,11.299999999999955
1,297.8,309.8,1533,36.8,198,7286.4,12.0
1,301.4,310.6,1648,30.7,90,2763.0,9.200000000000045
1,299.8,310.0,1697,36.0,175,6300.0,10.199999999999989
1,301.1,311.1,1889,23.8,170,4046.0,10.0
1,303.9,313.2,1540,44.4,119,5283.599999999999,9.300000000000011
0,299.9,309.2,1525,33.2,0,0.0,9.300000000000011
2,300.5,311.3,1507,43.4,41,1779.3999999999999,10.800000000000011
1,297.0,308.3,1492,48.1,137,6589.7,11.300000000000011
1,297.1,308.4,1422,42.1,148,6230.8,11.299999999999955
1,299.4,308.7,1553,42.7,128,5465.6,9.300000000000011
2,300.1,309.2,1732,33.7,218,7346.6,9.099999999999966
2,300.3,309.5,1320,62.2,142,8832.4,9.199999999999989
2,301.0,311.2,1394,41.3,16,660.8,10.199999999999989
1,298.2,308.3,1230,59.6,162,9655.2,10.100000000000023
1,298.1,309.0,1787,27.6,47,1297.2,10.899999999999977
1,301.4,310.8,1680,31.4,185,5809.0,9.400000000000034
0,300.5,310.6,1378,51.5,166,8549.0,10.100000000000023
1,297.2,308.6,1917,24.1,54,1301.4,11.400000000000034
2,302.1,311.4,1419,36.2,47,1701.4,9.299999999999955
2,298.9,310.1,1513,41.5,80,3320.0,11.200000000000045
1,297.6,309.5,1373,50.6,55,2783.0,11.899999999999977
2,298.1,307.7,1435,40.9,147,6012.3,9.599999999999966
2,300.5,309.3,1539,39.1,216,8445.6,8.800000000000011
1,299.8,309.5,1476,44.4,14,621.6,9.699999999999989
2,300.5,311.4,2072,18.8,75,1410.0,10.899999999999977
1,297.7,308.8,1354,50.2,103,5170.6,11.100000000000023
1,298.0,307.5,1792,27.9,217,6054.299999999999,9.5
2,299.4,308.6,1455,42.7,183,7814.1,9.200000000000045
2,300.9,310.8,1695,30.2,188,5677.599999999999,9.900000000000034
2,296.1,306.9,1951,23.3,38,885.4,10.799999999999955
1,297.2,307.9,1469,48.2,144,6940.8,10.699999999999989
0,302.6,310.2,1873,21.3,87,1853.1000000000001,7.599999999999966
0,302.6,311.7,1471,48.3,25,1207.5,9.099999999999966
1,300.2,309.2,1430,43.4,24,1041.6,9.0
1,300.8,312.6,1422,50.0,117,5850.0,11.800000000000011
0,296.9,307.8,1549,35.8,206,7374.799999999999,10.900000000000034
2,296.7,307.4,1540,38.7,45,1741.5000000000002,10.699999999999989
1,299.6,309.5,1570,35.5,189,6709.5,9.899999999999977
1,300.2,311.8,1379,51.0,46,2346.0,11.600000000000023
1,299.0,308.8,1495,38.4,75,2880.0,9.800000000000011
2,298.0,307.9,1750,26.6,67,1782.2,9.899999999999977
1,300.4,309.6,1536,34.5,154,5313.0,9.200000000000045
2,301.6,310.9,1575,40.1,139,5573.900000000001,9.299999999999955
1,301.3,310.5,1406,47.1,83,3909.3,9.199999999999989
1,298.6,309.2,1542,48.4,42,2032.8,10.599999999999966
1,298.2,309.0,1377,57.8,8,462.4,10.800000000000011
2,298.5,308.0,1713,25.8,154,3973.2000000000003,9.5
1,297.3,308.0,1420,46.5,73,3394.5,10.699999999999989
1,303.9,313.1,1639,29.0,95,2755.0,9.200000000000045
1,298.3,308.3,1597,32.4,69,2235.6,10.0
1,302.3,311.8,1369,56.2,208,11689.6,9.5
0,302.6,310.4,1409,53.3,52,2771.6,7.7999999999999545
1,296.9,308.0,1343,44.5,15,667.5,11.100000000000023
1,295.6,306.2,1569,35.1,140,4914.0,10.599999999999966
2,299.3,309.1,1385,45.6,34,1550.4,9.800000000000011
1,300.1,311.4,1446,40.6,147,5968.2,11.299999999999955
1,299.6,310.6,1642,35.1,149,5229.900000000001,11.0
1,300.8,310.4,1570,35.2,23,809.6,9.599999999999966
2,303.0,312.4,1645,29.6,129,3818.4,9.399999999999977
1,300.8,309.7,1461,44.3,158,6999.4,8.899999999999977
2,300.9,310.8,1988,19.7,136,2679.2,9.900000000000034
1,297.0,307.7,1867,22.8,118,2690.4,10.699999999999989
1,300.4,309.5,1349,50.4,30,1512.0,9.100000000000023
1,298.7,310.1,1401,45.3,67,3035.1,11.400000000000034
1,298.8,309.0,1829,22.9,172,3938.7999999999997,10.199999999999989
2,298.3,309.0,1802,27.5,71,1952.5,10.699999999999989
2,301.3,310.7,1300,58.3,92,5363.599999999999,9.399999999999977
1,301.2,310.9,1467,37.1,153,5676.3,9.699999999999989
0,301.9,311.0,1291,63.6,137,8713.2,9.100000000000023
1,300.5,309.5,1653,27.6,62,1711.2,9.0
2,297.7,308.9,1327,63.7,21,1337.7,11.199999999999989
1,300.6,310.5,1642,29.9,100,2990.0,9.899999999999977
0,299.1,310.0,1657,33.1,187,6189.7,10.899999999999977
1,298.1,308.4,1335,40.2,109,4381.8,10.299999999999955
2,302.1,311.1,1423,36.8,80,2944.0,9.0
2,297.8,308.4,1479,43.5,143,6220.5,10.599999999999966
1,300.7,309.6,1329,54.3,80,4344.0,8.900000000000034
2,300.9,310.7,1696,27.3,76,2074.8,9.800000000000011
1,299.0,310.5,1755,27.9,56,1562.3999999999999,11.5
1,296.5,307.5,1340,59.1,89,5259.900000000001,11.0
2,303.5,313.0,1902,21.6,60,1296.0,9.5
1,302.3,311.8,1487,43.2,206,8899.2,9.5
2,300.3,311.7,1236,57.5,12,690.0,11.399999999999977
1,298.0,308.1,1877,24.3,0,0.0,10.100000000000023
1,304.3,313.5,2643,12.7,21,266.7,9.199999999999989
1,301.5,310.9,1671,31.1,170,5287.0,9.399999999999977
0,301.1,311.1,1618,29.5,160,4720.0,10.0
2,298.5,309.6,1364,58.7,123,7220.1,11.100000000000023
2,298.2,307.8,1578,34.5,127,4381.5,9.600000000000023
2,303.4,311.8,1515,42.6,204,8690.4,8.400000000000034
2,298.0,308.7,1614,30.7,106,3254.2,10.699999999999989
1,300.6,310.1,1495,42.3,132,5583.599999999999,9.5
1,301.3,310.7,1608,31.4,86,2700.4,9.399999999999977
1,301.4,310.7,1376,50.6,25,1265.0,9.300000000000011
1,297.4,308.3,1571,37.7,162,6107.400000000001,10.900000000000034
1,297.0,307.8,1521,40.2,190,7638.000000000001,10.800000000000011
1,297.7,309.4,1392,44.1,140,6174.0,11.699999999999989
1,299.1,310.1,1336,61.3,94,5762.2,11.0
2,299.1,310.1,1649,31.6,41,1295.6000000000001,11.0
1,303.4,312.3,1502,36.0,69,2484.0,8.900000000000034
1,297.3,308.2,1446,53.5,7,374.5,10.899999999999977
2,301.4,310.5,1217,60.6,103,6241.8,9.100000000000023
2,296.1,307.1,1433,38.5,14,539.0,11.0
2,298.1,308.9,1323,51.7,88,4549.6,10.799999999999955
1,302.5,311.5,1677,29.2,49,1430.8,9.0
2,298.6,310.0,1512,37.5,27,1012.5,11.399999999999977
1,300.3,311.4,1346,51.1,147,7511.7,11.099999999999966
2,298.9,308.5,1456,50.0,156,7800.0,9.600000000000023
1,299.7,311.1,1554,41.0,192,7872.0,11.400000000000034
2,300.2,309.4,1456,48.8,205,10004.0,9.199999999999989
2,297.4,308.9,1376,39.0,181,7059.0,11.5
1,300.6,309.7,1639,30.4,121,3678.3999999999996,9.099999999999966
1,297.5,308.7,1456,44.7,29,1296.3000000000002,11.199999999999989
0,297.3,308.7,1438,46.2,16,739.2,11.399999999999977
1,302.3,310.9,1379,49.3,34,1676.1999999999998,8.599999999999966
2,295.5,306.0,1641,36.6,21,768.6,10.5
1,301.5,311.1,1602,34.3,100,3429.9999999999995,9.600000000000023
0,303.0,312.2,1624,28.8,117,3369.6,9.199999999999989
1,299.1,310.5,1437,43.1,40,1724.0,11.399999999999977
1,299.5,310.7,1589,33.5,5,167.5,11.199999999999989
1,299.4,308.7,1525,39.0,90,3510.0,9.300000000000011
1,297.8,307.8,1452,39.8,21,835.8,10.0
2,301.7,310.6,1505,44.5,146,6497.0,8.900000000000034
2,301.0,311.6,1454,40.0,140,5600.0,10.600000000000023
1,298.4,309.2,2118,17.7,210,3717.0,10.800000000000011
2,297.7,308.9,1681,28.3,116,3282.8,11.199999999999989
1,302.4,310.2,1445,46.4,125,5800.0,7.800000000000011
2,299.9,310.0,1484,42.1,182,7662.2,10.100000000000023
0,298.4,309.3,1984,19.2,132,2534.4,10.900000000000034
1,299.2,308.4,1402,47.7,24,1144.8000000000002,9.199999999999989
2,300.1,311.3,1518,40.2,130,5226.0,11.199999999999989
1,300.8,312.4,1493,39.1,79,3088.9,11.599999999999966
1,296.6,308.0,1978,22.3,208,4638.400000000001,11.399999999999977
1,301.4,310.4,1579,36.9,133,4907.7,9.0
2,302.8,312.2,1452,50.3,60,3018.0,9.399999999999977
1,299.5,308.9,1520,38.3,122,4672.599999999999,9.399999999999977
2,298.0,308.0,1620,29.4,75,2205.0,10.0
1,300.6,310.2,1648,31.7,46,1458.2,9.599999999999966
1,297.4,308.5,1569,34.2,72,2462.4,11.100000000000023
1,301.5,310.8,1500,41.0,118,4838.0,9.300000000000011
1,303.4,311.8,1499,45.0,16,720.0,8.400000000000034
2,297.6,308.7,1392,41.2,178,7333.6,11.099999999999966
1,300.5,311.9,1403,45.7,54,2467.8,11.399999999999977
2,298.7,309.2,1423,48.9,187,9144.3,10.5
0,302.5,310.9,1356,55.5,101,5605.5,8.399999999999977
0,300.2,311.4,1506,36.1,141,5090.1,11.199999999999989
1,303.8,313.1,2497,13.0,5,65.0,9.300000000000011
1,301.8,310.0,1493,40.3,185,7455.499999999999,8.199999999999989
1,297.5,308.2,1419,48.5,108,5238.0,10.699999999999989
1,302.0,309.8,1649,31.0,152,4712.0,7.800000000000011
2,298.6,309.1,1339,51.1,34,1737.4,10.5
1,297.6,308.1,1437,46.3,149,6898.7,10.5
2,300.4,309.2,1528,37.2,228,8481.6,8.800000000000011
1,296.8,308.0,1584,40.4,227,9170.8,11.199999999999989
2,298.8,310.1,1585,31.3,147,4601.1,11.300000000000011
1,300.0,309.6,1618,28.7,53,1521.1,9.600000000000023
1,297.3,307.9,1417,41.8,186,7774.799999999999,10.599999999999966
0,300.3,309.9,1509,46.6,125,5825.0,9.599999999999966
1,297.6,308.6,2384,14.4,171,2462.4,11.0
2,303.8,312.7,1555,33.4,128,4275.2,8.899999999999977
0,299.0,308.7,1940,19.9,98,1950.1999999999998,9.699999999999989
2,301.2,310.1,1558,32.6,34,1108.4,8.900000000000034
2,300.8,310.3,1458,43.4,0,0.0,9.5
1,303.5,312.3,1584,35.2,74,2604.8,8.800000000000011
2,299.1,308.9,1325,48.4,220,10648.0,9.799999999999955
1,299.9,310.2,1479,46.3,173,8009.9,10.300000000000011
1,301.9,310.7,1429,51.0,76,3876.0,8.800000000000011
1,298.8,309.7,1609,40.4,169,6827.599999999999,10.899999999999977
1,301.9,311.2,1435,44.2,16,707.2,9.300000000000011
2,303.0,311.0,1409,41.7,120,5004.0,8.0
2,300.0,309.6,1491,42.0,29,1218.0,9.600000000000023
2,302.7,312.0,1944,21.4,71,1519.3999999999999,9.300000000000011
1,298.4,309.1,1362,46.1,37,1705.7,10.700000000000045
1,301.1,311.3,1498,37.6,11,413.6,10.199999999999989
1,298.2,308.8,1362,57.3,28,1604.3999999999999,10.600000000000023
1,302.3,311.4,1434,40.3,133,5359.9,9.099999999999966
1,296.9,307.8,1653,29.7,137,4068.9,10.900000000000034
1,298.7,309.8,1181,65.9,203,13377.7,11.100000000000023
1,300.1,311.5,1499,43.4,65,2821.0,11.399999999999977
1,299.6,310.9,1487,42.5,164,6970.0,11.299999999999955
1,296.9,307.6,1452,45.7,122,5575.400000000001,10.700000000000045
2,304.2,313.5,1390,47.8,83,3967.3999999999996,9.300000000000011
2,297.4,307.9,1338,48.5,158,7663.0,10.5
2,301.3,310.8,1418,45.4,59,2678.6,9.5
2,304.0,313.4,1389,45.8,123,5633.4,9.399999999999977
2,297.7,308.2,1370,53.4,162,8650.8,10.5
2,299.2,308.8,1700,33.5,185,6197.5,9.600000000000023
2,300.9,311.3,1603,31.8,190,6042.0,10.400000000000034
1,298.1,308.2,1482,37.9,17,644.3,10.099999999999966
1,300.8,311.0,1578,44.4,86,3818.4,10.199999999999989
2,303.4,312.2,1972,23.5,59,1386.5,8.800000000000011
1,298.2,308.3,1400,48.7,194,9447.800000000001,10.100000000000023
1,300.9,311.2,1789,25.5,114,2907.0,10.300000000000011
2,296.4,307.2,2071,19.4,183,3550.2,10.800000000000011
1,302.9,312.3,1515,40.8,183,7466.4,9.400000000000034
2,300.5,311.7,1269,64.0,87,5568.0,11.199999999999989
0,302.2,311.3,1758,26.4,4,105.6,9.100000000000023
2,303.3,312.6,1482,44.4,73,3241.2,9.300000000000011
1,297.5,308.3,1388,48.6,27,1312.2,10.800000000000011
1,299.5,309.4,1390,58.8,195,11466.0,9.899999999999977
1,298.3,309.4,1546,36.1,94,3393.4,11.099999999999966
2,301.7,311.1,1506,39.5,158,6241.0,9.400000000000034
0,301.6,311.2,1395,46.8,95,4446.0,9.599999999999966
1,296.8,307.6,1434,48.3,138,6665.4,10.800000000000011
1,299.6,309.2,1450,43.1,160,6896.0,9.599999999999966
2,300.7,310.6,1439,41.7,184,7672.8,9.900000000000034
1,301.0,310.9,1450,45.9,35,1606.5,9.899999999999977
1,303.3,311.4,1497,46.0,234,10764.0,8.099999999999966
1,298.9,308.7,1564,34.1,99,3375.9,9.800000000000011
1,296.8,307.8,1373,42.9,74,3174.6,11.0
1,302.9,312.5,1683,32.1,85,2728.5,9.600000000000023
2,298.5,308.8,1557,36.0,21,756.0,10.300000000000011
0,303.0,312.5,1507,37.9,163,6177.7,9.5
1,298.9,308.5,1580,39.1,119,4652.900000000001,9.600000000000023
2,300.6,309.6,1503,38.4,68,2611.2,9.0
2,299.3,310.6,1609,31.4,99,3108.6,11.300000000000011
1,303.7,312.5,1670,26.1,139,3627.9,8.800000000000011
1,298.8,310.1,1607,39.5,105,4147.5,11.300000000000011
1,297.4,308.4,1588,32.5,207,6727.5,11.0
2,298.3,308.0,1463,42.5,190,8075.0,9.699999999999989
2,299.1,308.6,1441,36.2,169,6117.8,9.5
2,300.4,309.9,1415,31.8,192,6105.6,9.5
1,299.1,310.1,1373,55.6,108,6004.8,11.0
1,300.7,310.7,1333,61.0,177,10797.0,10.0
1,299.5,309.3,1520,42.3,149,6302.7,9.800000000000011
2,300.8,310.2,1304,52.5,157,8242.5,9.399999999999977
1,300.5,312.0,1558,36.7,113,4147.1,11.5
1,304.1,313.1,1666,34.6,33,1141.8,9.0
1,299.1,310.0,1367,56.3,203,11428.9,10.899999999999977
1,300.6,310.4,1608,39.2,221,8663.2,9.799999999999955
2,300.1,310.3,1350,48.8,50,2440.0,10.199999999999989
2,298.6,309.7,1314,49.7,136,6759.200000000001,11.099999999999966
2,301.8,311.0,1839,23.6,30,708.0,9.199999999999989
0,297.9,307.4,1604,36.1,225,8122.5,9.5
2,297.2,308.6,1513,39.0,78,3042.0,11.400000000000034
1,297.4,308.4,1378,39.9,63,2513.7,11.0
1,298.5,309.8,1593,35.1,203,7125.3,11.300000000000011
1,303.7,312.7,1540,44.8,196,8780.8,9.0
1,303.7,312.5,1397,45.7,187,8545.9,8.800000000000011
1,300.9,310.7,1573,31.2,2,62.4,9.800000000000011
1,303.6,312.2,1696,30.7,5,153.5,8.599999999999966
1,301.7,311.3,1708,30.5,77,2348.5,9.600000000000023
2,301.6,310.6,1599,36.1,208,7508.8,9.0
1,302.1,311.4,1446,39.7,95,3771.5000000000005,9.299999999999955
1,302.7,311.1,1730,28.1,135,3793.5,8.400000000000034
2,298.4,310.1,1335,57.8,96,5548.799999999999,11.700000000000045
0,301.6,309.9,1423,53.6,95,5092.0,8.299999999999955
2,304.1,313.3,1680,29.3,158,4629.400000000001,9.199999999999989
1,297.8,308.4,2129,19.2,148,2841.6,10.599999999999966
2,297.0,308.1,1355,51.4,76,3906.4,11.100000000000023
1,298.7,309.6,1665,31.1,178,5535.8,10.900000000000034
1,300.7,311.0,1336,53.3,68,3624.3999999999996,10.300000000000011
2,303.9,313.2,1630,29.3,104,3047.2000000000003,9.300000000000011
0,303.0,312.4,1627,37.1,168,6232.8,9.399999999999977
1,303.5,312.7,1393,49.3,82,4042.6,9.199999999999989
1,297.4,308.5,1496,36.4,126,4586.4,11.100000000000023
1,302.2,311.7,1556,38.6,145,5597.0,9.5
1,303.7,312.3,1375,46.2,98,4527.6,8.600000000000023
1,303.5,311.9,1405,45.6,10,456.0,8.399999999999977
1,298.3,307.9,1766,26.5,145,3842.5,9.599999999999966
2,301.8,310.9,1881,20.9,23,480.7,9.099999999999966
2,298.1,309.3,1752,25.2,77,1940.3999999999999,11.199999999999989
1,304.0,313.2,1584,38.7,104,4024.8,9.199999999999989
2,300.5,310.6,1621,32.0,184,5888.0,10.100000000000023
1,300.4,311.2,1472,37.3,187,6975.099999999999,10.800000000000011
1,301.3,311.3,1474,50.7,10,507.0,10.0
2,303.0,311.2,1519,38.0,139,5282.0,8.199999999999989
1,300.5,310.5,1564,38.2,199,7601.8,10.0
1,303.9,313.0,1480,39.9,176,7022.4,9.100000000000023
0,298.6,308.8,1566,39.1,36,1407.6000000000001,10.199999999999989
1,303.0,311.2,1341,51.0,174,8874.0,8.199999999999989
1,302.0,310.0,1449,48.8,181,8832.8,8.0
1,302.9,312.2,1340,57.8,90,5202.0,9.300000000000011
1,297.2,308.3,1693,28.0,188,5264.0,11.100000000000023
1,302.3,311.0,1329,51.5,154,7931.0,8.699999999999989
2,300.9,311.4,1532,41.5,126,5229.0,10.5
0,296.4,307.4,1586,35.5,0,0.0,11.0
1,303.1,311.3,1657,31.8,217,6900.6,8.199999999999989
2,300.6,310.0,1302,62.9,87,5472.3,9.399999999999977
1,297.3,308.4,1488,37.4,69,2580.6,11.099999999999966
1,299.0,310.2,1377,62.5,92,5750.0,11.199999999999989
1,300.4,311.8,1272,59.2,198,11721.6,11.400000000000034
2,300.6,310.7,1457,36.7,193,7083.1,10.099999999999966
2,300.8,310.7,1386,42.1,170,7157.0,9.899999999999977
1,300.2,310.2,1440,42.9,191,8193.9,10.0
2,298.6,310.0,1681,35.5,44,1562.0,11.399999999999977
1,300.1,309.8,1506,35.2,21,739.2,9.699999999999989
1,301.9,310.9,1597,36.9,50,1845.0,9.0
1,302.9,311.1,1556,45.3,135,6115.5,8.200000000000045
1,299.9,309.8,1477,47.7,112,5342.400000000001,9.900000000000034
2,299.2,308.5,1594,35.8,160,5728.0,9.300000000000011
0,295.6,306.2,1414,42.5,69,2932.5,10.599999999999966
1,302.1,310.7,1325,45.1,208,9380.800000000001,8.599999999999966
2,296.8,308.1,1843,24.2,212,5130.4,11.300000000000011
2,298.2,309.0,1723,26.6,168,4468.8,10.800000000000011
1,302.1,311.4,1391,49.2,52,2558.4,9.299999999999955
1,296.5,307.4,1292,52.5,62,3255.0,10.899999999999977
1,302.5,311.9,1401,44.9,203,9114.699999999999,9.399999999999977
1,300.5,311.4,1709,32.3,64,2067.2,10.899999999999977
2,302.3,310.9,1523,43.2,210,9072.0,8.599999999999966
2,297.4,308.5,1497,36.4,56,2038.3999999999999,11.100000000000023
2,304.2,313.2,1380,48.7,17,827.9000000000001,9.0
2,298.1,308.6,1716,30.7,119,3653.2999999999997,10.5
2,297.5,308.0,1430,44.5,178,7921.0,10.5
2,298.7,308.3,1349,46.6,74,3448.4,9.600000000000023
1,302.4,311.6,1622,35.0,68,2380.0,9.200000000000045
1,297.8,307.2,1880,23.0,176,4048.0,9.399999999999977
1,298.8,309.7,1582,45.0,11,495.0,10.899999999999977
2,301.0,312.2,1499,41.5,140,5810.0,11.199999999999989
1,299.5,309.3,1333,54.1,147,7952.7,9.800000000000011
2,303.3,311.8,1548,33.5,75,2512.5,8.5
0,300.5,311.2,1397,45.2,2,90.4,10.699999999999989
2,300.1,309.2,1385,46.1,120,5532.0,9.099999999999966
1,300.4,310.1,1544,41.9,184,7709.599999999999,9.700000000000045
2,299.4,309.1,1500,43.3,10,433.0,9.700000000000045
1,302.2,311.8,1981,21.8,36,784.8000000000001,9.600000000000023
1,296.3,307.1,1662,32.9,190,6251.0,10.800000000000011
1,301.3,310.9,1760,23.9,76,1816.3999999999999,9.599999999999966
0,301.5,310.7,1790,26.2,8,209.6,9.199999999999989
1,302.4,311.0,1338,67.6,194,13114.4,8.600000000000023
1,298.1,307.5,1684,33.1,200,6620.0,9.399999999999977
1,299.4,309.2,1444,48.2,24,1156.8000000000002,9.800000000000011
1,299.2,309.1,1387,48.7,4,194.8,9.900000000000034
2,302.3,311.5,1445,44.8,65,2912.0,9.199999999999989
1,300.1,309.6,1541,37.0,96,3552.0,9.5
1,301.5,310.1,1639,33.4,47,1569.8,8.600000000000023
1,302.1,311.2,1492,45.0,162,7290.0,9.099999999999966
1,301.5,310.6,1578,34.1,120,4092.0,9.100000000000023
1,302.1,311.3,1521,31.5,202,6363.0,9.199999999999989
2,300.2,311.6,1533,46.4,24,1113.6,11.400000000000034
1,299.2,310.2,1697,30.6,12,367.20000000000005,11.0
2,301.3,310.4,1577,48.3,78,3767.3999999999996,9.099999999999966
0,300.5,309.9,1397,45.9,210,9639.0,9.399999999999977
0,300.7,312.2,1335,49.0,62,3038.0,11.5
2,302.3,311.7,1535,38.3,5,191.5,9.399999999999977
1,301.6,310.9,1559,40.2,191,7678.200000000001,9.299999999999955
1,298.2,309.1,1467,44.5,80,3560.0,10.900000000000034
1,298.9,308.8,1529,32.7,53,1733.1000000000001,9.900000000000034
2,297.8,308.3,1567,35.6,131,4663.6,10.5
2,295.5,305.9,1518,44.1,194,8555.4,10.399999999999977
2,300.6,311.6,1630,31.8,52,1653.6000000000001,11.0
1,299.6,309.5,1453,41.4,168,6955.2,9.899999999999977
0,299.9,309.6,1410,51.2,98,5017.6,9.700000000000045
1,298.8,309.9,1482,39.1,45,1759.5,11.099999999999966
1,301.5,310.6,1519,40.7,208,8465.6,9.100000000000023
1,300.2,309.4,1981,21.4,44,941.5999999999999,9.199999999999989
0,298.5,309.3,1421,50.3,124,6237.2,10.800000000000011
1,299.8,309.4,2256,15.9,201,3195.9,9.599999999999966
2,303.8,312.5,1366,45.1,143,6449.3,8.699999999999989
2,299.9,310.5,1576,39.4,183,7210.2,10.600000000000023
1,297.1,308.4,1550,37.0,167,6179.0,11.299999999999955
1,302.0,310.9,1378,53.1,212,11257.2,8.899999999999977
1,298.0,308.2,1459,42.1,146,6146.6,10.199999999999989
2,301.2,311.0,1424,41.4,131,5423.4,9.800000000000011
1,296.4,307.4,1403,48.4,70,3388.0,11.0
1,299.1,309.8,1398,55.4,217,12021.8,10.699999999999989
2,300.6,309.4,1521,37.2,90,3348.0000000000005,8.799999999999955
2,301.3,311.0,1410,52.7,161,8484.7,9.699999999999989
2,304.2,313.5,1532,41.3,161,6649.299999999999,9.300000000000011
1,300.8,310.6,1416,42.2,225,9495.0,9.800000000000011
1,300.7,312.4,1590,37.9,98,3714.2,11.699999999999989
1,300.6,309.4,1468,44.1,76,3351.6,8.799999999999955
0,303.5,312.3,1386,49.0,35,1715.0,8.800000000000011
0,299.9,311.2,1495,35.8,175,6264.999999999999,11.300000000000011
2,299.0,309.4,1561,37.3,70,2611.0,10.399999999999977
2,297.1,308.4,1588,33.4,204,6813.599999999999,11.299999999999955
1,298.7,309.6,1502,46.7,198,9246.6,10.900000000000034
1,302.3,311.3,1324,47.8,131,6261.799999999999,9.0
0,297.9,308.9,1416,39.6,45,1782.0,11.0
2,298.5,309.6,1492,41.7,100,4170.0,11.100000000000023
1,297.5,309.4,1318,58.2,146,8497.2,11.899999999999977
2,299.4,309.9,1567,40.6,87,3532.2000000000003,10.5
1,298.8,308.6,1680,29.4,95,2793.0,9.800000000000011
1,297.1,308.5,1712,32.1,48,1540.8000000000002,11.399999999999977
1,297.2,308.7,1509,39.3,66,2593.7999999999997,11.5
2,297.7,308.5,1559,35.2,127,4470.400000000001,10.800000000000011
1,297.0,307.9,1635,31.6,147,4645.2,10.899999999999977
1,299.2,308.7,1650,30.5,93,2836.5,9.5
1,303.5,312.4,1284,70.6,94,6636.4,8.899999999999977
2,303.1,312.4,1378,50.1,104,5210.400000000001,9.299999999999955
1,297.7,308.7,1829,24.9,17,423.29999999999995,11.0
1,302.7,311.5,1494,41.4,149,6168.599999999999,8.800000000000011
1,300.2,309.7,1678,30.5,142,4331.0,9.5
1,301.6,310.6,2103,19.7,12,236.39999999999998,9.0
1,298.4,309.3,1542,35.4,208,7363.2,10.900000000000034
1,298.2,309.3,1355,43.8,142,6219.599999999999,11.100000000000023
0,298.8,309.2,1306,54.5,50,2725.0,10.399999999999977
2,302.5,310.4,1451,53.6,194,10398.4,7.899999999999977
1,300.7,310.8,1475,42.0,147,6174.0,10.100000000000023
1,301.2,311.0,1761,29.1,195,5674.5,9.800000000000011
1,300.5,311.9,1750,28.3,207,5858.1,11.399999999999977
1,300.5,311.6,1744,26.8,94,2519.2000000000003,11.100000000000023
1,299.2,308.4,1580,32.6,142,4629.2,9.199999999999989
1,297.4,308.5,1782,25.9,54,1398.6,11.100000000000023
2,303.7,312.7,1532,42.7,194,8283.800000000001,9.0
2,301.6,310.6,1691,30.1,40,1204.0,9.0
1,303.5,312.4,1503,36.5,191,6971.5,8.899999999999977
2,298.1,308.8,1433,48.2,62,2988.4,10.699999999999989
1,300.2,311.5,1495,38.5,69,2656.5,11.300000000000011
2,299.8,310.0,1460,37.1,169,6269.900000000001,10.199999999999989
2,298.9,309.3,1581,30.7,65,1995.5,10.400000000000034
1,302.6,310.2,1325,62.4,92,5740.8,7.599999999999966
2,296.9,308.0,1409,50.7,43,2180.1,11.100000000000023
2,298.6,310.1,1596,33.0,15,495.0,11.5
0,298.0,307.6,1420,45.8,150,6870.0,9.600000000000023
2,297.3,308.6,1431,53.0,160,8480.0,11.300000000000011
1,299.7,309.2,1478,38.8,199,7721.2,9.5
0,299.7,309.2,1554,41.6,62,2579.2000000000003,9.5
2,299.9,309.1,1513,43.8,188,8234.4,9.200000000000045
2,299.0,310.0,1488,46.3,198,9167.4,11.0
1,298.7,308.5,1544,35.2,159,5596.8,9.800000000000011
1,298.0,308.2,1357,48.2,7,337.40000000000003,10.199999999999989
0,296.4,307.5,1596,35.1,75,2632.5,11.100000000000023
1,299.7,309.6,1321,53.4,166,8864.4,9.900000000000034
2,303.4,311.6,1425,45.4,184,8353.6,8.200000000000045
1,300.7,309.5,1461,49.9,0,0.0,8.800000000000011
2,299.3,308.5,1386,42.2,30,1266.0,9.199999999999989
1,301.5,310.5,1453,44.2,129,5701.8,9.0
0,298.9,309.6,1546,35.3,190,6706.999999999999,10.700000000000045
1,298.9,308.7,1546,43.4,114,4947.599999999999,9.800000000000011
1,304.4,313.6,1585,38.9,9,350.09999999999997,9.200000000000045
1,296.2,307.2,1382,52.0,201,10452.0,11.0
2,300.4,311.4,1355,56.2,122,6856.400000000001,11.0
1,297.4,308.8,1538,41.2,126,5191.200000000001,11.400000000000034
1,300.9,310.4,1536,34.2,45,1539.0000000000002,9.5
1,300.6,309.4,1474,40.7,87,3540.9,8.799999999999955
1,299.0,310.2,1690,30.7,244,7490.8,11.199999999999989
1,296.5,307.6,1512,43.6,92,4011.2000000000003,11.100000000000023
1,300.5,310.4,1761,26.5,12,318.0,9.899999999999977
0,298.2,309.0,1360,56.8,107,6077.599999999999,10.800000000000011
2,298.6,308.2,1488,44.0,43,1892.0,9.599999999999966
1,296.5,307.6,1431,45.2,90,4068.0000000000005,11.100000000000023
2,302.3,311.7,1517,37.6,124,4662.400000000001,9.399999999999977
2,299.5,309.0,1399,49.7,207,10287.900000000001,9.5
1,299.7,309.2,1781,29.6,201,5949.6,9.5
1,302.7,310.5,1351,41.8,10,418.0,7.800000000000011
1,298.0,309.9,1403,47.7,43,2051.1,11.899999999999977
1,303.6,312.4,1388,41.9,221,9259.9,8.799999999999955
1,301.0,310.7,1727,34.5,127,4381.5,9.699999999999989
1,296.1,306.7,1409,42.8,134,5735.2,10.599999999999966
1,302.7,311.1,1440,39.5,146,5767.0,8.400000000000034
0,300.3,311.5,1464,41.0,29,1189.0,11.199999999999989
1,301.7,311.2,1517,42.4,113,4791.2,9.5
1,298.7,309.7,1462,46.8,4,187.2,11.0
